{ "values" : [{"name" : "/SCB/LPHD/VENDOR","value" : "Schneider Electric","quality" : "G"},
    {"name" : "/SCB/LPHD/FGA","value" : "865-0326","quality" : "G"},
    {"name" : "FGA","value" : "865-0326","quality" : "G"},
    {"name" : "/SCB/LPHD/HWREV","value" : "1","quality" : "G"},
    {"name" : "HWREV","value" : "1","quality" : "G"},
    {"name" : "/SCB/LPHD/MODEL","value" : "Combox Pro","quality" : "G"},
    {"name" : "/SCB/LPHD/LOCATION","value" : "home","quality" : "G"},
    {"name" : "/SCB/LPHD/NAME","value" : "Combox Pro","quality" : "G"},
    {"name" : "/SCB/LPHD/OWNER","value" : "Trevor Monk","quality" : "G"},
    {"name" : "/SCB/LPHD/EPSNAME","value" : "","quality" : "G"},
    {"name" : "/SCB/LPHD/PRIMEOPER","value" : "","quality" : "G"},
    {"name" : "/SCB/LPHD/SECONDOPER","value" : "","quality" : "G"},
    {"name" : "/SCB/LPHD/LATITUDE","value" : "49.24946","quality" : "G"},
    {"name" : "/SCB/LPHD/LONGITUDE","value" : "-123.00826","quality" : "G"},
    {"name" : "/SCB/LPHD/ALTITUDE","value" : 23.50000,"quality" : "G"},
    {"name" : "/SCB/LPHD/D","value" : "Combox Pro","quality" : "G"},
    {"name" : "/SCB/LPHD/DOM","value" : "2017-03-27","quality" : "G"},
    {"name" : "DOM","value" : "2017-03-27","quality" : "G"},
    {"name" : "/SCB/LSYS/SOFTWAREID","value" : "151-0480-01-00","quality" : "G"},
    {"name" : "/SCB/LPHD/PRODUCTCODE","value" : "P0123456789123","quality" : "G"},
    {"name" : "/SCB/LPHD/SOFTWARENAME","value" : "Combox Pro","quality" : "G"},
    {"name" : "/SCB/LPHD/SOFTWARECHECKSUM","value" : 0,"quality" : "G"},
    {"name" : "/SCB/LPHD/SERIALNUM","value" : "SESA126462","quality" : "G"},
    {"name" : "SNUM","value" : "SESA126462","quality" : "G"},
    {"name" : "SERIALNUM","value" : "SESA126462","quality" : "G"},
    {"name" : "/SCB/NETWORK/HOSTNAME","value" : "cb-SESA126462","quality" : "G"},
    {"name" : "HOSTNAME","value" : "cb-SESA126462","quality" : "G"},
    {"name" : "/SCB/IOT/DEVICEID","value" : "46f0808e-8220-4edf-8194-882854e91801","quality" : "G"},
    {"name" : "UUID","value" : "46f0808e-8220-4edf-8194-882854e91801","quality" : "G"},
    {"name" : "/SCB/IOT/HOSTNAME","value" : "conext-insight-iot.azure-devices.net","quality" : "G"},
    {"name" : "/SCB/IOT/RESOURCEMANAGER","value" : "","quality" : "G"},
    {"name" : "SW_VER","value" : "v0.16","quality" : "G"},
    {"name" : "SW_BUILD_NUMBER","value" : "45","quality" : "G"},
    {"name" : "SW_BUILD_DATE","value" : "2017-12-15_16-43-24","quality" : "G"},
    {"name" : "TIMEZONE","value" : "America/Los_Angeles","quality" : "G"},
    {"name" : "FRIENDLYNAME","value" : "Trevor's Cool Combox Pro","quality" : "G"},
    {"name" : "WEBPORTAL/CONNECTION_ERROR","value" : 0,"quality" : "G"},
    {"name" : "WEBPORTAL/STATUS","value" : 0,"quality" : "G"},
    {"name" : "WEBPORTAL/LAST_TRANSFER_TIME","value" : "","quality" : "G"},
    {"name" : "WEBPORTAL/SUCCESS_TIME","value" : "","quality" : "G"},
    {"name" : "ETH0/MAC","value" : "00:d0:69:4c:c5:ef","quality" : "G"},
    {"name" : "MAC","value" : "00:d0:69:4c:c5:ef","quality" : "G"},
    {"name" : "ETH0/TCPIP/DHCP_IP","value" : "10.167.90.101","quality" : "G"},
    {"name" : "IP","value" : "10.167.90.101","quality" : "G"},
    {"name" : "TIME/LOCAL_ISO_STR","value" : "2017/12/18 17:45:11","quality" : "G"}],"count" : 45,"responseTime" : 385}
