{ "values" : [{"name" : "/BUS1_CONEXTCL_5/PRODUCT/MODEL","value" : "PVSCL25E100","quality" : "G"},
{"name" : "/BUS1_CONEXTCL_5/BUILD/PROCESSOR_A","value" : "BN01","quality" : "G"},
{"name" : "/BUS1_CONEXTCL_5/BUILD/PROCESSOR_B","value" : "BN03","quality" : "G"},
{"name" : "/BUS1_CONEXTCL_5/BUILD/PROCESSOR_C","value" : "BN05","quality" : "G"},
{"name" : "/BUS1_CONEXTCL_5/SOFTWARE/VER/PROCESSOR_A","value" : "02.05","quality" : "G"},
{"name" : "/BUS1_CONEXTCL_5/SOFTWARE/VER/PROCESSOR_B","value" : "02.08","quality" : "G"},
{"name" : "/BUS1_CONEXTCL_5/SOFTWARE/VER/PROCESSOR_C","value" : "02.10","quality" : "G"},
{"name" : "/BUS1_CONEXTCL_5/ENERGY/TODAY","value" : 8.900001,"quality" : "G"},
{"name" : "/BUS1_CONEXTCL_5/OPERATING/HOURS","value" : 110,"quality" : "G"},
{"name" : "/BUS1_CONEXTCL_5/OPERATIONAL/MODE/STATE","value" : 3,"quality" : "G"},
{"name" : "/BUS1_CONEXTCL_5/TEMP/CONTROL/BOARD","value" : 25.500000,"quality" : "G"},
{"name" : "/BUS1_CONEXTCL_5/TEMP/BOOST/1_2","value" : 135.600006,"quality" : "G"},
{"name" : "/BUS1_CONEXTCL_5/TEMP/BOOST/3_4","value" : 158.500000,"quality" : "G"},
{"name" : "/BUS1_CONEXTCL_5/VOLT/PHASE/A_N","value" : 489.899994,"quality" : "G"},
{"name" : "/BUS1_CONEXTCL_5/VOLT/PHASE/B_N","value" : 250.300003,"quality" : "G"},
{"name" : "/BUS1_CONEXTCL_5/VOLT/PHASE/C_N","value" : 287.399994,"quality" : "G"},
{"name" : "/BUS1_CONEXTCL_5/POWER/REACTIVE","value" : 4.500000,"quality" : "G"},
{"name" : "/BUS1_CONEXTCL_5/INV/VOLT/A_B","value" : 144.699997,"quality" : "G"},
{"name" : "/BUS1_CONEXTCL_5/INV/VOLT/B_C","value" : 454.600006,"quality" : "G"},
{"name" : "/BUS1_CONEXTCL_5/INV/VOLT/C_A","value" : 329.399994,"quality" : "G"},
{"name" : "/BUS1_CONEXTCL_5/CURRENT/PHASE_A","value" : 46.000000,"quality" : "G"},
{"name" : "/BUS1_CONEXTCL_5/CURRENT/PHASE_B","value" : 96.300003,"quality" : "G"},
{"name" : "/BUS1_CONEXTCL_5/CURRENT/PHASE_C","value" : 37.100002,"quality" : "G"},
{"name" : "/BUS1_CONEXTCL_5/VOLT/PV1","value" : 240.100006,"quality" : "G"},
{"name" : "/BUS1_CONEXTCL_5/CURRENT/PV1","value" : 11.100000,"quality" : "G"},
{"name" : "/BUS1_CONEXTCL_5/POWER/PV1","value" : 9.100000,"quality" : "G"},
{"name" : "/BUS1_CONEXTCL_5/FREQ/GRID","value" : 27.400000,"quality" : "G"},
{"name" : "/BUS1_CONEXTCL_5/POWER/REAL/PHASE_A","value" : 7.800000,"quality" : "G"},
{"name" : "/BUS1_CONEXTCL_5/POWER/REAL/PHASE_B","value" : 7.800000,"quality" : "G"},
{"name" : "/BUS1_CONEXTCL_5/POWER/REAL/PHASE_C","value" : 7.800000,"quality" : "G"},
{"name" : "/BUS1_CONEXTCL_5/FAULT_CODE","value" : 0,"quality" : "G"},
{"name" : "/BUS1_CONEXTCL_5/VOLT/PV2","value" : 621.100037,"quality" : "G"},
{"name" : "/BUS1_CONEXTCL_5/CURRENT/PV2","value" : 6.500000,"quality" : "G"},
{"name" : "/BUS1_CONEXTCL_5/POWER/PV2","value" : 24.400000,"quality" : "G"},
{"name" : "/BUS1_CONEXTCL_5/IP/ADDRESS","value" : "10.136.2.188","quality" : "G"},
{"name" : "/BUS1_CONEXTCL_5/C_SERNUM","value" : "005","quality" : "G"},
{"name" : "/BUS1_CONEXTCL_5/POWER/APPARENT_1","value" : 23.400000,"quality" : "G"},
{"name" : "/BUS1_CONEXTCL_5/ENERGY/AC/LIFE","value" : 208.930008,"quality" : "G"}],"count" : 38,"responseTime" : 14}
