{ "values" : [{"name" : "TIMEZONE","value" : "America/Los_Angeles","quality" : "G"},
    {"name" : "SNTP/ON","value" : 1,"quality" : "G"},
    {"name" : "TIME/LOCAL_ISO_STR","value" : "2017/12/18 17:45:50","quality" : "G"},
    {"name" : "SNTP/SERVER_NAME","value" : "pool.ntp.org","quality" : "G"},
    {"name" : "SNTP/SERVER_NAME","value" : "pool.ntp.org","quality" : "G"},
    {"name" : "/SCB/BUS1/BAUDRATE","value" : 9600,"quality" : "G"},
    {"name" : "/SCB/BUS1/PARITY","value" : "None","quality" : "G"},
    {"name" : "/SCB/BUS1/STOPBITS","value" : 1,"quality" : "G"},
    {"name" : "HMI/IRRADIANCE/UNIT","value" : "W/m2","quality" : "G"},
    {"name" : "HMI/TEMPERATURE/UNIT","value" : "C","quality" : "G"},
    {"name" : "HMI/WINDSPEED/UNIT","value" : "m/s","quality" : "G"},
    {"name" : "MBSYS/INSTALLED_AC/CAPACITY","value" : 7000.000000,"quality" : "G"},
    {"name" : "MBSYS/PLANT_INSTALLED/YEAR","value" : 2017,"quality" : "G"},
    {"name" : "MBSYS/INSTALLED_INVERTER/TYPE","value" : "Inverter-CL","quality" : "G"},
    {"name" : "FRIENDLYNAME","value" : "Trevor's Cool Combox Pro","quality" : "G"},
    {"name" : "SW_VER","value" : "v0.16","quality" : "G"},
    {"name" : "SW_BUILD_NUMBER","value" : "45","quality" : "G"},
    {"name" : "REMOTEUPGRADE/ENABLE","value" : 1,"quality" : "G"},
    {"name" : "REMOTEUPGRADE/DISCLAIMER","value" : 1,"quality" : "G"},
    {"name" : "/SCB/SSI/ALLOWPKG","value" : 1,"quality" : "G"}],"count" : 20,"responseTime" : 61}
