{
   "values":[
      {
         "name":"DEVLIST",
         "value":[
            {
               "name":"MPPT",
               "isActive":"true",
               "isUpgrading":"false",
               "busID":1,
               "busAddr":7,
               "instance":1233094,
               "attributes":{
                  "opMode":"Not Operating",
                  "inBootloader":"0",
                  "warnings":"0",
                  "alarms":"0",
                  "interface":"xanbus"
               }
            },
            {
               "name":"XW",
               "isActive":"true",
               "isUpgrading":"false",
               "busID":1,
               "busAddr":0,
               "instance":248080,
               "attributes":{
                  "opMode":"Operating",
                  "inBootloader":"0",
                  "warnings":"0",
                  "alarms":"0",
                  "interface":"xanbus"
               }
            },
            {
               "name":"AGS",
               "isActive":"true",
               "isUpgrading":"false",
               "busID":1,
               "busAddr":12,
               "instance":204622,
               "attributes":{
                  "opMode":"Operating",
                  "inBootloader":"0",
                  "warnings":"0",
                  "alarms":"0",
                  "interface":"xanbus"
               }
            },
            {
               "name":"SCP2",
               "isActive":"true",
               "isUpgrading":"false",
               "busID":1,
               "busAddr":4,
               "instance":468513,
               "attributes":{
                  "opMode":"Operating",
                  "inBootloader":"0",
                  "warnings":"0",
                  "alarms":"0",
                  "interface":"xanbus"
               }
            }
         ],
         "quality":"G"
      }
   ],
   "count":1,
   "OTK":"9831fac5b6c979d97299ab6b891733e7",
   "responseTime":8
}
