{ "values" : [{"name" : "/BUS1_EM3555_3/THREE/PHASE/LOSS","value" : 10,"quality" : "G"},
{"name" : "/BUS1_EM3555_3/RATIO/PRIM/CT","value" : 381,"quality" : "G"},
{"name" : "/BUS1_EM3555_3/SEC/RATIO/SEC/CT","value" : 2,"quality" : "G"},
{"name" : "/BUS1_EM3555_3/RATIO/PT","value" : 2,"quality" : "G"},
{"name" : "/BUS1_EM3555_3/VOLT/SYSTEM","value" : 17412,"quality" : "G"},
{"name" : "/BUS1_EM3555_3/ENERGY/REAL/NET","value" : 54467.773438,"quality" : "G"},
{"name" : "/BUS1_EM3555_3/ENERGY/REAL/1_4","value" : 55467.773438,"quality" : "G"},
{"name" : "/BUS1_EM3555_3/ENERGY/REAL/2_3","value" : 55467.773438,"quality" : "G"},
{"name" : "/BUS1_EM3555_3/ENERGY/REACT/Q1","value" : 54467.773438,"quality" : "G"},
{"name" : "/BUS1_EM3555_3/ENERGY/REACT/Q2","value" : 54467.773438,"quality" : "G"},
{"name" : "/BUS1_EM3555_3/ENERGY/REACT/Q3","value" : 54467.773438,"quality" : "G"},
{"name" : "/BUS1_EM3555_3/ENERGY/REACT/Q4","value" : 54467.773438,"quality" : "G"},
{"name" : "/BUS1_EM3555_3/ENERGY/APP/NET","value" : 110935.546875,"quality" : "G"},
{"name" : "/BUS1_EM3555_3/ENERGY/APP/1_4","value" : 110935.546875,"quality" : "G"},
{"name" : "/BUS1_EM3555_3/ENERGY/APP/2_3","value" : 110935.546875,"quality" : "G"},
{"name" : "/BUS1_EM3555_3/POWER/REAL/INST_P","value" : 156.500000,"quality" : "G"},
{"name" : "/BUS1_EM3555_3/POWER/REACT/INST_Q","value" : 9.280000,"quality" : "G"},
{"name" : "/BUS1_EM3555_3/POWER/APP/INST_S","value" : 16.389999,"quality" : "G"},
{"name" : "/BUS1_EM3555_3/POWER_FACTOR","value" : 0.360000,"quality" : "G"},
{"name" : "/BUS1_EM3555_3/FREQUENCY","value" : 59.099998,"quality" : "G"},
{"name" : "/BUS1_EM3555_3/POWER_FACTOR/PHASE_A","value" : 0.340000,"quality" : "G"},
{"name" : "/BUS1_EM3555_3/POWER_FACTOR/PHASE_B","value" : 0.730000,"quality" : "G"},
{"name" : "/BUS1_EM3555_3/POWER_FACTOR/PHASE_C","value" : 0.390000,"quality" : "G"},
{"name" : "/BUS1_EM3555_3/VOLT/PHASE/A_B","value" : 118.839996,"quality" : "G"},
{"name" : "/BUS1_EM3555_3/VOLT/PHASE/B_C","value" : 316.549988,"quality" : "G"},
{"name" : "/BUS1_EM3555_3/VOLT/PHASE/C_A","value" : 165.070007,"quality" : "G"},
{"name" : "/BUS1_EM3555_3/VOLT/PHASE/A_N","value" : 444.609985,"quality" : "G"},
{"name" : "/BUS1_EM3555_3/VOLT/PHASE/B_N","value" : 569.380005,"quality" : "G"},
{"name" : "/BUS1_EM3555_3/VOLT/PHASE/C_N","value" : 183.220001,"quality" : "G"},
{"name" : "/BUS1_EM3555_3/CURRENT/PHASE/A","value" : 24.420000,"quality" : "G"},
{"name" : "/BUS1_EM3555_3/CURRENT/PHASE/B","value" : 7.230000,"quality" : "G"},
{"name" : "/BUS1_EM3555_3/CURRENT/PHASE/C","value" : 2.420000,"quality" : "G"},
{"name" : "/BUS1_EM3555_3/MODEL","value" : "EM3555","quality" : "G"},
{"name" : "/BUS1_EM3555_3/FIRMWARE/ID","value" : "2.103","quality" : "G"},
{"name" : "/BUS1_EM3555_3/SERIAL","value" : "00003","quality" : "G"}],"count" : 35,"responseTime" : 15}
