{ "values" : [{"name" : "[20099]/XW/FLT/LOG","value" : [{"timestamp" : 1484002960, "id" : 48, "name" : "DC Under Voltage", "description" : "Cause: DC under-voltage shutdown occurs if DC voltage is below\nLBCO voltage level.\nSolution: Check for the correct battery voltage at the\ninverter's DC input terminals. Check for an external\nDC load on the batteries. Check condition of batteries\nand recharge if possible.\n"},{"timestamp" : 1512400735, "id" : 48, "name" : "DC Under Voltage", "description" : "Cause: DC under-voltage shutdown occurs if DC voltage is below\nLBCO voltage level.\nSolution: Check for the correct battery voltage at the\ninverter's DC input terminals. Check for an external\nDC load on the batteries. Check condition of batteries\nand recharge if possible.\n"},{"timestamp" : 1512023628, "id" : 48, "name" : "DC Under Voltage", "description" : "Cause: DC under-voltage shutdown occurs if DC voltage is below\nLBCO voltage level.\nSolution: Check for the correct battery voltage at the\ninverter's DC input terminals. Check for an external\nDC load on the batteries. Check condition of batteries\nand recharge if possible.\n"},{"timestamp" : 2098068290, "id" : 29, "name" : "AI Over Voltage", "description" : "Cause: Over-voltage anti-islanding, fast disconnect, 270 Vac.\nSolution: No action required. The inverter stops selling and\ndisconnects from the grid. When the fault clears, a five-minute\ntimer begins counting down. The inverter does not sell again until\ngrid voltage and frequency are within range for five minutes.\n"},{"timestamp" : 1484003793, "id" : 48, "name" : "DC Under Voltage", "description" : "Cause: DC under-voltage shutdown occurs if DC voltage is below\nLBCO voltage level.\nSolution: Check for the correct battery voltage at the\ninverter's DC input terminals. Check for an external\nDC load on the batteries. Check condition of batteries\nand recharge if possible.\n"},{"timestamp" : 1484003765, "id" : 48, "name" : "DC Under Voltage", "description" : "Cause: DC under-voltage shutdown occurs if DC voltage is below\nLBCO voltage level.\nSolution: Check for the correct battery voltage at the\ninverter's DC input terminals. Check for an external\nDC load on the batteries. Check condition of batteries\nand recharge if possible.\n"},{"timestamp" : 1484003662, "id" : 48, "name" : "DC Under Voltage", "description" : "Cause: DC under-voltage shutdown occurs if DC voltage is below\nLBCO voltage level.\nSolution: Check for the correct battery voltage at the\ninverter's DC input terminals. Check for an external\nDC load on the batteries. Check condition of batteries\nand recharge if possible.\n"},{"timestamp" : 1484003634, "id" : 48, "name" : "DC Under Voltage", "description" : "Cause: DC under-voltage shutdown occurs if DC voltage is below\nLBCO voltage level.\nSolution: Check for the correct battery voltage at the\ninverter's DC input terminals. Check for an external\nDC load on the batteries. Check condition of batteries\nand recharge if possible.\n"},{"timestamp" : 1484003608, "id" : 48, "name" : "DC Under Voltage", "description" : "Cause: DC under-voltage shutdown occurs if DC voltage is below\nLBCO voltage level.\nSolution: Check for the correct battery voltage at the\ninverter's DC input terminals. Check for an external\nDC load on the batteries. Check condition of batteries\nand recharge if possible.\n"},{"timestamp" : 1484003413, "id" : 48, "name" : "DC Under Voltage", "description" : "Cause: DC under-voltage shutdown occurs if DC voltage is below\nLBCO voltage level.\nSolution: Check for the correct battery voltage at the\ninverter's DC input terminals. Check for an external\nDC load on the batteries. Check condition of batteries\nand recharge if possible.\n"},{"timestamp" : 1484003377, "id" : 48, "name" : "DC Under Voltage", "description" : "Cause: DC under-voltage shutdown occurs if DC voltage is below\nLBCO voltage level.\nSolution: Check for the correct battery voltage at the\ninverter's DC input terminals. Check for an external\nDC load on the batteries. Check condition of batteries\nand recharge if possible.\n"},{"timestamp" : 1484003348, "id" : 48, "name" : "DC Under Voltage", "description" : "Cause: DC under-voltage shutdown occurs if DC voltage is below\nLBCO voltage level.\nSolution: Check for the correct battery voltage at the\ninverter's DC input terminals. Check for an external\nDC load on the batteries. Check condition of batteries\nand recharge if possible.\n"},{"timestamp" : 1484003321, "id" : 48, "name" : "DC Under Voltage", "description" : "Cause: DC under-voltage shutdown occurs if DC voltage is below\nLBCO voltage level.\nSolution: Check for the correct battery voltage at the\ninverter's DC input terminals. Check for an external\nDC load on the batteries. Check condition of batteries\nand recharge if possible.\n"},{"timestamp" : 1484003243, "id" : 48, "name" : "DC Under Voltage", "description" : "Cause: DC under-voltage shutdown occurs if DC voltage is below\nLBCO voltage level.\nSolution: Check for the correct battery voltage at the\ninverter's DC input terminals. Check for an external\nDC load on the batteries. Check condition of batteries\nand recharge if possible.\n"},{"timestamp" : 1484003195, "id" : 48, "name" : "DC Under Voltage", "description" : "Cause: DC under-voltage shutdown occurs if DC voltage is below\nLBCO voltage level.\nSolution: Check for the correct battery voltage at the\ninverter's DC input terminals. Check for an external\nDC load on the batteries. Check condition of batteries\nand recharge if possible.\n"},{"timestamp" : 1484003167, "id" : 48, "name" : "DC Under Voltage", "description" : "Cause: DC under-voltage shutdown occurs if DC voltage is below\nLBCO voltage level.\nSolution: Check for the correct battery voltage at the\ninverter's DC input terminals. Check for an external\nDC load on the batteries. Check condition of batteries\nand recharge if possible.\n"},{"timestamp" : 1484003117, "id" : 48, "name" : "DC Under Voltage", "description" : "Cause: DC under-voltage shutdown occurs if DC voltage is below\nLBCO voltage level.\nSolution: Check for the correct battery voltage at the\ninverter's DC input terminals. Check for an external\nDC load on the batteries. Check condition of batteries\nand recharge if possible.\n"},{"timestamp" : 1484003090, "id" : 48, "name" : "DC Under Voltage", "description" : "Cause: DC under-voltage shutdown occurs if DC voltage is below\nLBCO voltage level.\nSolution: Check for the correct battery voltage at the\ninverter's DC input terminals. Check for an external\nDC load on the batteries. Check condition of batteries\nand recharge if possible.\n"},{"timestamp" : 1484003015, "id" : 48, "name" : "DC Under Voltage", "description" : "Cause: DC under-voltage shutdown occurs if DC voltage is below\nLBCO voltage level.\nSolution: Check for the correct battery voltage at the\ninverter's DC input terminals. Check for an external\nDC load on the batteries. Check condition of batteries\nand recharge if possible.\n"},{"timestamp" : 1484002987, "id" : 48, "name" : "DC Under Voltage", "description" : "Cause: DC under-voltage shutdown occurs if DC voltage is below\nLBCO voltage level.\nSolution: Check for the correct battery voltage at the\ninverter's DC input terminals. Check for an external\nDC load on the batteries. Check condition of batteries\nand recharge if possible.\n"}],"quality" : "G"}, {"name" : "[200031]/AGS/FLT/LOG","value" : [{"timestamp" : 1510026813, "id" : 69, "name" : "Node Instance Duplicated", "description" : "Cause: Another AGS has been configured with the same instance Identifier\nSolution: Change the instance identifier of one of the AGS devices.\n"},{"timestamp" : 1510013592, "id" : 69, "name" : "Node Instance Duplicated", "description" : "Cause: Another AGS has been configured with the same instance Identifier\nSolution: Change the instance identifier of one of the AGS devices.\n"},{"timestamp" : 1470249993, "id" : 69, "name" : "Node Instance Duplicated", "description" : "Cause: Another AGS has been configured with the same instance Identifier\nSolution: Change the instance identifier of one of the AGS devices.\n"},{"timestamp" : 1448472642, "id" : 69, "name" : "Node Instance Duplicated", "description" : "Cause: Another AGS has been configured with the same instance Identifier\nSolution: Change the instance identifier of one of the AGS devices.\n"},{"timestamp" : 1448472636, "id" : 69, "name" : "Node Instance Duplicated", "description" : "Cause: Another AGS has been configured with the same instance Identifier\nSolution: Change the instance identifier of one of the AGS devices.\n"},{"timestamp" : 1448472585, "id" : 69, "name" : "Node Instance Duplicated", "description" : "Cause: Another AGS has been configured with the same instance Identifier\nSolution: Change the instance identifier of one of the AGS devices.\n"},{"timestamp" : 1448472327, "id" : 69, "name" : "Node Instance Duplicated", "description" : "Cause: Another AGS has been configured with the same instance Identifier\nSolution: Change the instance identifier of one of the AGS devices.\n"},{"timestamp" : 1448472189, "id" : 69, "name" : "Node Instance Duplicated", "description" : "Cause: Another AGS has been configured with the same instance Identifier\nSolution: Change the instance identifier of one of the AGS devices.\n"},{"timestamp" : 1448472141, "id" : 69, "name" : "Node Instance Duplicated", "description" : "Cause: Another AGS has been configured with the same instance Identifier\nSolution: Change the instance identifier of one of the AGS devices.\n"}],"quality" : "G"}, {"name" : "[1328371]/MPPT/FLT/LOG","value" : [{"timestamp" : 4294967295, "id" : 71, "name" : "DC Over-current shutdown", "description" : "Cause: DC output current is too high.\n"},{"timestamp" : 4294967295, "id" : 71, "name" : "DC Over-current shutdown", "description" : "Cause: DC output current is too high.\n"},{"timestamp" : 4294967295, "id" : 71, "name" : "DC Over-current shutdown", "description" : "Cause: DC output current is too high.\n"},{"timestamp" : 4294967295, "id" : 71, "name" : "DC Over-current shutdown", "description" : "Cause: DC output current is too high.\n"},{"timestamp" : 4294967295, "id" : 71, "name" : "DC Over-current shutdown", "description" : "Cause: DC output current is too high.\n"},{"timestamp" : 4294967295, "id" : 71, "name" : "DC Over-current shutdown", "description" : "Cause: DC output current is too high.\n"},{"timestamp" : 4294967295, "id" : 71, "name" : "DC Over-current shutdown", "description" : "Cause: DC output current is too high.\n"},{"timestamp" : 4294967295, "id" : 71, "name" : "DC Over-current shutdown", "description" : "Cause: DC output current is too high.\n"},{"timestamp" : 4294967295, "id" : 71, "name" : "DC Over-current shutdown", "description" : "Cause: DC output current is too high.\n"},{"timestamp" : 4294967295, "id" : 71, "name" : "DC Over-current shutdown", "description" : "Cause: DC output current is too high.\n"},{"timestamp" : 4294967295, "id" : 11, "name" : "Output Under-voltage", "description" : "The DC Output Voltage is too low.\n"}],"quality" : "G"}, {"name" : "[838217]/HVMPPT/FLT/LOG","value" : [{"timestamp" : 1512378927, "id" : 82, "name" : "Network Power Supply Fault", "description" : "The Network Power Supply has failed.\n"},{"timestamp" : 1512354949, "id" : 11, "name" : "Output Under-voltage", "description" : "The DC Output Voltage is too low.\n"},{"timestamp" : 1262304000, "id" : 71, "name" : "DC Over-current shutdown", "description" : "Cause: DC output current is too high.\n"},{"timestamp" : 1262304000, "id" : 9, "name" : "DC Over-voltage shutdown", "description" : "Cause: DC input voltage is too high\n"},{"timestamp" : 1510176946, "id" : 10, "name" : "Output Under-voltage Immediate", "description" : "The DC Output Voltage is too low.\n"}],"quality" : "G"}, {"name" : "[259586]/BATTMON/FLT/LOG","value" : [],"quality" : "G"}, {"name" : "[151639]/SCP2/FLT/LOG","value" : [],"quality" : "G"}, {"name" : "[835209]/GT/FLT/LOG","value" : [{"timestamp" : 4294967295, "id" : 58, "name" : "AC Output Voltage Shutdown ", "description" : "Grid Voltage Line to Line is beyond limits. This is a utility fault; it will \nclear itself when the AC voltage comes within the specified range. (see the \nelectrical specifications section in your user manual). The message clears \nafter 15 seconds if the (> 264 V or < 211 V).\n"}],"quality" : "G"}, {"name" : "[131]/XW/FLT/LOG","value" : [],"quality" : "G"}],"count" : 8,"responseTime" : 33}
