{ "values" : [{"name" : "[838217]/HVMPPT/LPHD/FGA","value" : "865-1032","quality" : "G"},
    {"name" : "[838217]/HVMPPT/LPHD/MODEL_NAME","value" : "XW MPPT80","quality" : "G"},
    {"name" : "[838217]/HVMPPT/LPHD/SERIALNUM","value" : "0000140CCA49","quality" : "G"},
    {"name" : "[838217]/HVMPPT/LFWB/VERSION","value" : 10200,"quality" : "G"},
    {"name" : "[838217]/HVMPPT/LFWB/BUILDNUMBER","value" : 3,"quality" : "G"},
    {"name" : "[838217]/HVMPPT/FLT/NEW","value" : 0,"quality" : "G"},
    {"name" : "[838217]/HVMPPT/FLT/LIST","value" : [{"timestamp" : 1512378927, "id" : 82, "name" : "Network Power Supply Fault", "description" : "The Network Power Supply has failed.\n"}],"quality" : "G"},
    {"name" : "[838217]/HVMPPT/FLT/LOG","value" : [{"timestamp" : 1512378927, "id" : 82, "name" : "Network Power Supply Fault", "description" : "The Network Power Supply has failed.\n"},{"timestamp" : 1512354949, "id" : 11, "name" : "Output Under-voltage", "description" : "The DC Output Voltage is too low.\n"},{"timestamp" : 1262304000, "id" : 71, "name" : "DC Over-current shutdown", "description" : "Cause: DC output current is too high.\n"},{"timestamp" : 1262304000, "id" : 9, "name" : "DC Over-voltage shutdown", "description" : "Cause: DC input voltage is too high\n"},{"timestamp" : 1510176946, "id" : 10, "name" : "Output Under-voltage Immediate", "description" : "The DC Output Voltage is too low.\n"}],"quality" : "G"},
    {"name" : "[838217]/HVMPPT/FLT/REFRESH","value" : 0,"quality" : "G"},
    {"name" : "[838217]/HVMPPT/FLT/REFRESH_COUNT","value" : 8,"quality" : "G"},
    {"name" : "[838217]/HVMPPT/WRN/NEW","value" : 0,"quality" : "G"},
    {"name" : "[838217]/HVMPPT/WRN/LIST","value" : [],"quality" : "G"},
    {"name" : "[838217]/HVMPPT/WRN/LOG","value" : [{"timestamp" : 1512821153, "id" : 4, "name" : "Battery Over Temperature Warning", "description" : "Cause: The battery is too hot.\n"},{"timestamp" : 1512271257, "id" : 12, "name" : "DC Output Under Voltage Warning", "description" : "The DC Output Voltage is too low.\n"},{"timestamp" : 1509874731, "id" : 4, "name" : "Battery Over Temperature Warning", "description" : "Cause: The battery is too hot.\n"},{"timestamp" : 1509195699, "id" : 4, "name" : "Battery Over Temperature Warning", "description" : "Cause: The battery is too hot.\n"},{"timestamp" : 1508724115, "id" : 4, "name" : "Battery Over Temperature Warning", "description" : "Cause: The battery is too hot.\n"},{"timestamp" : 2098043798, "id" : 4, "name" : "Battery Over Temperature Warning", "description" : "Cause: The battery is too hot.\n"},{"timestamp" : 1480630843, "id" : 4, "name" : "Battery Over Temperature Warning", "description" : "Cause: The battery is too hot.\n"}],"quality" : "G"},
    {"name" : "[838217]/HVMPPT/WRN/REFRESH","value" : 0,"quality" : "G"},
    {"name" : "[838217]/HVMPPT/WRN/REFRESH_COUNT","value" : 8,"quality" : "G"},
    {"name" : "[838217]/HVMPPT/DEV/DESIRED_MODE","value" : 3,"quality" : "G"},
    {"name" : "[838217]/HVMPPT/DEV/STATE","value" : 3,"quality" : "G"},
    {"name" : "[838217]/HVMPPT/DEV/LAST_MODE","value" : 255,"quality" : "G"},
    {"name" : "[838217]/HVMPPT/FLT/ACTIVE","value" : 1,"quality" : "G"},
    {"name" : "[838217]/HVMPPT/FLT/CHANGED","value" : 0,"quality" : "G"},
    {"name" : "[838217]/HVMPPT/WRN/ACTIVE","value" : 0,"quality" : "G"},
    {"name" : "[838217]/HVMPPT/WRN/CHANGED","value" : 0,"quality" : "G"},
    {"name" : "[838217]/HVMPPT/XB/PGNSTS","value" : {"Device ID" : 838217, "PGNSts" : [{"name" : "AssocCfg","pgn" : "0x12500","receiveCount" : 2,"state" : "Idle", "result" : "OK", "init" : "1", "sent" : 0,"received" : 0,"expected" : 2,"ACKCounter" : 0,"ACKCounterTotal" : 0,"NAKCounter" : 0,"NAKCounterTotal" : 0,"failCount" : 0,"updatePending" : 0,"changePending" : 0,"retries" : 10,"timeout_counter" : 10,"ACK Status" : 0,"Group Function Value" : -1}, {"name" : "Sts","pgn" : "0x1F00F","receiveCount" : 1042450,"state" : "Idle", "result" : "OK", "init" : "1", "sent" : 0,"received" : 0,"expected" : 1,"ACKCounter" : 0,"ACKCounterTotal" : 0,"NAKCounter" : 0,"NAKCounterTotal" : 0,"failCount" : 0,"updatePending" : 0,"changePending" : 0,"retries" : 10,"timeout_counter" : 10,"ACK Status" : 0,"Group Function Value" : -1}, {"name" : "HwRevSts","pgn" : "0x1F810","receiveCount" : 3,"state" : "Idle", "result" : "OK", "init" : "1", "sent" : 0,"received" : 0,"expected" : 1,"ACKCounter" : 0,"ACKCounterTotal" : 0,"NAKCounter" : 0,"NAKCounterTotal" : 0,"failCount" : 0,"updatePending" : 0,"changePending" : 0,"retries" : 10,"timeout_counter" : 10,"ACK Status" : 0,"Group Function Value" : -1}, {"name" : "ProdInfoSts","pgn" : "0x1F014","receiveCount" : 3,"state" : "Idle", "result" : "OK", "init" : "1", "sent" : 0,"received" : 0,"expected" : 1,"ACKCounter" : 0,"ACKCounterTotal" : 0,"NAKCounter" : 0,"NAKCounterTotal" : 0,"failCount" : 0,"updatePending" : 0,"changePending" : 0,"retries" : 10,"timeout_counter" : 10,"ACK Status" : 0,"Group Function Value" : -1}, {"name" : "SwVerSts","pgn" : "0x1F80E","receiveCount" : 8244,"state" : "Idle", "result" : "OK", "init" : "1", "sent" : 0,"received" : 0,"expected" : 1,"ACKCounter" : 0,"ACKCounterTotal" : 0,"NAKCounter" : 0,"NAKCounterTotal" : 0,"failCount" : 0,"updatePending" : 0,"changePending" : 0,"retries" : 10,"timeout_counter" : 10,"ACK Status" : 0,"Group Function Value" : -1}, {"name" : "DcSrcSts2","pgn" : "0x1F0C5","receiveCount" : 1042313,"state" : "Idle", "result" : "OK", "init" : "1", "sent" : 0,"received" : 0,"expected" : 1,"ACKCounter" : 0,"ACKCounterTotal" : 0,"NAKCounter" : 0,"NAKCounterTotal" : 0,"failCount" : 0,"updatePending" : 0,"changePending" : 0,"retries" : 10,"timeout_counter" : 10,"ACK Status" : 0,"Group Function Value" : -1}, {"name" : "SpsSts","pgn" : "0x1F0C6","receiveCount" : 521190,"state" : "Idle", "result" : "OK", "init" : "1", "sent" : 0,"received" : 0,"expected" : 1,"ACKCounter" : 0,"ACKCounterTotal" : 0,"NAKCounter" : 0,"NAKCounterTotal" : 0,"failCount" : 0,"updatePending" : 0,"changePending" : 0,"retries" : 10,"timeout_counter" : 10,"ACK Status" : 0,"Group Function Value" : -1}, {"name" : "BattSts2","pgn" : "0x1F0C4","receiveCount" : 521082,"state" : "Idle", "result" : "OK", "init" : "1", "sent" : 0,"received" : 0,"expected" : 1,"ACKCounter" : 0,"ACKCounterTotal" : 0,"NAKCounter" : 0,"NAKCounterTotal" : 0,"failCount" : 0,"updatePending" : 0,"changePending" : 0,"retries" : 10,"timeout_counter" : 10,"ACK Status" : 0,"Group Function Value" : -1}, {"name" : "ChgSts","pgn" : "0x1F00E","receiveCount" : 521192,"state" : "Idle", "result" : "OK", "init" : "1", "sent" : 0,"received" : 0,"expected" : 1,"ACKCounter" : 0,"ACKCounterTotal" : 0,"NAKCounter" : 0,"NAKCounterTotal" : 0,"failCount" : 0,"updatePending" : 0,"changePending" : 0,"retries" : 10,"timeout_counter" : 10,"ACK Status" : 0,"Group Function Value" : -1}, {"name" : "IntTempCfgOt","pgn" : "0x11600","receiveCount" : 1,"state" : "Idle", "result" : "OK", "init" : "1", "sent" : 0,"received" : 0,"expected" : 1,"ACKCounter" : 0,"ACKCounterTotal" : 0,"NAKCounter" : 0,"NAKCounterTotal" : 0,"failCount" : 0,"updatePending" : 0,"changePending" : 0,"retries" : 10,"timeout_counter" : 10,"ACK Status" : 0,"Group Function Value" : -1}, {"name" : "DcSrcCfgBatt","pgn" : "0x11D00","receiveCount" : 1,"state" : "Idle", "result" : "OK", "init" : "1", "sent" : 0,"received" : 0,"expected" : 1,"ACKCounter" : 0,"ACKCounterTotal" : 0,"NAKCounter" : 0,"NAKCounterTotal" : 0,"failCount" : 0,"updatePending" : 0,"changePending" : 0,"retries" : 10,"timeout_counter" : 10,"ACK Status" : 0,"Group Function Value" : -1}, {"name" : "DcSrcCfgOv","pgn" : "0x10200","receiveCount" : 2,"state" : "Idle", "result" : "OK", "init" : "1", "sent" : 0,"received" : 0,"expected" : 2,"ACKCounter" : 0,"ACKCounterTotal" : 0,"NAKCounter" : 0,"NAKCounterTotal" : 0,"failCount" : 0,"updatePending" : 0,"changePending" : 0,"retries" : 10,"timeout_counter" : 10,"ACK Status" : 0,"Group Function Value" : -1}, {"name" : "EnDisCfg","pgn" : "0x13400","receiveCount" : 1,"state" : "Idle", "result" : "OK", "init" : "1", "sent" : 0,"received" : 0,"expected" : 1,"ACKCounter" : 0,"ACKCounterTotal" : 0,"NAKCounter" : 0,"NAKCounterTotal" : 0,"failCount" : 0,"updatePending" : 0,"changePending" : 0,"retries" : 10,"timeout_counter" : 10,"ACK Status" : 0,"Group Function Value" : -1}, {"name" : "NAMECfg","pgn" : "0x13A00","receiveCount" : 1,"state" : "Idle", "result" : "OK", "init" : "1", "sent" : 0,"received" : 0,"expected" : 1,"ACKCounter" : 0,"ACKCounterTotal" : 0,"NAKCounter" : 0,"NAKCounterTotal" : 0,"failCount" : 0,"updatePending" : 0,"changePending" : 0,"retries" : 10,"timeout_counter" : 10,"ACK Status" : 0,"Group Function Value" : -1}, {"name" : "ChgCfg","pgn" : "0x12C00","receiveCount" : 1,"state" : "Idle", "result" : "OK", "init" : "1", "sent" : 0,"received" : 0,"expected" : 1,"ACKCounter" : 0,"ACKCounterTotal" : 0,"NAKCounter" : 0,"NAKCounterTotal" : 0,"failCount" : 0,"updatePending" : 0,"changePending" : 0,"retries" : 10,"timeout_counter" : 10,"ACK Status" : 0,"Group Function Value" : -1}, {"name" : "ExtTempCfgOt","pgn" : "0x11400","receiveCount" : 1,"state" : "Idle", "result" : "OK", "init" : "1", "sent" : 0,"received" : 0,"expected" : 1,"ACKCounter" : 0,"ACKCounterTotal" : 0,"NAKCounter" : 0,"NAKCounterTotal" : 0,"failCount" : 0,"updatePending" : 0,"changePending" : 0,"retries" : 10,"timeout_counter" : 10,"ACK Status" : 0,"Group Function Value" : -1}, {"name" : "SpsCfgTrig","pgn" : "0x1C700","receiveCount" : 1,"state" : "Idle", "result" : "OK", "init" : "1", "sent" : 0,"received" : 0,"expected" : 1,"ACKCounter" : 0,"ACKCounterTotal" : 0,"NAKCounter" : 0,"NAKCounterTotal" : 0,"failCount" : 0,"updatePending" : 0,"changePending" : 0,"retries" : 10,"timeout_counter" : 10,"ACK Status" : 0,"Group Function Value" : -1}, {"name" : "ChgCfgEqualize","pgn" : "0x11B00","receiveCount" : 1,"state" : "Idle", "result" : "OK", "init" : "1", "sent" : 0,"received" : 0,"expected" : 1,"ACKCounter" : 0,"ACKCounterTotal" : 0,"NAKCounter" : 0,"NAKCounterTotal" : 0,"failCount" : 0,"updatePending" : 0,"changePending" : 0,"retries" : 10,"timeout_counter" : 10,"ACK Status" : 0,"Group Function Value" : -1}, {"name" : "DcSrcCfgUv","pgn" : "0x10100","receiveCount" : 2,"state" : "Idle", "result" : "OK", "init" : "1", "sent" : 0,"received" : 0,"expected" : 2,"ACKCounter" : 0,"ACKCounterTotal" : 0,"NAKCounter" : 0,"NAKCounterTotal" : 0,"failCount" : 0,"updatePending" : 0,"changePending" : 0,"retries" : 10,"timeout_counter" : 10,"ACK Status" : 0,"Group Function Value" : -1}, {"name" : "ChgCfgBulk","pgn" : "0x11700","receiveCount" : 1,"state" : "Idle", "result" : "OK", "init" : "1", "sent" : 0,"received" : 0,"expected" : 1,"ACKCounter" : 0,"ACKCounterTotal" : 0,"NAKCounter" : 0,"NAKCounterTotal" : 0,"failCount" : 0,"updatePending" : 0,"changePending" : 0,"retries" : 10,"timeout_counter" : 10,"ACK Status" : 0,"Group Function Value" : -1}, {"name" : "DcSrcCfgPvArray2","pgn" : "0x1C300","receiveCount" : 1,"state" : "Idle", "result" : "OK", "init" : "1", "sent" : 0,"received" : 0,"expected" : 1,"ACKCounter" : 0,"ACKCounterTotal" : 0,"NAKCounter" : 0,"NAKCounterTotal" : 0,"failCount" : 0,"updatePending" : 0,"changePending" : 0,"retries" : 10,"timeout_counter" : 10,"ACK Status" : 0,"Group Function Value" : -1}, {"name" : "FeatureEnDisCfg","pgn" : "0x14900","receiveCount" : 1,"state" : "Idle", "result" : "OK", "init" : "1", "sent" : 0,"received" : 0,"expected" : 1,"ACKCounter" : 0,"ACKCounterTotal" : 0,"NAKCounter" : 0,"NAKCounterTotal" : 0,"failCount" : 0,"updatePending" : 0,"changePending" : 0,"retries" : 10,"timeout_counter" : 10,"ACK Status" : 0,"Group Function Value" : -1}, {"name" : "ExtTempCfgUt","pgn" : "0x11300","receiveCount" : 1,"state" : "Idle", "result" : "OK", "init" : "1", "sent" : 0,"received" : 0,"expected" : 1,"ACKCounter" : 0,"ACKCounterTotal" : 0,"NAKCounter" : 0,"NAKCounterTotal" : 0,"failCount" : 0,"updatePending" : 0,"changePending" : 0,"retries" : 10,"timeout_counter" : 10,"ACK Status" : 0,"Group Function Value" : -1}, {"name" : "ChgCfgAbsorp","pgn" : "0x11800","receiveCount" : 1,"state" : "Idle", "result" : "OK", "init" : "1", "sent" : 0,"received" : 0,"expected" : 1,"ACKCounter" : 0,"ACKCounterTotal" : 0,"NAKCounter" : 0,"NAKCounterTotal" : 0,"failCount" : 0,"updatePending" : 0,"changePending" : 0,"retries" : 10,"timeout_counter" : 10,"ACK Status" : 0,"Group Function Value" : -1}, {"name" : "ChgCfgFloat","pgn" : "0x11A00","receiveCount" : 1,"state" : "Idle", "result" : "OK", "init" : "1", "sent" : 0,"received" : 0,"expected" : 1,"ACKCounter" : 0,"ACKCounterTotal" : 0,"NAKCounter" : 0,"NAKCounterTotal" : 0,"failCount" : 0,"updatePending" : 0,"changePending" : 0,"retries" : 10,"timeout_counter" : 10,"ACK Status" : 0,"Group Function Value" : -1}]},"quality" : "G"},
    {"name" : "[838217]/HVMPPT/XB/PGNINFO","value" : {"Device ID" : 838217, "PGNInfo" : [{"name" : "AssocCfg","pgn" : "0x12500","family" : 7}, {"name" : "Sts","pgn" : "0x1F00F","family" : 7}, {"name" : "HwRevSts","pgn" : "0x1F810","family" : 7}, {"name" : "ProdInfoSts","pgn" : "0x1F014","family" : 7}, {"name" : "SwVerSts","pgn" : "0x1F80E","family" : 7}, {"name" : "DcSrcSts2","pgn" : "0x1F0C5","family" : 7}, {"name" : "SpsSts","pgn" : "0x1F0C6","family" : 7}, {"name" : "BattSts2","pgn" : "0x1F0C4","family" : 7}, {"name" : "ChgSts","pgn" : "0x1F00E","family" : 7}, {"name" : "IntTempCfgOt","pgn" : "0x11600","family" : 7}, {"name" : "DcSrcCfgBatt","pgn" : "0x11D00","family" : 7}, {"name" : "DcSrcCfgOv","pgn" : "0x10200","family" : 7}, {"name" : "EnDisCfg","pgn" : "0x13400","family" : 7}, {"name" : "NAMECfg","pgn" : "0x13A00","family" : 7}, {"name" : "ChgCfg","pgn" : "0x12C00","family" : 7}, {"name" : "ExtTempCfgOt","pgn" : "0x11400","family" : 7}, {"name" : "SpsCfgTrig","pgn" : "0x1C700","family" : 7}, {"name" : "ChgCfgEqualize","pgn" : "0x11B00","family" : 7}, {"name" : "DcSrcCfgUv","pgn" : "0x10100","family" : 7}, {"name" : "ChgCfgBulk","pgn" : "0x11700","family" : 7}, {"name" : "DcSrcCfgPvArray2","pgn" : "0x1C300","family" : 7}, {"name" : "FeatureEnDisCfg","pgn" : "0x14900","family" : 7}, {"name" : "ExtTempCfgUt","pgn" : "0x11300","family" : 7}, {"name" : "ChgCfgAbsorp","pgn" : "0x11800","family" : 7}, {"name" : "ChgCfgFloat","pgn" : "0x11A00","family" : 7}]},"quality" : "G"},
    {"name" : "[838217]/HVMPPT/XB/ADDR","value" : 11,"quality" : "G"},
    {"name" : "[838217]/HVMPPT/LPHD/UID","value" : 838217,"quality" : "G"},
    {"name" : "[838217]/HVMPPT/DEV/ACTIVE","value" : 1,"quality" : "G"},
    {"name" : "[838217]/HVMPPT/CFG/REFRESH","value" : 0,"quality" : "G"},
    {"name" : "[838217]/HVMPPT/CFG/INITIALIZED","value" : 1,"quality" : "G"},
    {"name" : "[838217]/HVMPPT/XB/FW_PROG","value" : 0,"quality" : "G"},
    {"name" : "[838217]/HVMPPT/XB/FW_FULL_PATH","value" : "0","quality" : "G"},
    {"name" : "[838217]/HVMPPT/XB/FW_PROG_STATUS","value" : "IDLE","quality" : "G"},
    {"name" : "[838217]/HVMPPT/XB/FW_PROG_ERROR","value" : [{"SETUP":"No Error"},{"REBOOT_DNLD":"No Error"},{"FWDNLD_FWXER":"No Error"},{"FWDNLD_INIT":"No Error"},{"REBOOT_NORMAL":"No Error"},{"REPORT":"No Error"}],"quality" : "G"},
    {"name" : "[838217]/HVMPPT/XB/FW_PROG_DEBUG","value" : 0,"quality" : "G"},
    {"name" : "[838217]/HVMPPT/LPHD/CFG_DEVICE_NAME","value" : "0","quality" : "G"},
    {"name" : "[838217]/HVMPPT/MB/CFG_ADDRESS","value" : 0,"quality" : "G"},
    {"name" : "[838217]/HVMPPT/LPHD/CFG_DEVICE_INSTANCE","value" : 1,"quality" : "G"},
    {"name" : "[838217]/HVMPPT/LPHD/CFG_SYSTEM_INSTANCE","value" : 0,"quality" : "G"},
    {"name" : "[838217]/HVMPPT/CFG/STATUS","value" : 0,"quality" : "G"},
    {"name" : "[838217]/HVMPPT/CFG/REFRESH_COUNT","value" : 1,"quality" : "G"},
    {"name" : "[838217]/HVMPPT/CHG/EN_STS","value" : 0,"quality" : "G"},
    {"name" : "[838217]/HVMPPT/CHG/MODE","value" : 2,"quality" : "G"},
    {"name" : "[838217]/HVMPPT/FLT/STS0","value" : 0,"quality" : "G"},
    {"name" : "[838217]/HVMPPT/FLT/STS1","value" : 256,"quality" : "G"},
    {"name" : "[838217]/HVMPPT/WRN/STS0","value" : 0,"quality" : "G"},
    {"name" : "[838217]/HVMPPT/CHG/STS","value" : 780,"quality" : "G"},
    {"name" : "[838217]/HVMPPT/CFG/ERROR_COUNT","value" : 0,"quality" : "G"},
    {"name" : "[838217]/HVMPPT/DC_IN/V","value" : 203390,"quality" : "G"},
    {"name" : "[838217]/HVMPPT/DC_IN/I","value" : 360,"quality" : "G"},
    {"name" : "[838217]/HVMPPT/DC_IN/P","value" : 73,"quality" : "G"},
    {"name" : "[838217]/HVMPPT/BATT/TEMP","value" : 0,"quality" : "G"},
    {"name" : "[838217]/HVMPPT/DC_OUT/V","value" : 26670,"quality" : "G"},
    {"name" : "[838217]/HVMPPT/DC_OUT/I","value" : 2540,"quality" : "G"},
    {"name" : "[838217]/HVMPPT/DC_OUT/P","value" : 67,"quality" : "G"},
    {"name" : "[838217]/HVMPPT/DC_OUT/P_PERCENT","value" : 0,"quality" : "G"},
    {"name" : "[838217]/HVMPPT/AUX/OUTSTS","value" : 0,"quality" : "G"},
    {"name" : "[838217]/HVMPPT/AUX/ONREASON","value" : 0,"quality" : "G"},
    {"name" : "[838217]/HVMPPT/AUX/OFFREASON","value" : 0,"quality" : "G"},
    {"name" : "[838217]/HVMPPT/DC_IN/ENERGY_HOUR","value" : 0,"quality" : "G"},
    {"name" : "[838217]/HVMPPT/DC_IN/ACTIVE_HOUR","value" : 0,"quality" : "G"},
    {"name" : "[838217]/HVMPPT/DC_IN/ENERGY_TODAY","value" : 0,"quality" : "G"},
    {"name" : "[838217]/HVMPPT/DC_IN/ACTIVE_TODAY","value" : 0,"quality" : "G"},
    {"name" : "[838217]/HVMPPT/DC_IN/ENERGY_WEEK","value" : 0,"quality" : "G"},
    {"name" : "[838217]/HVMPPT/DC_IN/ACTIVE_WEEK","value" : 0,"quality" : "G"},
    {"name" : "[838217]/HVMPPT/DC_IN/ENERGY_MONTH","value" : 0,"quality" : "G"},
    {"name" : "[838217]/HVMPPT/DC_IN/ACTIVE_MONTH","value" : 0,"quality" : "G"},
    {"name" : "[838217]/HVMPPT/DC_IN/ENERGY_YEAR","value" : 0,"quality" : "G"},
    {"name" : "[838217]/HVMPPT/DC_IN/ACTIVE_YEAR","value" : 0,"quality" : "G"},
    {"name" : "[838217]/HVMPPT/DC_IN/ENERGY_LIFETIME","value" : 0,"quality" : "G"},
    {"name" : "[838217]/HVMPPT/DC_IN/ACTIVE_LIFETIME","value" : 0,"quality" : "G"},
    {"name" : "[838217]/HVMPPT/DC_OUT/ENERGY_HOUR","value" : 0,"quality" : "G"},
    {"name" : "[838217]/HVMPPT/DC_OUT/ACTIVE_HOUR","value" : 0,"quality" : "G"},
    {"name" : "[838217]/HVMPPT/DC_OUT/ENERGY_TODAY","value" : 0,"quality" : "G"},
    {"name" : "[838217]/HVMPPT/DC_OUT/ACTIVE_TODAY","value" : 0,"quality" : "G"},
    {"name" : "[838217]/HVMPPT/DC_OUT/ENERGY_WEEK","value" : 0,"quality" : "G"},
    {"name" : "[838217]/HVMPPT/DC_OUT/ACTIVE_WEEK","value" : 0,"quality" : "G"},
    {"name" : "[838217]/HVMPPT/DC_OUT/ENERGY_MONTH","value" : 0,"quality" : "G"},
    {"name" : "[838217]/HVMPPT/DC_OUT/ACTIVE_MONTH","value" : 0,"quality" : "G"},
    {"name" : "[838217]/HVMPPT/DC_OUT/ENERGY_YEAR","value" : 0,"quality" : "G"},
    {"name" : "[838217]/HVMPPT/DC_OUT/ACTIVE_YEAR","value" : 0,"quality" : "G"},
    {"name" : "[838217]/HVMPPT/DC_OUT/ENERGY_LIFETIME","value" : 0,"quality" : "G"},
    {"name" : "[838217]/HVMPPT/DC_OUT/ACTIVE_LIFETIME","value" : 0,"quality" : "G"},
    {"name" : "[838217]/HVMPPT/PV/CFG_EN","value" : 1,"quality" : "G"},
    {"name" : "[838217]/HVMPPT/PV/CFG_PWRXFER_MIN","value" : 255,"quality" : "G"},
    {"name" : "[838217]/HVMPPT/PV/CFG_PWRXFER_MAX","value" : 255,"quality" : "G"},
    {"name" : "[838217]/HVMPPT/PV/CFG_REF_VOLTS","value" : 195700,"quality" : "G"},
    {"name" : "[838217]/HVMPPT/PV/CFG_REF_VOLTS_MIN","value" : 192000,"quality" : "G"},
    {"name" : "[838217]/HVMPPT/PV/CFG_REF_VOLTS_MAX","value" : 600000,"quality" : "G"},
    {"name" : "[838217]/HVMPPT/BATT/CFG_TYPE","value" : 0,"quality" : "G"},
    {"name" : "[838217]/HVMPPT/BATT/CFG_NOM_V","value" : 24000,"quality" : "G"},
    {"name" : "[838217]/HVMPPT/BATT/CFG_AMP_HR_RATING","value" : 440,"quality" : "G"},
    {"name" : "[838217]/HVMPPT/BATT/CFG_AMP_HR_RATING_MIN","value" : 0,"quality" : "G"},
    {"name" : "[838217]/HVMPPT/BATT/CFG_AMP_HR_RATING_MAX","value" : 10000,"quality" : "G"},
    {"name" : "[838217]/HVMPPT/BATT/CFG_TEMP_COEFF","value" : 54,"quality" : "G"},
    {"name" : "[838217]/HVMPPT/BATT/CFG_TEMP_COEFF_MIN","value" : 255,"quality" : "G"},
    {"name" : "[838217]/HVMPPT/BATT/CFG_TEMP_COEFF_MAX","value" : 255,"quality" : "G"},
    {"name" : "[838217]/HVMPPT/CHG/CFG_CHARGER_ENABLE","value" : 0,"quality" : "G"},
    {"name" : "[838217]/HVMPPT/CHG/CFG_FORCE_CHG_STATE","value" : 0,"quality" : "G"},
    {"name" : "[838217]/HVMPPT/DEV/CFG_RESET","value" : 0,"quality" : "G"},
    {"name" : "[838217]/HVMPPT/DEV/CFG_OPMODE","value" : 3,"quality" : "G"},
    {"name" : "[838217]/HVMPPT/DEV/CFG_CLEAR","value" : 0,"quality" : "G"},
    {"name" : "[838217]/HVMPPT/CHG/CFG_EQLZ_V","value" : 32000,"quality" : "G"},
    {"name" : "[838217]/HVMPPT/CHG/CFG_EQLZ_V_MIN","value" : 32000,"quality" : "G"},
    {"name" : "[838217]/HVMPPT/CHG/CFG_EQLZ_V_MAX","value" : 32000,"quality" : "G"},
    {"name" : "[838217]/HVMPPT/CHG/CFG_EQLZ_SUPP_EN","value" : 1,"quality" : "G"},
    {"name" : "[838217]/HVMPPT/CHG/CFG_BULK_V","value" : 28800,"quality" : "G"},
    {"name" : "[838217]/HVMPPT/CHG/CFG_BULK_V_MIN","value" : 28800,"quality" : "G"},
    {"name" : "[838217]/HVMPPT/CHG/CFG_BULK_V_MAX","value" : 28800,"quality" : "G"},
    {"name" : "[838217]/HVMPPT/CHG/CFG_FLOAT_V","value" : 27000,"quality" : "G"},
    {"name" : "[838217]/HVMPPT/CHG/CFG_FLOAT_V_MIN","value" : 27000,"quality" : "G"},
    {"name" : "[838217]/HVMPPT/CHG/CFG_FLOAT_V_MAX","value" : 27000,"quality" : "G"},
    {"name" : "[838217]/HVMPPT/CHG/CFG_FLOAT_TERM_V","value" : 25000,"quality" : "G"},
    {"name" : "[838217]/HVMPPT/CHG/CFG_FLOAT_TERM_V_MIN","value" : 20000,"quality" : "G"},
    {"name" : "[838217]/HVMPPT/CHG/CFG_FLOAT_TERM_V_MAX","value" : 27000,"quality" : "G"},
    {"name" : "[838217]/HVMPPT/CHG/CFG_ABS_V","value" : 28800,"quality" : "G"},
    {"name" : "[838217]/HVMPPT/CHG/CFG_ABS_V_MIN","value" : 28800,"quality" : "G"},
    {"name" : "[838217]/HVMPPT/CHG/CFG_ABS_V_MAX","value" : 28800,"quality" : "G"},
    {"name" : "[838217]/HVMPPT/CHG/CFG_ABS_TERM_TIME_CONST_V","value" : 10800,"quality" : "G"},
    {"name" : "[838217]/HVMPPT/CHG/CFG_ABS_TERM_TIME_CONST_V_MIN","value" : 60,"quality" : "G"},
    {"name" : "[838217]/HVMPPT/CHG/CFG_ABS_TERM_TIME_CONST_V_MAX","value" : 28800,"quality" : "G"},
    {"name" : "[838217]/HVMPPT/CHG/CFG_ALGORITHM","value" : 1,"quality" : "G"},
    {"name" : "[838217]/HVMPPT/CHG/CFG_I_LIMIT","value" : 15,"quality" : "G"},
    {"name" : "[838217]/HVMPPT/CHG/CFG_I_LIMIT_MIN","value" : 1,"quality" : "G"},
    {"name" : "[838217]/HVMPPT/CHG/CFG_I_LIMIT_MAX","value" : 100,"quality" : "G"},
    {"name" : "[838217]/HVMPPT/CHG/CFG_EQLZ_ONE_TIME_EN_DIS","value" : 0,"quality" : "G"},
    {"name" : "[838217]/HVMPPT/CHG/CFG_MODE","value" : 2,"quality" : "G"},
    {"name" : "[838217]/HVMPPT/CHG/CFG_BATT_TEMP_NO_SENSOR","value" : 1,"quality" : "G"},
    {"name" : "[838217]/HVMPPT/DEV/CFG_PERIODIC_TRANSMIT_EN","value" : 1,"quality" : "G"},
    {"name" : "[838217]/HVMPPT/DEV/CFG_IDENTIFY_EN","value" : 0,"quality" : "G"},
    {"name" : "[838217]/HVMPPT/AUX/CFG_MANUAL_STS","value" : 0,"quality" : "G"},
    {"name" : "[838217]/HVMPPT/AUX/CFG_TRIGGER_SOURCE","value" : 0,"quality" : "G"},
    {"name" : "[838217]/HVMPPT/DEV/CFG_NETPWR_NIGHTTIME_DIS","value" : 0,"quality" : "G"},
    {"name" : "[838217]/HVMPPT/DEV/CFG_LOWPWR_NIGHTTIME_EN","value" : 0,"quality" : "G"},
    {"name" : "[838217]/HVMPPT/AUX/CFG_BATT_LOW_TRIG_SET_V","value" : 22000,"quality" : "G"},
    {"name" : "[838217]/HVMPPT/AUX/CFG_BATT_LOW_TRIG_SET_V_MIN","value" : 18000,"quality" : "G"},
    {"name" : "[838217]/HVMPPT/AUX/CFG_BATT_LOW_TRIG_SET_V_MAX","value" : 26000,"quality" : "G"},
    {"name" : "[838217]/HVMPPT/AUX/CFG_BATT_LOW_TRIG_SET_DELAY","value" : 100,"quality" : "G"},
    {"name" : "[838217]/HVMPPT/AUX/CFG_BATT_LOW_TRIG_SET_DELAY_MIN","value" : 0,"quality" : "G"},
    {"name" : "[838217]/HVMPPT/AUX/CFG_BATT_LOW_TRIG_SET_DELAY_MAX","value" : 59900,"quality" : "G"},
    {"name" : "[838217]/HVMPPT/AUX/CFG_BATT_LOW_TRIG_CLEAR_V","value" : 24000,"quality" : "G"},
    {"name" : "[838217]/HVMPPT/AUX/CFG_BATT_LOW_TRIG_CLEAR_V_MIN","value" : 18000,"quality" : "G"},
    {"name" : "[838217]/HVMPPT/AUX/CFG_BATT_LOW_TRIG_CLEAR_V_MAX","value" : 26000,"quality" : "G"},
    {"name" : "[838217]/HVMPPT/AUX/CFG_BATT_LOW_TRIG_CLEAR_DELAY","value" : 100,"quality" : "G"},
    {"name" : "[838217]/HVMPPT/AUX/CFG_BATT_LOW_TRIG_CLEAR_DELAY_MIN","value" : 0,"quality" : "G"},
    {"name" : "[838217]/HVMPPT/AUX/CFG_BATT_LOW_TRIG_CLEAR_DELAY_MAX","value" : 59900,"quality" : "G"},
    {"name" : "[838217]/HVMPPT/AUX/CFG_ARRAY_LOW_TRIG_SET_V","value" : 22000,"quality" : "G"},
    {"name" : "[838217]/HVMPPT/AUX/CFG_ARRAY_LOW_TRIG_SET_V_MIN","value" : 10000,"quality" : "G"},
    {"name" : "[838217]/HVMPPT/AUX/CFG_ARRAY_LOW_TRIG_SET_V_MAX","value" : 600000,"quality" : "G"},
    {"name" : "[838217]/HVMPPT/AUX/CFG_ARRAY_LOW_TRIG_SET_DELAY","value" : 100,"quality" : "G"},
    {"name" : "[838217]/HVMPPT/AUX/CFG_ARRAY_LOW_TRIG_SET_DELAY_MIN","value" : 0,"quality" : "G"},
    {"name" : "[838217]/HVMPPT/AUX/CFG_ARRAY_LOW_TRIG_SET_DELAY_MAX","value" : 59900,"quality" : "G"},
    {"name" : "[838217]/HVMPPT/AUX/CFG_ARRAY_LOW_TRIG_CLEAR_V","value" : 22000,"quality" : "G"},
    {"name" : "[838217]/HVMPPT/AUX/CFG_ARRAY_LOW_TRIG_CLEAR_V_MIN","value" : 10000,"quality" : "G"},
    {"name" : "[838217]/HVMPPT/AUX/CFG_ARRAY_LOW_TRIG_CLEAR_V_MAX","value" : 600000,"quality" : "G"},
    {"name" : "[838217]/HVMPPT/AUX/CFG_ARRAY_LOW_TRIG_CLEAR_DELAY","value" : 100,"quality" : "G"},
    {"name" : "[838217]/HVMPPT/AUX/CFG_ARRAY_LOW_TRIG_CLEAR_DELAY_MIN","value" : 0,"quality" : "G"},
    {"name" : "[838217]/HVMPPT/AUX/CFG_ARRAY_LOW_TRIG_CLEAR_DELAY_MAX","value" : 59900,"quality" : "G"},
    {"name" : "[838217]/HVMPPT/AUX/CFG_BATT_HIGH_TRIG_SET_V","value" : 28000,"quality" : "G"},
    {"name" : "[838217]/HVMPPT/AUX/CFG_BATT_HIGH_TRIG_SET_V_MIN","value" : 24000,"quality" : "G"},
    {"name" : "[838217]/HVMPPT/AUX/CFG_BATT_HIGH_TRIG_SET_V_MAX","value" : 32000,"quality" : "G"},
    {"name" : "[838217]/HVMPPT/AUX/CFG_BATT_HIGH_TRIG_SET_DELAY","value" : 100,"quality" : "G"},
    {"name" : "[838217]/HVMPPT/AUX/CFG_BATT_HIGH_TRIG_SET_DELAY_MIN","value" : 0,"quality" : "G"},
    {"name" : "[838217]/HVMPPT/AUX/CFG_BATT_HIGH_TRIG_SET_DELAY_MAX","value" : 59900,"quality" : "G"},
    {"name" : "[838217]/HVMPPT/AUX/CFG_BATT_HIGH_TRIG_CLEAR_V","value" : 26000,"quality" : "G"},
    {"name" : "[838217]/HVMPPT/AUX/CFG_BATT_HIGH_TRIG_CLEAR_V_MIN","value" : 24000,"quality" : "G"},
    {"name" : "[838217]/HVMPPT/AUX/CFG_BATT_HIGH_TRIG_CLEAR_V_MAX","value" : 32000,"quality" : "G"},
    {"name" : "[838217]/HVMPPT/AUX/CFG_BATT_HIGH_TRIG_CLEAR_DELAY","value" : 100,"quality" : "G"},
    {"name" : "[838217]/HVMPPT/AUX/CFG_BATT_HIGH_TRIG_CLEAR_DELAY_MIN","value" : 0,"quality" : "G"},
    {"name" : "[838217]/HVMPPT/AUX/CFG_BATT_HIGH_TRIG_CLEAR_DELAY_MAX","value" : 59900,"quality" : "G"},
    {"name" : "[838217]/HVMPPT/AUX/CFG_ARRAY_HIGH_TRIG_SET_V","value" : 575000,"quality" : "G"},
    {"name" : "[838217]/HVMPPT/AUX/CFG_ARRAY_HIGH_TRIG_SET_V_MIN","value" : 190000,"quality" : "G"},
    {"name" : "[838217]/HVMPPT/AUX/CFG_ARRAY_HIGH_TRIG_SET_V_MAX","value" : 600000,"quality" : "G"},
    {"name" : "[838217]/HVMPPT/AUX/CFG_ARRAY_HIGH_TRIG_SET_DELAY","value" : 100,"quality" : "G"},
    {"name" : "[838217]/HVMPPT/AUX/CFG_ARRAY_HIGH_TRIG_SET_DELAY_MIN","value" : 0,"quality" : "G"},
    {"name" : "[838217]/HVMPPT/AUX/CFG_ARRAY_HIGH_TRIG_SET_DELAY_MAX","value" : 59900,"quality" : "G"},
    {"name" : "[838217]/HVMPPT/AUX/CFG_ARRAY_HIGH_TRIG_CLEAR_V","value" : 500000,"quality" : "G"},
    {"name" : "[838217]/HVMPPT/AUX/CFG_ARRAY_HIGH_TRIG_CLEAR_V_MIN","value" : 190000,"quality" : "G"},
    {"name" : "[838217]/HVMPPT/AUX/CFG_ARRAY_HIGH_TRIG_CLEAR_V_MAX","value" : 600000,"quality" : "G"},
    {"name" : "[838217]/HVMPPT/AUX/CFG_ARRAY_HIGH_TRIG_CLEAR_DELAY","value" : 100,"quality" : "G"},
    {"name" : "[838217]/HVMPPT/AUX/CFG_ARRAY_HIGH_TRIG_CLEAR_DELAY_MIN","value" : 0,"quality" : "G"},
    {"name" : "[838217]/HVMPPT/AUX/CFG_ARRAY_HIGH_TRIG_CLEAR_DELAY_MAX","value" : 59900,"quality" : "G"},
    {"name" : "[838217]/HVMPPT/AUX/CFG_TEMP_LOW_TRIG_SET","value" : 263000,"quality" : "G"},
    {"name" : "[838217]/HVMPPT/AUX/CFG_TEMP_LOW_TRIG_SET_MIN","value" : 253000,"quality" : "G"},
    {"name" : "[838217]/HVMPPT/AUX/CFG_TEMP_LOW_TRIG_SET_MAX","value" : 283000,"quality" : "G"},
    {"name" : "[838217]/HVMPPT/AUX/CFG_TEMP_LOW_TRIG_SET_DELAY","value" : 100,"quality" : "G"},
    {"name" : "[838217]/HVMPPT/AUX/CFG_TEMP_LOW_TRIG_SET_DELAY_MIN","value" : 0,"quality" : "G"},
    {"name" : "[838217]/HVMPPT/AUX/CFG_TEMP_LOW_TRIG_SET_DELAY_MAX","value" : 59900,"quality" : "G"},
    {"name" : "[838217]/HVMPPT/AUX/CFG_TEMP_LOW_TRIG_CLEAR","value" : 268000,"quality" : "G"},
    {"name" : "[838217]/HVMPPT/AUX/CFG_TEMP_LOW_TRIG_CLEAR_MIN","value" : 253000,"quality" : "G"},
    {"name" : "[838217]/HVMPPT/AUX/CFG_TEMP_LOW_TRIG_CLEAR_MAX","value" : 283000,"quality" : "G"},
    {"name" : "[838217]/HVMPPT/AUX/CFG_TEMP_LOW_TRIG_CLEAR_DELAY","value" : 100,"quality" : "G"},
    {"name" : "[838217]/HVMPPT/AUX/CFG_TEMP_LOW_TRIG_CLEAR_DELAY_MIN","value" : 0,"quality" : "G"},
    {"name" : "[838217]/HVMPPT/AUX/CFG_TEMP_LOW_TRIG_CLEAR_DELAY_MAX","value" : 59900,"quality" : "G"},
    {"name" : "[838217]/HVMPPT/AUX/CFG_TEMP_HIGH_TRIG_SET","value" : 318000,"quality" : "G"},
    {"name" : "[838217]/HVMPPT/AUX/CFG_TEMP_HIGH_TRIG_SET_MIN","value" : 303000,"quality" : "G"},
    {"name" : "[838217]/HVMPPT/AUX/CFG_TEMP_HIGH_TRIG_SET_MAX","value" : 333000,"quality" : "G"},
    {"name" : "[838217]/HVMPPT/AUX/CFG_TEMP_HIGH_TRIG_SET_DELAY","value" : 100,"quality" : "G"},
    {"name" : "[838217]/HVMPPT/AUX/CFG_TEMP_HIGH_TRIG_SET_DELAY_MIN","value" : 0,"quality" : "G"},
    {"name" : "[838217]/HVMPPT/AUX/CFG_TEMP_HIGH_TRIG_SET_DELAY_MAX","value" : 59900,"quality" : "G"},
    {"name" : "[838217]/HVMPPT/AUX/CFG_TEMP_HIGH_TRIG_CLEAR","value" : 313000,"quality" : "G"},
    {"name" : "[838217]/HVMPPT/AUX/CFG_TEMP_HIGH_TRIG_CLEAR_MIN","value" : 303000,"quality" : "G"},
    {"name" : "[838217]/HVMPPT/AUX/CFG_TEMP_HIGH_TRIG_CLEAR_MAX","value" : 333000,"quality" : "G"},
    {"name" : "[838217]/HVMPPT/AUX/CFG_TEMP_HIGH_TRIG_CLEAR_DELAY","value" : 100,"quality" : "G"},
    {"name" : "[838217]/HVMPPT/AUX/CFG_TEMP_HIGH_TRIG_CLEAR_DELAY_MIN","value" : 0,"quality" : "G"},
    {"name" : "[838217]/HVMPPT/AUX/CFG_TEMP_HIGH_TRIG_CLEAR_DELAY_MAX","value" : 59900,"quality" : "G"},
    {"name" : "[838217]/HVMPPT/AUX/CFG_HS_TEMP_HIGH_TRIG_SET","value" : 363000,"quality" : "G"},
    {"name" : "[838217]/HVMPPT/AUX/CFG_HS_TEMP_HIGH_TRIG_SET_MIN","value" : 253000,"quality" : "G"},
    {"name" : "[838217]/HVMPPT/AUX/CFG_HS_TEMP_HIGH_TRIG_SET_MAX","value" : 368000,"quality" : "G"},
    {"name" : "[838217]/HVMPPT/AUX/CFG_HS_TEMP_HIGH_TRIG_SET_DELAY","value" : 100,"quality" : "G"},
    {"name" : "[838217]/HVMPPT/AUX/CFG_HS_TEMP_HIGH_TRIG_SET_DELAY_MIN","value" : 0,"quality" : "G"},
    {"name" : "[838217]/HVMPPT/AUX/CFG_HS_TEMP_HIGH_TRIG_SET_DELAY_MAX","value" : 59900,"quality" : "G"},
    {"name" : "[838217]/HVMPPT/AUX/CFG_HS_TEMP_HIGH_TRIG_CLEAR","value" : 358000,"quality" : "G"},
    {"name" : "[838217]/HVMPPT/AUX/CFG_HS_TEMP_HIGH_TRIG_CLEAR_MIN","value" : 253000,"quality" : "G"},
    {"name" : "[838217]/HVMPPT/AUX/CFG_HS_TEMP_HIGH_TRIG_CLEAR_MAX","value" : 368000,"quality" : "G"},
    {"name" : "[838217]/HVMPPT/AUX/CFG_HS_TEMP_HIGH_TRIG_CLEAR_DELAY","value" : 100,"quality" : "G"},
    {"name" : "[838217]/HVMPPT/AUX/CFG_HS_TEMP_HIGH_TRIG_CLEAR_DELAY_MIN","value" : 0,"quality" : "G"},
    {"name" : "[838217]/HVMPPT/AUX/CFG_HS_TEMP_HIGH_TRIG_CLEAR_DELAY_MAX","value" : 59900,"quality" : "G"},
    {"name" : "[838217]/HVMPPT/ASSOC/CFG_DC_INPUT","value" : 21,"quality" : "G"},
    {"name" : "[838217]/HVMPPT/ASSOC/CFG_DC_OUTPUT","value" : 3,"quality" : "G"}],"count" : 219,"responseTime" : 195}
