{ "values" : [{"name" : "[835209]/GT/LPHD/FGA","value" : "864-0001","quality" : "G"},
    {"name" : "[835209]/GT/LPHD/MODEL_NAME","value" : "GT0.0","quality" : "G"},
    {"name" : "[835209]/GT/LPHD/SERIALNUM","value" : "   CBE89","quality" : "G"},
    {"name" : "[835209]/GT/LFWB/VERSION","value" : 10501,"quality" : "G"},
    {"name" : "[835209]/GT/LFWB/BUILDNUMBER","value" : 65535,"quality" : "G"},
    {"name" : "[835209]/GT/FLT/NEW","value" : 0,"quality" : "G"},
    {"name" : "[835209]/GT/FLT/LIST","value" : [{"timestamp" : 4294967295, "id" : 58, "name" : "AC Output Voltage Shutdown ", "description" : "Grid Voltage Line to Line is beyond limits.  This is a utility fault; it will \nclear itself when the AC voltage comes within the specified range.  (see the \nelectrical specifications section in your user manual).  The message clears \nafter 15 seconds if the (> 264 V or < 211 V).\n"}],"quality" : "G"},
    {"name" : "[835209]/GT/FLT/LOG","value" : [{"timestamp" : 4294967295, "id" : 58, "name" : "AC Output Voltage Shutdown ", "description" : "Grid Voltage Line to Line is beyond limits.  This is a utility fault; it will \nclear itself when the AC voltage comes within the specified range.  (see the \nelectrical specifications section in your user manual).  The message clears \nafter 15 seconds if the (> 264 V or < 211 V).\n"}],"quality" : "G"},
    {"name" : "[835209]/GT/FLT/REFRESH","value" : 0,"quality" : "G"},
    {"name" : "[835209]/GT/FLT/REFRESH_COUNT","value" : 8,"quality" : "G"},
    {"name" : "[835209]/GT/WRN/NEW","value" : 0,"quality" : "G"},
    {"name" : "[835209]/GT/WRN/LIST","value" : [],"quality" : "G"},
    {"name" : "[835209]/GT/WRN/LOG","value" : [],"quality" : "G"},
    {"name" : "[835209]/GT/WRN/REFRESH","value" : 0,"quality" : "G"},
    {"name" : "[835209]/GT/WRN/REFRESH_COUNT","value" : 8,"quality" : "G"},
    {"name" : "[835209]/GT/DEV/DESIRED_MODE","value" : 3,"quality" : "G"},
    {"name" : "[835209]/GT/DEV/STATE","value" : 3,"quality" : "G"},
    {"name" : "[835209]/GT/DEV/LAST_MODE","value" : 255,"quality" : "G"},
    {"name" : "[835209]/GT/FLT/ACTIVE","value" : 1,"quality" : "G"},
    {"name" : "[835209]/GT/FLT/CHANGED","value" : 0,"quality" : "G"},
    {"name" : "[835209]/GT/WRN/ACTIVE","value" : 0,"quality" : "G"},
    {"name" : "[835209]/GT/WRN/CHANGED","value" : 0,"quality" : "G"},
    {"name" : "[835209]/GT/XB/PGNSTS","value" : {"Device ID" : 835209, "PGNSts" : [{"name" : "AssocCfg","pgn" : "0x12500","receiveCount" : 2,"state" : "Idle", "result" : "OK", "init" : "1", "sent" : 0,"received" : 0,"expected" : 2,"ACKCounter" : 0,"ACKCounterTotal" : 0,"NAKCounter" : 0,"NAKCounterTotal" : 0,"failCount" : 0,"updatePending" : 0,"changePending" : 0,"retries" : 10,"timeout_counter" : 10,"ACK Status" : 0,"Group Function Value" : -1}, {"name" : "Sts","pgn" : "0x1F00F","receiveCount" : 1018878,"state" : "Idle", "result" : "OK", "init" : "1", "sent" : 0,"received" : 0,"expected" : 1,"ACKCounter" : 0,"ACKCounterTotal" : 0,"NAKCounter" : 0,"NAKCounterTotal" : 0,"failCount" : 0,"updatePending" : 0,"changePending" : 0,"retries" : 10,"timeout_counter" : 10,"ACK Status" : 0,"Group Function Value" : -1}, {"name" : "HwRevSts","pgn" : "0x1F810","receiveCount" : 3,"state" : "Idle", "result" : "OK", "init" : "1", "sent" : 0,"received" : 0,"expected" : 1,"ACKCounter" : 0,"ACKCounterTotal" : 0,"NAKCounter" : 0,"NAKCounterTotal" : 0,"failCount" : 0,"updatePending" : 0,"changePending" : 0,"retries" : 10,"timeout_counter" : 10,"ACK Status" : 0,"Group Function Value" : -1}, {"name" : "ProdInfoSts","pgn" : "0x1F014","receiveCount" : 3,"state" : "Idle", "result" : "OK", "init" : "1", "sent" : 0,"received" : 0,"expected" : 1,"ACKCounter" : 0,"ACKCounterTotal" : 0,"NAKCounter" : 0,"NAKCounterTotal" : 0,"failCount" : 0,"updatePending" : 0,"changePending" : 0,"retries" : 10,"timeout_counter" : 10,"ACK Status" : 0,"Group Function Value" : -1}, {"name" : "SwVerSts","pgn" : "0x1F80E","receiveCount" : 8252,"state" : "Idle", "result" : "OK", "init" : "1", "sent" : 0,"received" : 0,"expected" : 1,"ACKCounter" : 0,"ACKCounterTotal" : 0,"NAKCounter" : 0,"NAKCounterTotal" : 0,"failCount" : 0,"updatePending" : 0,"changePending" : 0,"retries" : 10,"timeout_counter" : 10,"ACK Status" : 0,"Group Function Value" : -1}, {"name" : "InvSts","pgn" : "0x1F019","receiveCount" : 509436,"state" : "Idle", "result" : "OK", "init" : "1", "sent" : 0,"received" : 0,"expected" : 1,"ACKCounter" : 0,"ACKCounterTotal" : 0,"NAKCounter" : 0,"NAKCounterTotal" : 0,"failCount" : 0,"updatePending" : 0,"changePending" : 0,"retries" : 10,"timeout_counter" : 10,"ACK Status" : 0,"Group Function Value" : -1}, {"name" : "DcSrcSts","pgn" : "0x1F001","receiveCount" : 509435,"state" : "Idle", "result" : "OK", "init" : "1", "sent" : 0,"received" : 0,"expected" : 1,"ACKCounter" : 0,"ACKCounterTotal" : 0,"NAKCounter" : 0,"NAKCounterTotal" : 0,"failCount" : 0,"updatePending" : 0,"changePending" : 0,"retries" : 10,"timeout_counter" : 10,"ACK Status" : 0,"Group Function Value" : -1}, {"name" : "AcOutStsRms","pgn" : "0x1F006","receiveCount" : 509445,"state" : "Idle", "result" : "OK", "init" : "1", "sent" : 0,"received" : 0,"expected" : 1,"ACKCounter" : 0,"ACKCounterTotal" : 0,"NAKCounter" : 0,"NAKCounterTotal" : 0,"failCount" : 0,"updatePending" : 0,"changePending" : 0,"retries" : 10,"timeout_counter" : 10,"ACK Status" : 0,"Group Function Value" : -1}, {"name" : "NAMECfg","pgn" : "0x13A00","receiveCount" : 1,"state" : "Idle", "result" : "OK", "init" : "1", "sent" : 0,"received" : 0,"expected" : 1,"ACKCounter" : 0,"ACKCounterTotal" : 0,"NAKCounter" : 0,"NAKCounterTotal" : 0,"failCount" : 0,"updatePending" : 0,"changePending" : 0,"retries" : 10,"timeout_counter" : 10,"ACK Status" : 0,"Group Function Value" : -1}, {"name" : "EnDisCfg","pgn" : "0x13400","receiveCount" : 1,"state" : "Idle", "result" : "OK", "init" : "1", "sent" : 0,"received" : 0,"expected" : 1,"ACKCounter" : 0,"ACKCounterTotal" : 0,"NAKCounter" : 0,"NAKCounterTotal" : 0,"failCount" : 0,"updatePending" : 0,"changePending" : 0,"retries" : 10,"timeout_counter" : 10,"ACK Status" : 0,"Group Function Value" : -1}]},"quality" : "G"},
    {"name" : "[835209]/GT/XB/PGNINFO","value" : {"Device ID" : 835209, "PGNInfo" : [{"name" : "AssocCfg","pgn" : "0x12500","family" : 5}, {"name" : "Sts","pgn" : "0x1F00F","family" : 5}, {"name" : "HwRevSts","pgn" : "0x1F810","family" : 5}, {"name" : "ProdInfoSts","pgn" : "0x1F014","family" : 5}, {"name" : "SwVerSts","pgn" : "0x1F80E","family" : 5}, {"name" : "InvSts","pgn" : "0x1F019","family" : 5}, {"name" : "DcSrcSts","pgn" : "0x1F001","family" : 5}, {"name" : "AcOutStsRms","pgn" : "0x1F006","family" : 5}, {"name" : "NAMECfg","pgn" : "0x13A00","family" : 5}, {"name" : "EnDisCfg","pgn" : "0x13400","family" : 5}]},"quality" : "G"},
    {"name" : "[835209]/GT/XB/ADDR","value" : 9,"quality" : "G"},
    {"name" : "[835209]/GT/LPHD/UID","value" : 835209,"quality" : "G"},
    {"name" : "[835209]/GT/DEV/ACTIVE","value" : 1,"quality" : "G"},
    {"name" : "[835209]/GT/CFG/REFRESH","value" : 0,"quality" : "G"},
    {"name" : "[835209]/GT/CFG/INITIALIZED","value" : 1,"quality" : "G"},
    {"name" : "[835209]/GT/XB/FW_PROG","value" : 0,"quality" : "G"},
    {"name" : "[835209]/GT/XB/FW_FULL_PATH","value" : "0","quality" : "G"},
    {"name" : "[835209]/GT/XB/FW_PROG_STATUS","value" : "IDLE","quality" : "G"},
    {"name" : "[835209]/GT/XB/FW_PROG_ERROR","value" : [{"SETUP":"No Error"},{"REBOOT_DNLD":"No Error"},{"FWDNLD_FWXER":"No Error"},{"FWDNLD_INIT":"No Error"},{"REBOOT_NORMAL":"No Error"},{"REPORT":"No Error"}],"quality" : "G"},
    {"name" : "[835209]/GT/XB/FW_PROG_DEBUG","value" : 0,"quality" : "G"},
    {"name" : "[835209]/GT/LPHD/CFG_DEVICE_NAME","value" : "0","quality" : "G"},
    {"name" : "[835209]/GT/MB/CFG_ADDRESS","value" : 0,"quality" : "G"},
    {"name" : "[835209]/GT/LPHD/CFG_DEVICE_INSTANCE","value" : 5,"quality" : "G"},
    {"name" : "[835209]/GT/LPHD/CFG_SYSTEM_INSTANCE","value" : 0,"quality" : "G"},
    {"name" : "[835209]/GT/CFG/STATUS","value" : 0,"quality" : "G"},
    {"name" : "[835209]/GT/CFG/REFRESH_COUNT","value" : 1,"quality" : "G"},
    {"name" : "[835209]/GT/INV/EN","value" : 1,"quality" : "G"},
    {"name" : "[835209]/GT/FLT/COUNT","value" : 0,"quality" : "G"},
    {"name" : "[835209]/GT/FLT/STS0","value" : 256,"quality" : "G"},
    {"name" : "[835209]/GT/CFG/ERROR_COUNT","value" : 0,"quality" : "G"},
    {"name" : "[835209]/GT/DC/V","value" : 0,"quality" : "G"},
    {"name" : "[835209]/GT/DC/I","value" : 0,"quality" : "G"},
    {"name" : "[835209]/GT/DC/P","value" : 0,"quality" : "G"},
    {"name" : "[835209]/GT/AC1/V","value" : 0,"quality" : "G"},
    {"name" : "[835209]/GT/AC1/I","value" : 0,"quality" : "G"},
    {"name" : "[835209]/GT/AC1/F","value" : 0,"quality" : "G"},
    {"name" : "[835209]/GT/INV/STS","value" : 1031,"quality" : "G"},
    {"name" : "[835209]/GT/AC1/P","value" : 0,"quality" : "G"},
    {"name" : "[835209]/GT/LOAD/P","value" : 0,"quality" : "G"},
    {"name" : "[835209]/GT/GRID/P","value" : 0,"quality" : "G"},
    {"name" : "[835209]/GT/DC_IN/ENERGY_HOUR","value" : 0,"quality" : "G"},
    {"name" : "[835209]/GT/DC_IN/ACTIVE_HOUR","value" : 0,"quality" : "G"},
    {"name" : "[835209]/GT/DC_IN/ENERGY_DAY","value" : 0,"quality" : "G"},
    {"name" : "[835209]/GT/DC_IN/ACTIVE_DAY","value" : 0,"quality" : "G"},
    {"name" : "[835209]/GT/DC_IN/ENERGY_WEEK","value" : 0,"quality" : "G"},
    {"name" : "[835209]/GT/DC_IN/ACTIVE_WEEK","value" : 0,"quality" : "G"},
    {"name" : "[835209]/GT/DC_IN/ENERGY_MONTH","value" : 0,"quality" : "G"},
    {"name" : "[835209]/GT/DC_IN/ACTIVE_MONTH","value" : 0,"quality" : "G"},
    {"name" : "[835209]/GT/DC_IN/ENERGY_YEAR","value" : 0,"quality" : "G"},
    {"name" : "[835209]/GT/DC_IN/ACTIVE_YEAR","value" : 0,"quality" : "G"},
    {"name" : "[835209]/GT/DC_IN/ENERGY_LIFETIME","value" : 0,"quality" : "G"},
    {"name" : "[835209]/GT/DC_IN/ACTIVE_LIFETIME","value" : 0,"quality" : "G"},
    {"name" : "[835209]/GT/AC1_OUT/ENERGY_HOUR","value" : 0,"quality" : "G"},
    {"name" : "[835209]/GT/AC1_OUT/ACTIVE_HOUR","value" : 0,"quality" : "G"},
    {"name" : "[835209]/GT/AC1_OUT/ENERGY_DAY","value" : 0,"quality" : "G"},
    {"name" : "[835209]/GT/AC1_OUT/ACTIVE_DAY","value" : 0,"quality" : "G"},
    {"name" : "[835209]/GT/AC1_OUT/ENERGY_WEEK","value" : 0,"quality" : "G"},
    {"name" : "[835209]/GT/AC1_OUT/ACTIVE_WEEK","value" : 0,"quality" : "G"},
    {"name" : "[835209]/GT/AC1_OUT/ENERGY_MONTH","value" : 0,"quality" : "G"},
    {"name" : "[835209]/GT/AC1_OUT/ACTIVE_MONTH","value" : 0,"quality" : "G"},
    {"name" : "[835209]/GT/AC1_OUT/ENERGY_YEAR","value" : 0,"quality" : "G"},
    {"name" : "[835209]/GT/AC1_OUT/ACTIVE_YEAR","value" : 0,"quality" : "G"},
    {"name" : "[835209]/GT/AC1_OUT/ENERGY_LIFETIME","value" : 0,"quality" : "G"},
    {"name" : "[835209]/GT/AC1_OUT/ACTIVE_LIFETIME","value" : 0,"quality" : "G"},
    {"name" : "[835209]/GT/LOAD/ENERGY_HOUR","value" : 0,"quality" : "G"},
    {"name" : "[835209]/GT/LOAD/ACTIVE_HOUR","value" : 0,"quality" : "G"},
    {"name" : "[835209]/GT/LOAD/ENERGY_DAY","value" : 0,"quality" : "G"},
    {"name" : "[835209]/GT/LOAD/ACTIVE_DAY","value" : 0,"quality" : "G"},
    {"name" : "[835209]/GT/LOAD/ENERGY_WEEK","value" : 0,"quality" : "G"},
    {"name" : "[835209]/GT/LOAD/ACTIVE_WEEK","value" : 0,"quality" : "G"},
    {"name" : "[835209]/GT/LOAD/ENERGY_MONTH","value" : 0,"quality" : "G"},
    {"name" : "[835209]/GT/LOAD/ACTIVE_MONTH","value" : 0,"quality" : "G"},
    {"name" : "[835209]/GT/LOAD/ENERGY_YEAR","value" : 0,"quality" : "G"},
    {"name" : "[835209]/GT/LOAD/ACTIVE_YEAR","value" : 0,"quality" : "G"},
    {"name" : "[835209]/GT/LOAD/ENERGY_LIFETIME","value" : 0,"quality" : "G"},
    {"name" : "[835209]/GT/LOAD/ACTIVE_LIFETIME","value" : 0,"quality" : "G"},
    {"name" : "[835209]/GT/GRID/ENERGY_HOUR","value" : 0,"quality" : "G"},
    {"name" : "[835209]/GT/GRID/ACTIVE_HOUR","value" : 0,"quality" : "G"},
    {"name" : "[835209]/GT/GRID/ENERGY_DAY","value" : 0,"quality" : "G"},
    {"name" : "[835209]/GT/GRID/ACTIVE_DAY","value" : 0,"quality" : "G"},
    {"name" : "[835209]/GT/GRID/ENERGY_WEEK","value" : 0,"quality" : "G"},
    {"name" : "[835209]/GT/GRID/ACTIVE_WEEK","value" : 0,"quality" : "G"},
    {"name" : "[835209]/GT/GRID/ENERGY_MONTH","value" : 0,"quality" : "G"},
    {"name" : "[835209]/GT/GRID/ACTIVE_MONTH","value" : 0,"quality" : "G"},
    {"name" : "[835209]/GT/GRID/ENERGY_YEAR","value" : 0,"quality" : "G"},
    {"name" : "[835209]/GT/GRID/ACTIVE_YEAR","value" : 0,"quality" : "G"},
    {"name" : "[835209]/GT/GRID/ENERGY_LIFETIME","value" : 0,"quality" : "G"},
    {"name" : "[835209]/GT/GRID/ACTIVE_LIFETIME","value" : 0,"quality" : "G"},
    {"name" : "[835209]/GT/DEV/CFG_RESET","value" : 0,"quality" : "G"},
    {"name" : "[835209]/GT/DEV/CFG_OPMODE","value" : 3,"quality" : "G"},
    {"name" : "[835209]/GT/DEV/CFG_CLEAR","value" : 0,"quality" : "G"},
    {"name" : "[835209]/GT/DEV/CFG_PERIODIC_TRANSMIT_ENABLE","value" : 1,"quality" : "G"},
    {"name" : "[835209]/GT/DEV/CFG_IDENTIFY_ENABLE","value" : 0,"quality" : "G"},
    {"name" : "[835209]/GT/ASSOC/CFG_DC_INPUT","value" : 21,"quality" : "G"},
    {"name" : "[835209]/GT/ASSOC/CFG_AC_OUTPUT","value" : 35,"quality" : "G"}],"count" : 109,"responseTime" : 187}
     
