{ "values" : [{"name" : "[20099]/XW/LPHD/FGA","value" : "865-1010","quality" : "G"},
    {"name" : "[20099]/XW/LPHD/MODEL_NAME","value" : "XW4024","quality" : "G"},
    {"name" : "[20099]/XW/LPHD/SERIALNUM","value" : "000014E04E83","quality" : "G"},
    {"name" : "[20099]/XW/LFWB/VERSION","value" : 10700,"quality" : "G"},
    {"name" : "[20099]/XW/LFWB/BUILDNUMBER","value" : 3,"quality" : "G"},
    {"name" : "[20099]/XW/FLT/NEW","value" : 0,"quality" : "G"},
    {"name" : "[20099]/XW/FLT/LIST","value" : [{"timestamp" : 1512400735, "id" : 48, "name" : "DC Under Voltage", "description" : "Cause: DC under-voltage shutdown occurs if DC voltage is below\nLBCO voltage level.\nSolution: Check for the correct battery voltage at the\ninverter's DC input terminals.  Check for an external\nDC load on the batteries.  Check condition of batteries\nand recharge if possible.\n"}],"quality" : "G"},
    {"name" : "[20099]/XW/FLT/LOG","value" : [{"timestamp" : 1484002960, "id" : 48, "name" : "DC Under Voltage", "description" : "Cause: DC under-voltage shutdown occurs if DC voltage is below\nLBCO voltage level.\nSolution: Check for the correct battery voltage at the\ninverter's DC input terminals.  Check for an external\nDC load on the batteries.  Check condition of batteries\nand recharge if possible.\n"},{"timestamp" : 1512400735, "id" : 48, "name" : "DC Under Voltage", "description" : "Cause: DC under-voltage shutdown occurs if DC voltage is below\nLBCO voltage level.\nSolution: Check for the correct battery voltage at the\ninverter's DC input terminals.  Check for an external\nDC load on the batteries.  Check condition of batteries\nand recharge if possible.\n"},{"timestamp" : 1512023628, "id" : 48, "name" : "DC Under Voltage", "description" : "Cause: DC under-voltage shutdown occurs if DC voltage is below\nLBCO voltage level.\nSolution: Check for the correct battery voltage at the\ninverter's DC input terminals.  Check for an external\nDC load on the batteries.  Check condition of batteries\nand recharge if possible.\n"},{"timestamp" : 2098068290, "id" : 29, "name" : "AI Over Voltage", "description" : "Cause: Over-voltage anti-islanding, fast disconnect, 270 Vac.\nSolution: No action required.  The inverter stops selling and\ndisconnects from the grid.  When the fault clears, a five-minute\ntimer begins counting down.  The inverter does not sell again until\ngrid voltage and frequency are within range for five minutes.\n"},{"timestamp" : 1484003793, "id" : 48, "name" : "DC Under Voltage", "description" : "Cause: DC under-voltage shutdown occurs if DC voltage is below\nLBCO voltage level.\nSolution: Check for the correct battery voltage at the\ninverter's DC input terminals.  Check for an external\nDC load on the batteries.  Check condition of batteries\nand recharge if possible.\n"},{"timestamp" : 1484003765, "id" : 48, "name" : "DC Under Voltage", "description" : "Cause: DC under-voltage shutdown occurs if DC voltage is below\nLBCO voltage level.\nSolution: Check for the correct battery voltage at the\ninverter's DC input terminals.  Check for an external\nDC load on the batteries.  Check condition of batteries\nand recharge if possible.\n"},{"timestamp" : 1484003662, "id" : 48, "name" : "DC Under Voltage", "description" : "Cause: DC under-voltage shutdown occurs if DC voltage is below\nLBCO voltage level.\nSolution: Check for the correct battery voltage at the\ninverter's DC input terminals.  Check for an external\nDC load on the batteries.  Check condition of batteries\nand recharge if possible.\n"},{"timestamp" : 1484003634, "id" : 48, "name" : "DC Under Voltage", "description" : "Cause: DC under-voltage shutdown occurs if DC voltage is below\nLBCO voltage level.\nSolution: Check for the correct battery voltage at the\ninverter's DC input terminals.  Check for an external\nDC load on the batteries.  Check condition of batteries\nand recharge if possible.\n"},{"timestamp" : 1484003608, "id" : 48, "name" : "DC Under Voltage", "description" : "Cause: DC under-voltage shutdown occurs if DC voltage is below\nLBCO voltage level.\nSolution: Check for the correct battery voltage at the\ninverter's DC input terminals.  Check for an external\nDC load on the batteries.  Check condition of batteries\nand recharge if possible.\n"},{"timestamp" : 1484003413, "id" : 48, "name" : "DC Under Voltage", "description" : "Cause: DC under-voltage shutdown occurs if DC voltage is below\nLBCO voltage level.\nSolution: Check for the correct battery voltage at the\ninverter's DC input terminals.  Check for an external\nDC load on the batteries.  Check condition of batteries\nand recharge if possible.\n"},{"timestamp" : 1484003377, "id" : 48, "name" : "DC Under Voltage", "description" : "Cause: DC under-voltage shutdown occurs if DC voltage is below\nLBCO voltage level.\nSolution: Check for the correct battery voltage at the\ninverter's DC input terminals.  Check for an external\nDC load on the batteries.  Check condition of batteries\nand recharge if possible.\n"},{"timestamp" : 1484003348, "id" : 48, "name" : "DC Under Voltage", "description" : "Cause: DC under-voltage shutdown occurs if DC voltage is below\nLBCO voltage level.\nSolution: Check for the correct battery voltage at the\ninverter's DC input terminals.  Check for an external\nDC load on the batteries.  Check condition of batteries\nand recharge if possible.\n"},{"timestamp" : 1484003321, "id" : 48, "name" : "DC Under Voltage", "description" : "Cause: DC under-voltage shutdown occurs if DC voltage is below\nLBCO voltage level.\nSolution: Check for the correct battery voltage at the\ninverter's DC input terminals.  Check for an external\nDC load on the batteries.  Check condition of batteries\nand recharge if possible.\n"},{"timestamp" : 1484003243, "id" : 48, "name" : "DC Under Voltage", "description" : "Cause: DC under-voltage shutdown occurs if DC voltage is below\nLBCO voltage level.\nSolution: Check for the correct battery voltage at the\ninverter's DC input terminals.  Check for an external\nDC load on the batteries.  Check condition of batteries\nand recharge if possible.\n"},{"timestamp" : 1484003195, "id" : 48, "name" : "DC Under Voltage", "description" : "Cause: DC under-voltage shutdown occurs if DC voltage is below\nLBCO voltage level.\nSolution: Check for the correct battery voltage at the\ninverter's DC input terminals.  Check for an external\nDC load on the batteries.  Check condition of batteries\nand recharge if possible.\n"},{"timestamp" : 1484003167, "id" : 48, "name" : "DC Under Voltage", "description" : "Cause: DC under-voltage shutdown occurs if DC voltage is below\nLBCO voltage level.\nSolution: Check for the correct battery voltage at the\ninverter's DC input terminals.  Check for an external\nDC load on the batteries.  Check condition of batteries\nand recharge if possible.\n"},{"timestamp" : 1484003117, "id" : 48, "name" : "DC Under Voltage", "description" : "Cause: DC under-voltage shutdown occurs if DC voltage is below\nLBCO voltage level.\nSolution: Check for the correct battery voltage at the\ninverter's DC input terminals.  Check for an external\nDC load on the batteries.  Check condition of batteries\nand recharge if possible.\n"},{"timestamp" : 1484003090, "id" : 48, "name" : "DC Under Voltage", "description" : "Cause: DC under-voltage shutdown occurs if DC voltage is below\nLBCO voltage level.\nSolution: Check for the correct battery voltage at the\ninverter's DC input terminals.  Check for an external\nDC load on the batteries.  Check condition of batteries\nand recharge if possible.\n"},{"timestamp" : 1484003015, "id" : 48, "name" : "DC Under Voltage", "description" : "Cause: DC under-voltage shutdown occurs if DC voltage is below\nLBCO voltage level.\nSolution: Check for the correct battery voltage at the\ninverter's DC input terminals.  Check for an external\nDC load on the batteries.  Check condition of batteries\nand recharge if possible.\n"},{"timestamp" : 1484002987, "id" : 48, "name" : "DC Under Voltage", "description" : "Cause: DC under-voltage shutdown occurs if DC voltage is below\nLBCO voltage level.\nSolution: Check for the correct battery voltage at the\ninverter's DC input terminals.  Check for an external\nDC load on the batteries.  Check condition of batteries\nand recharge if possible.\n"}],"quality" : "G"},
    {"name" : "[20099]/XW/FLT/REFRESH","value" : 0,"quality" : "G"},
    {"name" : "[20099]/XW/FLT/REFRESH_COUNT","value" : 27,"quality" : "G"},
    {"name" : "[20099]/XW/WRN/NEW","value" : 0,"quality" : "G"},
    {"name" : "[20099]/XW/WRN/LIST","value" : [],"quality" : "G"},
    {"name" : "[20099]/XW/WRN/LOG","value" : [{"timestamp" : 1484003599, "id" : 48, "name" : "DC Under Voltage", "description" : "Cause: Battery Voltage is below 47V ( 48V systems ) or 23.5V ( 24V systems ).\nSolution: Check for the correct battery voltage at the inverter's DC input terminals. \nCheck for an external DC load on the batteries.  Check condition of batteries and \nrecharge if possible or reduce your Low Batt Cut Out Setting.\n"},{"timestamp" : 1511995479, "id" : 48, "name" : "DC Under Voltage", "description" : "Cause: Battery Voltage is below 47V ( 48V systems ) or 23.5V ( 24V systems ).\nSolution: Check for the correct battery voltage at the inverter's DC input terminals. \nCheck for an external DC load on the batteries.  Check condition of batteries and \nrecharge if possible or reduce your Low Batt Cut Out Setting.\n"},{"timestamp" : 1484003809, "id" : 48, "name" : "DC Under Voltage", "description" : "Cause: Battery Voltage is below 47V ( 48V systems ) or 23.5V ( 24V systems ).\nSolution: Check for the correct battery voltage at the inverter's DC input terminals. \nCheck for an external DC load on the batteries.  Check condition of batteries and \nrecharge if possible or reduce your Low Batt Cut Out Setting.\n"},{"timestamp" : 1484003783, "id" : 48, "name" : "DC Under Voltage", "description" : "Cause: Battery Voltage is below 47V ( 48V systems ) or 23.5V ( 24V systems ).\nSolution: Check for the correct battery voltage at the inverter's DC input terminals. \nCheck for an external DC load on the batteries.  Check condition of batteries and \nrecharge if possible or reduce your Low Batt Cut Out Setting.\n"},{"timestamp" : 1484003757, "id" : 48, "name" : "DC Under Voltage", "description" : "Cause: Battery Voltage is below 47V ( 48V systems ) or 23.5V ( 24V systems ).\nSolution: Check for the correct battery voltage at the inverter's DC input terminals. \nCheck for an external DC load on the batteries.  Check condition of batteries and \nrecharge if possible or reduce your Low Batt Cut Out Setting.\n"},{"timestamp" : 1484003729, "id" : 48, "name" : "DC Under Voltage", "description" : "Cause: Battery Voltage is below 47V ( 48V systems ) or 23.5V ( 24V systems ).\nSolution: Check for the correct battery voltage at the inverter's DC input terminals. \nCheck for an external DC load on the batteries.  Check condition of batteries and \nrecharge if possible or reduce your Low Batt Cut Out Setting.\n"},{"timestamp" : 1484003704, "id" : 48, "name" : "DC Under Voltage", "description" : "Cause: Battery Voltage is below 47V ( 48V systems ) or 23.5V ( 24V systems ).\nSolution: Check for the correct battery voltage at the inverter's DC input terminals. \nCheck for an external DC load on the batteries.  Check condition of batteries and \nrecharge if possible or reduce your Low Batt Cut Out Setting.\n"},{"timestamp" : 1484003680, "id" : 48, "name" : "DC Under Voltage", "description" : "Cause: Battery Voltage is below 47V ( 48V systems ) or 23.5V ( 24V systems ).\nSolution: Check for the correct battery voltage at the inverter's DC input terminals. \nCheck for an external DC load on the batteries.  Check condition of batteries and \nrecharge if possible or reduce your Low Batt Cut Out Setting.\n"},{"timestamp" : 1484003653, "id" : 48, "name" : "DC Under Voltage", "description" : "Cause: Battery Voltage is below 47V ( 48V systems ) or 23.5V ( 24V systems ).\nSolution: Check for the correct battery voltage at the inverter's DC input terminals. \nCheck for an external DC load on the batteries.  Check condition of batteries and \nrecharge if possible or reduce your Low Batt Cut Out Setting.\n"},{"timestamp" : 1484003625, "id" : 48, "name" : "DC Under Voltage", "description" : "Cause: Battery Voltage is below 47V ( 48V systems ) or 23.5V ( 24V systems ).\nSolution: Check for the correct battery voltage at the inverter's DC input terminals. \nCheck for an external DC load on the batteries.  Check condition of batteries and \nrecharge if possible or reduce your Low Batt Cut Out Setting.\n"}],"quality" : "G"},
    {"name" : "[20099]/XW/WRN/REFRESH","value" : 0,"quality" : "G"},
    {"name" : "[20099]/XW/WRN/REFRESH_COUNT","value" : 14,"quality" : "G"},
    {"name" : "[20099]/XW/DEV/DESIRED_MODE","value" : 3,"quality" : "G"},
    {"name" : "[20099]/XW/DEV/STATE","value" : 3,"quality" : "G"},
    {"name" : "[20099]/XW/DEV/LAST_MODE","value" : 1,"quality" : "G"},
    {"name" : "[20099]/XW/FLT/ACTIVE","value" : 1,"quality" : "G"},
    {"name" : "[20099]/XW/FLT/CHANGED","value" : 0,"quality" : "G"},
    {"name" : "[20099]/XW/WRN/ACTIVE","value" : 0,"quality" : "G"},
    {"name" : "[20099]/XW/WRN/CHANGED","value" : 0,"quality" : "G"},
    {"name" : "[20099]/XW/XB/PGNSTS","value" : {"Device ID" : 20099, "PGNSts" : [{"name" : "AssocCfg","pgn" : "0x12500","receiveCount" : 4,"state" : "Idle", "result" : "OK", "init" : "0", "sent" : 0,"received" : 0,"expected" : 4,"ACKCounter" : 0,"ACKCounterTotal" : 0,"NAKCounter" : 0,"NAKCounterTotal" : 0,"failCount" : 0,"updatePending" : 1,"changePending" : 0,"retries" : 10,"timeout_counter" : 10,"ACK Status" : 0,"Group Function Value" : -1}, {"name" : "Sts","pgn" : "0x1F00F","receiveCount" : 1041970,"state" : "Idle", "result" : "OK", "init" : "1", "sent" : 0,"received" : 0,"expected" : 1,"ACKCounter" : 0,"ACKCounterTotal" : 0,"NAKCounter" : 0,"NAKCounterTotal" : 0,"failCount" : 0,"updatePending" : 0,"changePending" : 0,"retries" : 10,"timeout_counter" : 10,"ACK Status" : 0,"Group Function Value" : -1}, {"name" : "HwRevSts","pgn" : "0x1F810","receiveCount" : 7,"state" : "Idle", "result" : "OK", "init" : "1", "sent" : 0,"received" : 0,"expected" : 1,"ACKCounter" : 0,"ACKCounterTotal" : 0,"NAKCounter" : 0,"NAKCounterTotal" : 0,"failCount" : 0,"updatePending" : 0,"changePending" : 0,"retries" : 10,"timeout_counter" : 10,"ACK Status" : 0,"Group Function Value" : -1}, {"name" : "ProdInfoSts","pgn" : "0x1F014","receiveCount" : 9,"state" : "Idle", "result" : "OK", "init" : "1", "sent" : 0,"received" : 0,"expected" : 1,"ACKCounter" : 0,"ACKCounterTotal" : 0,"NAKCounter" : 0,"NAKCounterTotal" : 0,"failCount" : 0,"updatePending" : 0,"changePending" : 0,"retries" : 10,"timeout_counter" : 10,"ACK Status" : 0,"Group Function Value" : -1}, {"name" : "SwVerSts","pgn" : "0x1F80E","receiveCount" : 8244,"state" : "Idle", "result" : "OK", "init" : "1", "sent" : 0,"received" : 0,"expected" : 1,"ACKCounter" : 0,"ACKCounterTotal" : 0,"NAKCounter" : 0,"NAKCounterTotal" : 0,"failCount" : 0,"updatePending" : 0,"changePending" : 0,"retries" : 10,"timeout_counter" : 10,"ACK Status" : 0,"Group Function Value" : -1}, {"name" : "AcStsRms","pgn" : "0x1F016","receiveCount" : 207,"state" : "Idle", "result" : "OK", "init" : "1", "sent" : 0,"received" : 0,"expected" : 1,"ACKCounter" : 0,"ACKCounterTotal" : 0,"NAKCounter" : 0,"NAKCounterTotal" : 0,"failCount" : 0,"updatePending" : 0,"changePending" : 0,"retries" : 10,"timeout_counter" : 10,"ACK Status" : 0,"Group Function Value" : -1}, {"name" : "AcInStsRms","pgn" : "0x1F003","receiveCount" : 1041834,"state" : "Idle", "result" : "OK", "init" : "1", "sent" : 0,"received" : 0,"expected" : 1,"ACKCounter" : 0,"ACKCounterTotal" : 0,"NAKCounter" : 0,"NAKCounterTotal" : 0,"failCount" : 0,"updatePending" : 0,"changePending" : 0,"retries" : 10,"timeout_counter" : 10,"ACK Status" : 0,"Group Function Value" : -1}, {"name" : "AcOutStsRms","pgn" : "0x1F006","receiveCount" : 1041838,"state" : "Idle", "result" : "OK", "init" : "1", "sent" : 0,"received" : 0,"expected" : 1,"ACKCounter" : 0,"ACKCounterTotal" : 0,"NAKCounter" : 0,"NAKCounterTotal" : 0,"failCount" : 0,"updatePending" : 0,"changePending" : 0,"retries" : 10,"timeout_counter" : 10,"ACK Status" : 0,"Group Function Value" : -1}, {"name" : "AcXferSwSts","pgn" : "0x1F0BF","receiveCount" : 520986,"state" : "Idle", "result" : "OK", "init" : "1", "sent" : 0,"received" : 0,"expected" : 1,"ACKCounter" : 0,"ACKCounterTotal" : 0,"NAKCounter" : 0,"NAKCounterTotal" : 0,"failCount" : 0,"updatePending" : 0,"changePending" : 0,"retries" : 10,"timeout_counter" : 10,"ACK Status" : 0,"Group Function Value" : -1}, {"name" : "InvSts2","pgn" : "0x1F0BD","receiveCount" : 1041971,"state" : "Idle", "result" : "OK", "init" : "1", "sent" : 0,"received" : 0,"expected" : 1,"ACKCounter" : 0,"ACKCounterTotal" : 0,"NAKCounter" : 0,"NAKCounterTotal" : 0,"failCount" : 0,"updatePending" : 0,"changePending" : 0,"retries" : 10,"timeout_counter" : 10,"ACK Status" : 0,"Group Function Value" : -1}, {"name" : "SpsSts","pgn" : "0x1F0C6","receiveCount" : 520977,"state" : "Idle", "result" : "OK", "init" : "1", "sent" : 0,"received" : 0,"expected" : 1,"ACKCounter" : 0,"ACKCounterTotal" : 0,"NAKCounter" : 0,"NAKCounterTotal" : 0,"failCount" : 0,"updatePending" : 0,"changePending" : 0,"retries" : 10,"timeout_counter" : 10,"ACK Status" : 0,"Group Function Value" : -1}, {"name" : "BattSts2","pgn" : "0x1F0C4","receiveCount" : 520977,"state" : "Idle", "result" : "OK", "init" : "1", "sent" : 0,"received" : 0,"expected" : 1,"ACKCounter" : 0,"ACKCounterTotal" : 0,"NAKCounter" : 0,"NAKCounterTotal" : 0,"failCount" : 0,"updatePending" : 0,"changePending" : 0,"retries" : 10,"timeout_counter" : 10,"ACK Status" : 0,"Group Function Value" : -1}, {"name" : "ChgSts","pgn" : "0x1F00E","receiveCount" : 520980,"state" : "Idle", "result" : "OK", "init" : "1", "sent" : 0,"received" : 0,"expected" : 1,"ACKCounter" : 0,"ACKCounterTotal" : 0,"NAKCounter" : 0,"NAKCounterTotal" : 0,"failCount" : 0,"updatePending" : 0,"changePending" : 0,"retries" : 10,"timeout_counter" : 10,"ACK Status" : 0,"Group Function Value" : -1}, {"name" : "DcSrcSts2","pgn" : "0x1F0C5","receiveCount" : 520982,"state" : "Idle", "result" : "OK", "init" : "1", "sent" : 0,"received" : 0,"expected" : 1,"ACKCounter" : 0,"ACKCounterTotal" : 0,"NAKCounter" : 0,"NAKCounterTotal" : 0,"failCount" : 0,"updatePending" : 0,"changePending" : 0,"retries" : 10,"timeout_counter" : 10,"ACK Status" : 0,"Group Function Value" : -1}, {"name" : "DcSrcCfgBatt","pgn" : "0x11D00","receiveCount" : 1,"state" : "Idle", "result" : "OK", "init" : "0", "sent" : 0,"received" : 0,"expected" : 1,"ACKCounter" : 0,"ACKCounterTotal" : 0,"NAKCounter" : 0,"NAKCounterTotal" : 0,"failCount" : 0,"updatePending" : 1,"changePending" : 0,"retries" : 10,"timeout_counter" : 10,"ACK Status" : 0,"Group Function Value" : -1}, {"name" : "NAMECfg","pgn" : "0x13A00","receiveCount" : 1,"state" : "Idle", "result" : "OK", "init" : "0", "sent" : 0,"received" : 0,"expected" : 1,"ACKCounter" : 0,"ACKCounterTotal" : 0,"NAKCounter" : 0,"NAKCounterTotal" : 0,"failCount" : 0,"updatePending" : 1,"changePending" : 0,"retries" : 10,"timeout_counter" : 10,"ACK Status" : 0,"Group Function Value" : -1}, {"name" : "GridTieCfg","pgn" : "0x1C000","receiveCount" : 2,"state" : "Idle", "result" : "OK", "init" : "0", "sent" : 0,"received" : 0,"expected" : 2,"ACKCounter" : 0,"ACKCounterTotal" : 0,"NAKCounter" : 0,"NAKCounterTotal" : 0,"failCount" : 0,"updatePending" : 1,"changePending" : 0,"retries" : 10,"timeout_counter" : 10,"ACK Status" : 0,"Group Function Value" : -1}, {"name" : "InvCfgLoadSense","pgn" : "0x12100","receiveCount" : 1,"state" : "Idle", "result" : "OK", "init" : "0", "sent" : 0,"received" : 0,"expected" : 1,"ACKCounter" : 0,"ACKCounterTotal" : 0,"NAKCounter" : 0,"NAKCounterTotal" : 0,"failCount" : 0,"updatePending" : 1,"changePending" : 0,"retries" : 10,"timeout_counter" : 10,"ACK Status" : 0,"Group Function Value" : -1}, {"name" : "GfsCfg","pgn" : "0x16100","receiveCount" : 0,"state" : "Idle", "result" : "OK", "init" : "1", "sent" : 0,"received" : 0,"expected" : 1,"ACKCounter" : 0,"ACKCounterTotal" : 0,"NAKCounter" : 0,"NAKCounterTotal" : 0,"failCount" : 0,"updatePending" : 0,"changePending" : 0,"retries" : 10,"timeout_counter" : 10,"ACK Status" : 1,"Group Function Value" : 241}, {"name" : "InvCfg","pgn" : "0x12200","receiveCount" : 1,"state" : "Idle", "result" : "OK", "init" : "0", "sent" : 0,"received" : 0,"expected" : 1,"ACKCounter" : 0,"ACKCounterTotal" : 0,"NAKCounter" : 0,"NAKCounterTotal" : 0,"failCount" : 0,"updatePending" : 1,"changePending" : 0,"retries" : 10,"timeout_counter" : 10,"ACK Status" : 0,"Group Function Value" : -1}, {"name" : "ExtTempCfgUt","pgn" : "0x11300","receiveCount" : 1,"state" : "Idle", "result" : "OK", "init" : "0", "sent" : 0,"received" : 0,"expected" : 1,"ACKCounter" : 0,"ACKCounterTotal" : 0,"NAKCounter" : 0,"NAKCounterTotal" : 0,"failCount" : 0,"updatePending" : 1,"changePending" : 0,"retries" : 10,"timeout_counter" : 10,"ACK Status" : 0,"Group Function Value" : -1}, {"name" : "EnDisCfg","pgn" : "0x13400","receiveCount" : 1,"state" : "Idle", "result" : "OK", "init" : "0", "sent" : 0,"received" : 0,"expected" : 1,"ACKCounter" : 0,"ACKCounterTotal" : 0,"NAKCounter" : 0,"NAKCounterTotal" : 0,"failCount" : 0,"updatePending" : 1,"changePending" : 0,"retries" : 10,"timeout_counter" : 10,"ACK Status" : 0,"Group Function Value" : -1}, {"name" : "BmsCfg","pgn" : "0x16300","receiveCount" : 0,"state" : "Idle", "result" : "OK", "init" : "1", "sent" : 0,"received" : 0,"expected" : 1,"ACKCounter" : 0,"ACKCounterTotal" : 0,"NAKCounter" : 0,"NAKCounterTotal" : 0,"failCount" : 0,"updatePending" : 0,"changePending" : 0,"retries" : 10,"timeout_counter" : 10,"ACK Status" : 1,"Group Function Value" : 241}, {"name" : "AcInCfgUf","pgn" : "0x14F00","receiveCount" : 2,"state" : "Idle", "result" : "OK", "init" : "0", "sent" : 0,"received" : 0,"expected" : 2,"ACKCounter" : 0,"ACKCounterTotal" : 0,"NAKCounter" : 0,"NAKCounterTotal" : 0,"failCount" : 0,"updatePending" : 1,"changePending" : 0,"retries" : 10,"timeout_counter" : 10,"ACK Status" : 0,"Group Function Value" : -1}, {"name" : "AcInCfgUvRms","pgn" : "0x10700","receiveCount" : 2,"state" : "Idle", "result" : "OK", "init" : "0", "sent" : 0,"received" : 0,"expected" : 2,"ACKCounter" : 0,"ACKCounterTotal" : 0,"NAKCounter" : 0,"NAKCounterTotal" : 0,"failCount" : 0,"updatePending" : 1,"changePending" : 0,"retries" : 10,"timeout_counter" : 10,"ACK Status" : 0,"Group Function Value" : -1}, {"name" : "EnDisCfgTod","pgn" : "0x1C100","receiveCount" : 1,"state" : "Idle", "result" : "OK", "init" : "0", "sent" : 0,"received" : 0,"expected" : 1,"ACKCounter" : 0,"ACKCounterTotal" : 0,"NAKCounter" : 0,"NAKCounterTotal" : 0,"failCount" : 0,"updatePending" : 1,"changePending" : 0,"retries" : 10,"timeout_counter" : 10,"ACK Status" : 0,"Group Function Value" : -1}, {"name" : "ChgCfgFloat","pgn" : "0x11A00","receiveCount" : 1,"state" : "Idle", "result" : "OK", "init" : "0", "sent" : 0,"received" : 0,"expected" : 1,"ACKCounter" : 0,"ACKCounterTotal" : 0,"NAKCounter" : 0,"NAKCounterTotal" : 0,"failCount" : 0,"updatePending" : 1,"changePending" : 0,"retries" : 10,"timeout_counter" : 10,"ACK Status" : 0,"Group Function Value" : -1}, {"name" : "IntTempCfgOt","pgn" : "0x11600","receiveCount" : 3,"state" : "Idle", "result" : "OK", "init" : "0", "sent" : 0,"received" : 0,"expected" : 3,"ACKCounter" : 0,"ACKCounterTotal" : 0,"NAKCounter" : 0,"NAKCounterTotal" : 0,"failCount" : 0,"updatePending" : 1,"changePending" : 0,"retries" : 10,"timeout_counter" : 10,"ACK Status" : 0,"Group Function Value" : -1}, {"name" : "SpsCfg","pgn" : "0x1C600","receiveCount" : 1,"state" : "Idle", "result" : "OK", "init" : "0", "sent" : 0,"received" : 0,"expected" : 1,"ACKCounter" : 0,"ACKCounterTotal" : 0,"NAKCounter" : 0,"NAKCounterTotal" : 0,"failCount" : 0,"updatePending" : 1,"changePending" : 0,"retries" : 10,"timeout_counter" : 10,"ACK Status" : 0,"Group Function Value" : -1}, {"name" : "AcInCfgOvRms","pgn" : "0x10A00","receiveCount" : 2,"state" : "Idle", "result" : "OK", "init" : "0", "sent" : 0,"received" : 0,"expected" : 2,"ACKCounter" : 0,"ACKCounterTotal" : 0,"NAKCounter" : 0,"NAKCounterTotal" : 0,"failCount" : 0,"updatePending" : 1,"changePending" : 0,"retries" : 10,"timeout_counter" : 10,"ACK Status" : 0,"Group Function Value" : -1}, {"name" : "ChgCfg","pgn" : "0x12C00","receiveCount" : 1,"state" : "Idle", "result" : "OK", "init" : "0", "sent" : 0,"received" : 0,"expected" : 1,"ACKCounter" : 0,"ACKCounterTotal" : 0,"NAKCounter" : 0,"NAKCounterTotal" : 0,"failCount" : 0,"updatePending" : 1,"changePending" : 0,"retries" : 10,"timeout_counter" : 10,"ACK Status" : 0,"Group Function Value" : -1}, {"name" : "ExtTempCfgOt","pgn" : "0x11400","receiveCount" : 1,"state" : "Idle", "result" : "OK", "init" : "0", "sent" : 0,"received" : 0,"expected" : 1,"ACKCounter" : 0,"ACKCounterTotal" : 0,"NAKCounter" : 0,"NAKCounterTotal" : 0,"failCount" : 0,"updatePending" : 1,"changePending" : 0,"retries" : 10,"timeout_counter" : 10,"ACK Status" : 0,"Group Function Value" : -1}, {"name" : "AcXferSwCfg","pgn" : "0x1C400","receiveCount" : 1,"state" : "Idle", "result" : "OK", "init" : "0", "sent" : 0,"received" : 0,"expected" : 1,"ACKCounter" : 0,"ACKCounterTotal" : 0,"NAKCounter" : 0,"NAKCounterTotal" : 0,"failCount" : 0,"updatePending" : 1,"changePending" : 0,"retries" : 10,"timeout_counter" : 10,"ACK Status" : 0,"Group Function Value" : -1}, {"name" : "SpsCfgBattSoc","pgn" : "0x16200","receiveCount" : 0,"state" : "Idle", "result" : "OK", "init" : "1", "sent" : 0,"received" : 0,"expected" : 1,"ACKCounter" : 0,"ACKCounterTotal" : 0,"NAKCounter" : 0,"NAKCounterTotal" : 0,"failCount" : 0,"updatePending" : 0,"changePending" : 0,"retries" : 10,"timeout_counter" : 10,"ACK Status" : 1,"Group Function Value" : 241}, {"name" : "ChgCfgBulk","pgn" : "0x11700","receiveCount" : 1,"state" : "Idle", "result" : "OK", "init" : "0", "sent" : 0,"received" : 0,"expected" : 1,"ACKCounter" : 0,"ACKCounterTotal" : 0,"NAKCounter" : 0,"NAKCounterTotal" : 0,"failCount" : 0,"updatePending" : 1,"changePending" : 0,"retries" : 10,"timeout_counter" : 10,"ACK Status" : 0,"Group Function Value" : -1}, {"name" : "FeatureEnDisCfg","pgn" : "0x14900","receiveCount" : 1,"state" : "Idle", "result" : "OK", "init" : "0", "sent" : 0,"received" : 0,"expected" : 1,"ACKCounter" : 0,"ACKCounterTotal" : 0,"NAKCounter" : 0,"NAKCounterTotal" : 0,"failCount" : 0,"updatePending" : 1,"changePending" : 0,"retries" : 10,"timeout_counter" : 10,"ACK Status" : 0,"Group Function Value" : -1}, {"name" : "AcInCfg","pgn" : "0x12600","receiveCount" : 2,"state" : "Idle", "result" : "OK", "init" : "0", "sent" : 0,"received" : 0,"expected" : 2,"ACKCounter" : 0,"ACKCounterTotal" : 0,"NAKCounter" : 0,"NAKCounterTotal" : 0,"failCount" : 0,"updatePending" : 1,"changePending" : 0,"retries" : 10,"timeout_counter" : 10,"ACK Status" : 0,"Group Function Value" : -1}, {"name" : "AcInCfgOf","pgn" : "0x14E00","receiveCount" : 2,"state" : "Idle", "result" : "OK", "init" : "0", "sent" : 0,"received" : 0,"expected" : 2,"ACKCounter" : 0,"ACKCounterTotal" : 0,"NAKCounter" : 0,"NAKCounterTotal" : 0,"failCount" : 0,"updatePending" : 1,"changePending" : 0,"retries" : 10,"timeout_counter" : 10,"ACK Status" : 0,"Group Function Value" : -1}, {"name" : "DcSrcCfgOv","pgn" : "0x10200","receiveCount" : 1,"state" : "Idle", "result" : "OK", "init" : "0", "sent" : 0,"received" : 0,"expected" : 1,"ACKCounter" : 0,"ACKCounterTotal" : 0,"NAKCounter" : 0,"NAKCounterTotal" : 0,"failCount" : 0,"updatePending" : 1,"changePending" : 0,"retries" : 10,"timeout_counter" : 10,"ACK Status" : 0,"Group Function Value" : -1}, {"name" : "GvsCfg","pgn" : "0x16A00","receiveCount" : 0,"state" : "Idle", "result" : "OK", "init" : "1", "sent" : 0,"received" : 0,"expected" : 1,"ACKCounter" : 0,"ACKCounterTotal" : 0,"NAKCounter" : 0,"NAKCounterTotal" : 0,"failCount" : 0,"updatePending" : 0,"changePending" : 0,"retries" : 10,"timeout_counter" : 10,"ACK Status" : 1,"Group Function Value" : 241}, {"name" : "DcSrcCfgUv","pgn" : "0x10100","receiveCount" : 1,"state" : "Idle", "result" : "OK", "init" : "0", "sent" : 0,"received" : 0,"expected" : 1,"ACKCounter" : 0,"ACKCounterTotal" : 0,"NAKCounter" : 0,"NAKCounterTotal" : 0,"failCount" : 0,"updatePending" : 1,"changePending" : 0,"retries" : 10,"timeout_counter" : 10,"ACK Status" : 0,"Group Function Value" : -1}, {"name" : "ChgCfgEqualize","pgn" : "0x11B00","receiveCount" : 1,"state" : "Idle", "result" : "OK", "init" : "0", "sent" : 0,"received" : 0,"expected" : 1,"ACKCounter" : 0,"ACKCounterTotal" : 0,"NAKCounter" : 0,"NAKCounterTotal" : 0,"failCount" : 0,"updatePending" : 1,"changePending" : 0,"retries" : 10,"timeout_counter" : 10,"ACK Status" : 0,"Group Function Value" : -1}, {"name" : "SpsCfgTrig","pgn" : "0x1C700","receiveCount" : 1,"state" : "Idle", "result" : "OK", "init" : "0", "sent" : 0,"received" : 0,"expected" : 1,"ACKCounter" : 0,"ACKCounterTotal" : 0,"NAKCounter" : 0,"NAKCounterTotal" : 0,"failCount" : 0,"updatePending" : 1,"changePending" : 0,"retries" : 10,"timeout_counter" : 10,"ACK Status" : 0,"Group Function Value" : -1}, {"name" : "ChgCfgAbsorp","pgn" : "0x11800","receiveCount" : 1,"state" : "Idle", "result" : "OK", "init" : "0", "sent" : 0,"received" : 0,"expected" : 1,"ACKCounter" : 0,"ACKCounterTotal" : 0,"NAKCounter" : 0,"NAKCounterTotal" : 0,"failCount" : 0,"updatePending" : 1,"changePending" : 0,"retries" : 10,"timeout_counter" : 10,"ACK Status" : 0,"Group Function Value" : -1}]},"quality" : "G"},
    {"name" : "[20099]/XW/XB/PGNINFO","value" : {"Device ID" : 20099, "PGNInfo" : [{"name" : "AssocCfg","pgn" : "0x12500","family" : 2}, {"name" : "Sts","pgn" : "0x1F00F","family" : 2}, {"name" : "HwRevSts","pgn" : "0x1F810","family" : 2}, {"name" : "ProdInfoSts","pgn" : "0x1F014","family" : 2}, {"name" : "SwVerSts","pgn" : "0x1F80E","family" : 2}, {"name" : "AcStsRms","pgn" : "0x1F016","family" : 2}, {"name" : "AcInStsRms","pgn" : "0x1F003","family" : 2}, {"name" : "AcOutStsRms","pgn" : "0x1F006","family" : 2}, {"name" : "AcXferSwSts","pgn" : "0x1F0BF","family" : 2}, {"name" : "InvSts2","pgn" : "0x1F0BD","family" : 2}, {"name" : "SpsSts","pgn" : "0x1F0C6","family" : 2}, {"name" : "BattSts2","pgn" : "0x1F0C4","family" : 2}, {"name" : "ChgSts","pgn" : "0x1F00E","family" : 2}, {"name" : "DcSrcSts2","pgn" : "0x1F0C5","family" : 2}, {"name" : "DcSrcCfgBatt","pgn" : "0x11D00","family" : 2}, {"name" : "NAMECfg","pgn" : "0x13A00","family" : 2}, {"name" : "GridTieCfg","pgn" : "0x1C000","family" : 2}, {"name" : "InvCfgLoadSense","pgn" : "0x12100","family" : 2}, {"name" : "GfsCfg","pgn" : "0x16100","family" : 2}, {"name" : "InvCfg","pgn" : "0x12200","family" : 2}, {"name" : "ExtTempCfgUt","pgn" : "0x11300","family" : 2}, {"name" : "EnDisCfg","pgn" : "0x13400","family" : 2}, {"name" : "BmsCfg","pgn" : "0x16300","family" : 2}, {"name" : "AcInCfgUf","pgn" : "0x14F00","family" : 2}, {"name" : "AcInCfgUvRms","pgn" : "0x10700","family" : 2}, {"name" : "EnDisCfgTod","pgn" : "0x1C100","family" : 2}, {"name" : "ChgCfgFloat","pgn" : "0x11A00","family" : 2}, {"name" : "IntTempCfgOt","pgn" : "0x11600","family" : 2}, {"name" : "SpsCfg","pgn" : "0x1C600","family" : 2}, {"name" : "AcInCfgOvRms","pgn" : "0x10A00","family" : 2}, {"name" : "ChgCfg","pgn" : "0x12C00","family" : 2}, {"name" : "ExtTempCfgOt","pgn" : "0x11400","family" : 2}, {"name" : "AcXferSwCfg","pgn" : "0x1C400","family" : 2}, {"name" : "SpsCfgBattSoc","pgn" : "0x16200","family" : 2}, {"name" : "ChgCfgBulk","pgn" : "0x11700","family" : 2}, {"name" : "FeatureEnDisCfg","pgn" : "0x14900","family" : 2}, {"name" : "AcInCfg","pgn" : "0x12600","family" : 2}, {"name" : "AcInCfgOf","pgn" : "0x14E00","family" : 2}, {"name" : "DcSrcCfgOv","pgn" : "0x10200","family" : 2}, {"name" : "GvsCfg","pgn" : "0x16A00","family" : 2}, {"name" : "DcSrcCfgUv","pgn" : "0x10100","family" : 2}, {"name" : "ChgCfgEqualize","pgn" : "0x11B00","family" : 2}, {"name" : "SpsCfgTrig","pgn" : "0x1C700","family" : 2}, {"name" : "ChgCfgAbsorp","pgn" : "0x11800","family" : 2}]},"quality" : "G"},
    {"name" : "[20099]/XW/XB/ADDR","value" : 3,"quality" : "G"},
    {"name" : "[20099]/XW/LPHD/UID","value" : 20099,"quality" : "G"},
    {"name" : "[20099]/XW/DEV/ACTIVE","value" : 1,"quality" : "G"},
    {"name" : "[20099]/XW/CFG/REFRESH","value" : 0,"quality" : "G"},
    {"name" : "[20099]/XW/CFG/INITIALIZED","value" : 1,"quality" : "G"},
    {"name" : "[20099]/XW/XB/FW_PROG","value" : 0,"quality" : "G"},
    {"name" : "[20099]/XW/XB/FW_FULL_PATH","value" : "0","quality" : "G"},
    {"name" : "[20099]/XW/XB/FW_PROG_STATUS","value" : "IDLE","quality" : "G"},
    {"name" : "[20099]/XW/XB/FW_PROG_ERROR","value" : [{"SETUP":"No Error"},{"REBOOT_DNLD":"No Error"},{"FWDNLD_FWXER":"No Error"},{"FWDNLD_INIT":"No Error"},{"REBOOT_NORMAL":"No Error"},{"REPORT":"No Error"}],"quality" : "G"},
    {"name" : "[20099]/XW/XB/FW_PROG_DEBUG","value" : 0,"quality" : "G"},
    {"name" : "[20099]/XW/LPHD/CFG_DEVICE_NAME","value" : "0","quality" : "G"},
    {"name" : "[20099]/XW/DEV/CFG_MBADDRESS","value" : 0,"quality" : "G"},
    {"name" : "[20099]/XW/LPHD/CFG_DEVICE_INSTANCE","value" : 0,"quality" : "G"},
    {"name" : "[20099]/XW/LPHD/CFG_SYSTEM_INSTANCE","value" : 0,"quality" : "G"},
    {"name" : "[20099]/XW/CFG/STATUS","value" : 0,"quality" : "G"},
    {"name" : "[20099]/XW/CFG/REFRESH_COUNT","value" : 6,"quality" : "G"},
    {"name" : "[20099]/XW/FLT/STS0","value" : 0,"quality" : "G"},
    {"name" : "[20099]/XW/FLT/STS1","value" : 0,"quality" : "G"},
    {"name" : "[20099]/XW/FLT/STS2","value" : 1,"quality" : "G"},
    {"name" : "[20099]/XW/FLT/STS3","value" : 0,"quality" : "G"},
    {"name" : "[20099]/XW/WRN/STS0","value" : 0,"quality" : "G"},
    {"name" : "[20099]/XW/INV/EN","value" : 1,"quality" : "G"},
    {"name" : "[20099]/XW/CHG/EN","value" : 0,"quality" : "G"},
    {"name" : "[20099]/XW/AC1/SELL_EN","value" : 1,"quality" : "G"},
    {"name" : "[20099]/XW/AC1/FORCESELL_EN","value" : 2,"quality" : "G"},
    {"name" : "[20099]/XW/CHG/MODE","value" : 1,"quality" : "G"},
    {"name" : "[20099]/XW/CFG/ERROR_COUNT","value" : 0,"quality" : "G"},
    {"name" : "[20099]/XW/DC/V","value" : 26570,"quality" : "G"},
    {"name" : "[20099]/XW/DC/I","value" : 0,"quality" : "G"},
    {"name" : "[20099]/XW/DC/P","value" : 0,"quality" : "G"},
    {"name" : "[20099]/XW/BATT/T","value" : 65280,"quality" : "G"},
    {"name" : "[20099]/XW/INV/IDC","value" : 0,"quality" : "G"},
    {"name" : "[20099]/XW/INV/PDC","value" : 0,"quality" : "G"},
    {"name" : "[20099]/XW/CHG/IDC","value" : 0,"quality" : "G"},
    {"name" : "[20099]/XW/CHG/PDC","value" : 0,"quality" : "G"},
    {"name" : "[20099]/XW/CHG/PDC_PER","value" : 0,"quality" : "G"},
    {"name" : "[20099]/XW/AC1_IN/F","value" : 5998,"quality" : "G"},
    {"name" : "[20099]/XW/AC1_IN/V","value" : 238200,"quality" : "G"},
    {"name" : "[20099]/XW/AC1_IN/I_NET","value" : -960,"quality" : "G"},
    {"name" : "[20099]/XW/AC1_IN/P_NET","value" : -56,"quality" : "G"},
    {"name" : "[20099]/XW/AC1_IN/S","value" : 113,"quality" : "G"},
    {"name" : "[20099]/XW/AC1_IN/I","value" : 960,"quality" : "G"},
    {"name" : "[20099]/XW/AC1_IN/P","value" : 56,"quality" : "G"},
    {"name" : "[20099]/XW/AC1_IN/V_LN1","value" : 120240,"quality" : "G"},
    {"name" : "[20099]/XW/AC1/I_LN2","value" : -960,"quality" : "G"},
    {"name" : "[20099]/XW/AC1_IN/V_LN2","value" : 117960,"quality" : "G"},
    {"name" : "[20099]/XW/AC1/I_LN1","value" : 0,"quality" : "G"},
    {"name" : "[20099]/XW/AC1_IN/VQUAL","value" : 5,"quality" : "G"},
    {"name" : "[20099]/XW/AC1_IN/FQUAL","value" : 5,"quality" : "G"},
    {"name" : "[20099]/XW/AC1_IN/TQUAL","value" : 251668,"quality" : "G"},
    {"name" : "[20099]/XW/INV/STS","value" : 1031,"quality" : "G"},
    {"name" : "[20099]/XW/CHG/STS","value" : 782,"quality" : "G"},
    {"name" : "[20099]/XW/AC1_OUT/V","value" : 236890,"quality" : "G"},
    {"name" : "[20099]/XW/AC1_OUT/I","value" : 0,"quality" : "G"},
    {"name" : "[20099]/XW/AC1_OUT/F","value" : 5999,"quality" : "G"},
    {"name" : "[20099]/XW/AC1_OUT/P","value" : 0,"quality" : "G"},
    {"name" : "[20099]/XW/AC1_OUT/S","value" : 0,"quality" : "G"},
    {"name" : "[20099]/XW/LOAD/V","value" : 237020,"quality" : "G"},
    {"name" : "[20099]/XW/LOAD/V_LN1","value" : 118510,"quality" : "G"},
    {"name" : "[20099]/XW/LOAD/V_LN2","value" : 118510,"quality" : "G"},
    {"name" : "[20099]/XW/LOAD/I_LN1","value" : 0,"quality" : "G"},
    {"name" : "[20099]/XW/LOAD/I_LN2","value" : 290,"quality" : "G"},
    {"name" : "[20099]/XW/LOAD/I","value" : 290,"quality" : "G"},
    {"name" : "[20099]/XW/LOAD/F","value" : 5999,"quality" : "G"},
    {"name" : "[20099]/XW/LOAD/P","value" : 47,"quality" : "G"},
    {"name" : "[20099]/XW/LOAD/S","value" : 34,"quality" : "G"},
    {"name" : "[20099]/XW/AC2/V","value" : 0,"quality" : "G"},
    {"name" : "[20099]/XW/AC2/I","value" : 0,"quality" : "G"},
    {"name" : "[20099]/XW/AC2/F","value" : 0,"quality" : "G"},
    {"name" : "[20099]/XW/AC2/VQUAL","value" : 1,"quality" : "G"},
    {"name" : "[20099]/XW/AC2/FQUAL","value" : 1,"quality" : "G"},
    {"name" : "[20099]/XW/AC2/TQUAL","value" : 0,"quality" : "G"},
    {"name" : "[20099]/XW/AC2/P","value" : 0,"quality" : "G"},
    {"name" : "[20099]/XW/AC2/V_LN1","value" : 0,"quality" : "G"},
    {"name" : "[20099]/XW/AC2/I_LN1","value" : 0,"quality" : "G"},
    {"name" : "[20099]/XW/AC2/V_LN2","value" : 0,"quality" : "G"},
    {"name" : "[20099]/XW/AC2/I_LN2","value" : 0,"quality" : "G"},
    {"name" : "[20099]/XW/AC2/S","value" : 0,"quality" : "G"},
    {"name" : "[20099]/XW/AUX/STS","value" : 4,"quality" : "G"},
    {"name" : "[20099]/XW/AUX/ON_REASON","value" : 0,"quality" : "G"},
    {"name" : "[20099]/XW/AUX/OFF_REASON","value" : 3,"quality" : "G"},
    {"name" : "[20099]/XW/AC1/GTS","value" : 0,"quality" : "G"},
    {"name" : "[20099]/XW/AC_XFER_SW/OP_STATE","value" : 801,"quality" : "G"},
    {"name" : "[20099]/XW/AC_XFER_SW/MODE","value" : 1,"quality" : "G"},
    {"name" : "[20099]/XW/AC1/PF","value" : 0,"quality" : "G"},
    {"name" : "[20099]/XW/WRN/STS1","value" : 0,"quality" : "G"},
    {"name" : "[20099]/XW/DC_IN/ENERGY_HOUR","value" : 0,"quality" : "G"},
    {"name" : "[20099]/XW/DC_IN/ACTIVE_HOUR","value" : 0,"quality" : "G"},
    {"name" : "[20099]/XW/DC_IN/ENERGY_DAY","value" : 0,"quality" : "G"},
    {"name" : "[20099]/XW/DC_IN/ACTIVE_DAY","value" : 0,"quality" : "G"},
    {"name" : "[20099]/XW/DC_IN/ENERGY_WEEK","value" : 0,"quality" : "G"},
    {"name" : "[20099]/XW/DC_IN/ACTIVE_WEEK","value" : 0,"quality" : "G"},
    {"name" : "[20099]/XW/DC_IN/ENERGY_MONTH","value" : 0,"quality" : "G"},
    {"name" : "[20099]/XW/DC_IN/ACTIVE_MONTH","value" : 0,"quality" : "G"},
    {"name" : "[20099]/XW/DC_IN/ENERGY_YEAR","value" : 0,"quality" : "G"},
    {"name" : "[20099]/XW/DC_IN/ACTIVE_YEAR","value" : 0,"quality" : "G"},
    {"name" : "[20099]/XW/DC_IN/ENERGY_LIFETIME","value" : 0,"quality" : "G"},
    {"name" : "[20099]/XW/DC_IN/ACTIVE_LIFETIME","value" : 0,"quality" : "G"},
    {"name" : "[20099]/XW/DC_OUT/ENERGY_HOUR","value" : 0,"quality" : "G"},
    {"name" : "[20099]/XW/DC_OUT/ACTIVE_HOUR","value" : 0,"quality" : "G"},
    {"name" : "[20099]/XW/DC_OUT/ENERGY_DAY","value" : 0,"quality" : "G"},
    {"name" : "[20099]/XW/DC_OUT/ACTIVE_DAY","value" : 0,"quality" : "G"},
    {"name" : "[20099]/XW/DC_OUT/ENERGY_WEEK","value" : 0,"quality" : "G"},
    {"name" : "[20099]/XW/DC_OUT/ACTIVE_WEEK","value" : 0,"quality" : "G"},
    {"name" : "[20099]/XW/DC_OUT/ENERGY_MONTH","value" : 0,"quality" : "G"},
    {"name" : "[20099]/XW/DC_OUT/ACTIVE_MONTH","value" : 0,"quality" : "G"},
    {"name" : "[20099]/XW/DC_OUT/ENERGY_YEAR","value" : 0,"quality" : "G"},
    {"name" : "[20099]/XW/DC_OUT/ACTIVE_YEAR","value" : 0,"quality" : "G"},
    {"name" : "[20099]/XW/DC_OUT/ENERGY_LIFETIME","value" : 0,"quality" : "G"},
    {"name" : "[20099]/XW/DC_OUT/ACTIVE_LIFETIME","value" : 0,"quality" : "G"},
    {"name" : "[20099]/XW/AC1_IN/ENERGY_HOUR","value" : 0,"quality" : "G"},
    {"name" : "[20099]/XW/AC1_IN/ACTIVE_HOUR","value" : 0,"quality" : "G"},
    {"name" : "[20099]/XW/AC1_IN/ENERGY_DAY","value" : 0,"quality" : "G"},
    {"name" : "[20099]/XW/AC1_IN/ACTIVE_DAY","value" : 0,"quality" : "G"},
    {"name" : "[20099]/XW/AC1_IN/ENERGY_WEEK","value" : 0,"quality" : "G"},
    {"name" : "[20099]/XW/AC1_IN/ACTIVE_WEEK","value" : 0,"quality" : "G"},
    {"name" : "[20099]/XW/AC1_IN/ENERGY_MONTH","value" : 0,"quality" : "G"},
    {"name" : "[20099]/XW/AC1_IN/ACTIVE_MONTH","value" : 0,"quality" : "G"},
    {"name" : "[20099]/XW/AC1_IN/ENERGY_YEAR","value" : 0,"quality" : "G"},
    {"name" : "[20099]/XW/AC1_IN/ACTIVE_YEAR","value" : 0,"quality" : "G"},
    {"name" : "[20099]/XW/AC1_IN/ENERGY_LIFETIME","value" : 0,"quality" : "G"},
    {"name" : "[20099]/XW/AC1_IN/ACTIVE_LIFETIME","value" : 0,"quality" : "G"},
    {"name" : "[20099]/XW/AC1_OUT/ENERGY_HOUR","value" : 0,"quality" : "G"},
    {"name" : "[20099]/XW/AC1_OUT/ACTIVE_HOUR","value" : 0,"quality" : "G"},
    {"name" : "[20099]/XW/AC1_OUT/ENERGY_DAY","value" : 0,"quality" : "G"},
    {"name" : "[20099]/XW/AC1_OUT/ACTIVE_DAY","value" : 0,"quality" : "G"},
    {"name" : "[20099]/XW/AC1_OUT/ENERGY_WEEK","value" : 0,"quality" : "G"},
    {"name" : "[20099]/XW/AC1_OUT/ACTIVE_WEEK","value" : 0,"quality" : "G"},
    {"name" : "[20099]/XW/AC1_OUT/ENERGY_MONTH","value" : 0,"quality" : "G"},
    {"name" : "[20099]/XW/AC1_OUT/ACTIVE_MONTH","value" : 0,"quality" : "G"},
    {"name" : "[20099]/XW/AC1_OUT/ENERGY_YEAR","value" : 0,"quality" : "G"},
    {"name" : "[20099]/XW/AC1_OUT/ACTIVE_YEAR","value" : 0,"quality" : "G"},
    {"name" : "[20099]/XW/AC1_OUT/ENERGY_LIFETIME","value" : 0,"quality" : "G"},
    {"name" : "[20099]/XW/AC1_OUT/ACTIVE_LIFETIME","value" : 0,"quality" : "G"},
    {"name" : "[20099]/XW/LOAD/ENERGY_HOUR","value" : 0,"quality" : "G"},
    {"name" : "[20099]/XW/LOAD/ACTIVE_HOUR","value" : 0,"quality" : "G"},
    {"name" : "[20099]/XW/LOAD/ENERGY_DAY","value" : 0,"quality" : "G"},
    {"name" : "[20099]/XW/LOAD/ACTIVE_DAY","value" : 0,"quality" : "G"},
    {"name" : "[20099]/XW/LOAD/ENERGY_WEEK","value" : 0,"quality" : "G"},
    {"name" : "[20099]/XW/LOAD/ACTIVE_WEEK","value" : 0,"quality" : "G"},
    {"name" : "[20099]/XW/LOAD/ENERGY_MONTH","value" : 0,"quality" : "G"},
    {"name" : "[20099]/XW/LOAD/ACTIVE_MONTH","value" : 0,"quality" : "G"},
    {"name" : "[20099]/XW/LOAD/ENERGY_YEAR","value" : 0,"quality" : "G"},
    {"name" : "[20099]/XW/LOAD/ACTIVE_YEAR","value" : 0,"quality" : "G"},
    {"name" : "[20099]/XW/LOAD/ENERGY_LIFETIME","value" : 0,"quality" : "G"},
    {"name" : "[20099]/XW/LOAD/ACTIVE_LIFETIME","value" : 0,"quality" : "G"},
    {"name" : "[20099]/XW/AC2/ENERGY_HOUR","value" : 0,"quality" : "G"},
    {"name" : "[20099]/XW/AC2/ACTIVE_HOUR","value" : 0,"quality" : "G"},
    {"name" : "[20099]/XW/AC2/ENERGY_DAY","value" : 0,"quality" : "G"},
    {"name" : "[20099]/XW/AC2/ACTIVE_DAY","value" : 0,"quality" : "G"},
    {"name" : "[20099]/XW/AC2/ENERGY_WEEK","value" : 0,"quality" : "G"},
    {"name" : "[20099]/XW/AC2/ACTIVE_WEEK","value" : 0,"quality" : "G"},
    {"name" : "[20099]/XW/AC2/ENERGY_MONTH","value" : 0,"quality" : "G"},
    {"name" : "[20099]/XW/AC2/ACTIVE_MONTH","value" : 0,"quality" : "G"},
    {"name" : "[20099]/XW/AC2/ENERGY_YEAR","value" : 0,"quality" : "G"},
    {"name" : "[20099]/XW/AC2/ACTIVE_YEAR","value" : 0,"quality" : "G"},
    {"name" : "[20099]/XW/AC2/ENERGY_LIFETIME","value" : 0,"quality" : "G"},
    {"name" : "[20099]/XW/AC2/ACTIVE_LIFETIME","value" : 0,"quality" : "G"},
    {"name" : "[20099]/XW/DEV/CFG_PERIODIC_TRANSMIT_ENABLE","value" : 1,"quality" : "G"},
    {"name" : "[20099]/XW/DEV/CFG_IDENTIFY_ENABLE","value" : 0,"quality" : "G"},
    {"name" : "[20099]/XW/INV/CFG_ENABLE","value" : 1,"quality" : "G"},
    {"name" : "[20099]/XW/AC1/CFG_SELL_ENABLE","value" : 1,"quality" : "G"},
    {"name" : "[20099]/XW/AC1/CFG_FORCE_SELL","value" : 0,"quality" : "G"},
    {"name" : "[20099]/XW/CHG/CFG_ENABLE","value" : 0,"quality" : "G"},
    {"name" : "[20099]/XW/CHG/CFG_FORCE_CHARGE","value" : 0,"quality" : "G"},
    {"name" : "[20099]/XW/DEV/CFG_OPMODE","value" : 3,"quality" : "G"},
    {"name" : "[20099]/XW/DEV/CFG_RESET","value" : 0,"quality" : "G"},
    {"name" : "[20099]/XW/DEV/CFG_CLEAR","value" : 0,"quality" : "G"},
    {"name" : "[20099]/XW/INV/CFG_LOAD_SENSE_EN","value" : 0,"quality" : "G"},
    {"name" : "[20099]/XW/INV/CFG_MODE","value" : 21,"quality" : "G"},
    {"name" : "[20099]/XW/RPO/CFG_ENABLE","value" : 0,"quality" : "G"},
    {"name" : "[20099]/XW/INV/CFG_NO_LOAD_DERATING","value" : 0,"quality" : "G"},
    {"name" : "[20099]/XW/AC1/CFG_SELL_DLY_40S","value" : 0,"quality" : "G"},
    {"name" : "[20099]/XW/INV/CFG_GEN_SUPP_PLUS","value" : 0,"quality" : "G"},
    {"name" : "[20099]/XW/INV/CFG_AC_COUPLING","value" : 0,"quality" : "G"},
    {"name" : "[20099]/XW/BATT/CFG_ENERGY_BALANCE","value" : 0,"quality" : "G"},
    {"name" : "[20099]/XW/INV/CFG_PLS_DELAY","value" : 0,"quality" : "G"},
    {"name" : "[20099]/XW/AC1/CFG_REMOTE_SELL","value" : 0,"quality" : "G"},
    {"name" : "[20099]/XW/AC1/CFG_EXT_CONTACT","value" : 0,"quality" : "G"},
    {"name" : "[20099]/XW/AC1/CFG_TOV_DISCONNECT","value" : 0,"quality" : "G"},
    {"name" : "[20099]/XW/CHG/CFG_ALGORITHM","value" : 1,"quality" : "G"},
    {"name" : "[20099]/XW/CHG/CFG_I_LIMIT","value" : 10,"quality" : "G"},
    {"name" : "[20099]/XW/CHG/CFG_I_LIMIT_MIN","value" : 5,"quality" : "G"},
    {"name" : "[20099]/XW/CHG/CFG_I_LIMIT_MAX","value" : 100,"quality" : "G"},
    {"name" : "[20099]/XW/CHG/CFG_EQLZ_ONE_TIME_EN","value" : 0,"quality" : "G"},
    {"name" : "[20099]/XW/CHG/CFG_TEMP_NO_SENSOR","value" : 1,"quality" : "G"},
    {"name" : "[20099]/XW/BATT/CFG_TYPE","value" : 0,"quality" : "G"},
    {"name" : "[20099]/XW/BATT/CFG_NOM_V","value" : 24000,"quality" : "G"},
    {"name" : "[20099]/XW/BATT/CFG_AMP_HR_RATING","value" : 450,"quality" : "G"},
    {"name" : "[20099]/XW/BATT/CFG_AMP_HR_RATING_MIN","value" : 0,"quality" : "G"},
    {"name" : "[20099]/XW/BATT/CFG_AMP_HR_RATING_MAX","value" : 10000,"quality" : "G"},
    {"name" : "[20099]/XW/BATT/CFG_TEMP_COEFF","value" : 54,"quality" : "G"},
    {"name" : "[20099]/XW/BATT/CFG_TEMP_COEFF_MIN","value" : 0,"quality" : "G"},
    {"name" : "[20099]/XW/BATT/CFG_TEMP_COEFF_MAX","value" : 90,"quality" : "G"},
    {"name" : "[20099]/XW/AC1/CFG_GRID_SUPP_V","value" : 32000,"quality" : "G"},
    {"name" : "[20099]/XW/AC1/CFG_GRID_SUPP_V_MIN","value" : 23000,"quality" : "G"},
    {"name" : "[20099]/XW/AC1/CFG_GRID_SUPP_V_MAX","value" : 35000,"quality" : "G"},
    {"name" : "[20099]/XW/BATT/CFG_RECHARGE_V","value" : 25000,"quality" : "G"},
    {"name" : "[20099]/XW/BATT/CFG_RECHARGE_V_MIN","value" : 20000,"quality" : "G"},
    {"name" : "[20099]/XW/BATT/CFG_RECHARGE_V_MAX","value" : 27000,"quality" : "G"},
    {"name" : "[20099]/XW/BATT/CFG_LOW_BATT_CUT_OUT_V","value" : 24000,"quality" : "G"},
    {"name" : "[20099]/XW/BATT/CFG_LOW_BATT_CUT_OUT_V_MIN","value" : 20000,"quality" : "G"},
    {"name" : "[20099]/XW/BATT/CFG_LOW_BATT_CUT_OUT_V_MAX","value" : 24000,"quality" : "G"},
    {"name" : "[20099]/XW/BATT/CFG_LOW_BATT_CUT_OUT_DELAY","value" : 200,"quality" : "G"},
    {"name" : "[20099]/XW/BATT/CFG_LOW_BATT_CUT_OUT_DELAY_MIN","value" : 0,"quality" : "G"},
    {"name" : "[20099]/XW/BATT/CFG_LOW_BATT_CUT_OUT_DELAY_MAX","value" : 60000,"quality" : "G"},
    {"name" : "[20099]/XW/AUX/CFG_BATT_LOW_TRIG_SET_V","value" : 22000,"quality" : "G"},
    {"name" : "[20099]/XW/AUX/CFG_BATT_LOW_TRIG_SET_V_MIN","value" : 10000,"quality" : "G"},
    {"name" : "[20099]/XW/AUX/CFG_BATT_LOW_TRIG_SET_V_MAX","value" : 29000,"quality" : "G"},
    {"name" : "[20099]/XW/AUX/CFG_BATT_LOW_TRIG_SET_DELAY","value" : 100,"quality" : "G"},
    {"name" : "[20099]/XW/AUX/CFG_BATT_LOW_TRIG_SET_DELAY_MIN","value" : 0,"quality" : "G"},
    {"name" : "[20099]/XW/AUX/CFG_BATT_LOW_TRIG_SET_DELAY_MAX","value" : 60000,"quality" : "G"},
    {"name" : "[20099]/XW/AUX/CFG_BATT_LOW_TRIG_CLEAR_V","value" : 24000,"quality" : "G"},
    {"name" : "[20099]/XW/AUX/CFG_BATT_LOW_TRIG_CLEAR_V_MIN","value" : 10000,"quality" : "G"},
    {"name" : "[20099]/XW/AUX/CFG_BATT_LOW_TRIG_CLEAR_V_MAX","value" : 29000,"quality" : "G"},
    {"name" : "[20099]/XW/AUX/CFG_BATT_LOW_TRIG_CLEAR_DELAY","value" : 100,"quality" : "G"},
    {"name" : "[20099]/XW/AUX/CFG_BATT_LOW_TRIG_CLEAR_DELAY_MIN","value" : 0,"quality" : "G"},
    {"name" : "[20099]/XW/AUX/CFG_BATT_LOW_TRIG_CLEAR_DELAY_MAX","value" : 60000,"quality" : "G"},
    {"name" : "[20099]/XW/BATT/CFG_BATT_CUT_OUT_V_HYST","value" : 5000,"quality" : "G"},
    {"name" : "[20099]/XW/BATT/CFG_BATT_CUT_OUT_V_HYST_MIN","value" : 0,"quality" : "G"},
    {"name" : "[20099]/XW/BATT/CFG_BATT_CUT_OUT_V_HYST_MAX","value" : 5000,"quality" : "G"},
    {"name" : "[20099]/XW/AC_XFER_SW/CFG_AC_PRIORITY","value" : 1,"quality" : "G"},
    {"name" : "[20099]/XW/AC_XFER_SW/CFG_AC1_TRANSFER_DELAY","value" : 3600,"quality" : "G"},
    {"name" : "[20099]/XW/AC_XFER_SW/CFG_AC2_TRANSFER_DELAY","value" : 0,"quality" : "G"},
    {"name" : "[20099]/XW/AC1/CFG_BREAKER_SIZE","value" : 6000,"quality" : "G"},
    {"name" : "[20099]/XW/AC1/CFG_BREAKER_SIZE_MIN","value" : 300,"quality" : "G"},
    {"name" : "[20099]/XW/AC1/CFG_BREAKER_SIZE_MAX","value" : 6000,"quality" : "G"},
    {"name" : "[20099]/XW/AC2/CFG_BREAKER_SIZE","value" : 0,"quality" : "G"},
    {"name" : "[20099]/XW/AC2/CFG_BREAKER_SIZE_MIN","value" : 0,"quality" : "G"},
    {"name" : "[20099]/XW/AC2/CFG_BREAKER_SIZE_MAX","value" : 0,"quality" : "G"},
    {"name" : "[20099]/XW/BATT/CFG_HIGH_BATT_CUT_OUT","value" : 35000,"quality" : "G"},
    {"name" : "[20099]/XW/BATT/CFG_HIGH_BATT_CUT_OUT_MIN","value" : 29000,"quality" : "G"},
    {"name" : "[20099]/XW/BATT/CFG_HIGH_BATT_CUT_OUT_MAX","value" : 35000,"quality" : "G"},
    {"name" : "[20099]/XW/AUX/CFG_BATT_HIGH_TRIG_SET_V","value" : 28000,"quality" : "G"},
    {"name" : "[20099]/XW/AUX/CFG_BATT_HIGH_TRIG_SET_V_MIN","value" : 24000,"quality" : "G"},
    {"name" : "[20099]/XW/AUX/CFG_BATT_HIGH_TRIG_SET_V_MAX","value" : 32000,"quality" : "G"},
    {"name" : "[20099]/XW/AUX/CFG_BATT_HIGH_TRIG_SET_DELAY","value" : 100,"quality" : "G"},
    {"name" : "[20099]/XW/AUX/CFG_BATT_HIGH_TRIG_SET_DELAY_MIN","value" : 0,"quality" : "G"},
    {"name" : "[20099]/XW/AUX/CFG_BATT_HIGH_TRIG_SET_DELAY_MAX","value" : 60000,"quality" : "G"},
    {"name" : "[20099]/XW/AUX/CFG_BATT_HIGH_TRIG_CLEAR_V","value" : 26000,"quality" : "G"},
    {"name" : "[20099]/XW/AUX/CFG_BATT_HIGH_TRIG_CLEAR_V_MIN","value" : 24000,"quality" : "G"},
    {"name" : "[20099]/XW/AUX/CFG_BATT_HIGH_TRIG_CLEAR_V_MAX","value" : 32000,"quality" : "G"},
    {"name" : "[20099]/XW/AUX/CFG_BATT_HIGH_TRIG_CLEAR_DELAY","value" : 100,"quality" : "G"},
    {"name" : "[20099]/XW/AUX/CFG_BATT_HIGH_TRIG_CLEAR_DELAY_MIN","value" : 0,"quality" : "G"},
    {"name" : "[20099]/XW/AUX/CFG_BATT_HIGH_TRIG_CLEAR_DELAY_MAX","value" : 60000,"quality" : "G"},
    {"name" : "[20099]/XW/INV/CFG_LOAD_SENSE_POWER_THRESHOLD","value" : 50,"quality" : "G"},
    {"name" : "[20099]/XW/INV/CFG_LOAD_SENSE_POWER_THRESHOLD_MIN","value" : 25,"quality" : "G"},
    {"name" : "[20099]/XW/INV/CFG_LOAD_SENSE_POWER_THRESHOLD_MAX","value" : 255,"quality" : "G"},
    {"name" : "[20099]/XW/INV/CFG_LOAD_SENSE_INTERVAL","value" : 200,"quality" : "G"},
    {"name" : "[20099]/XW/INV/CFG_LOAD_SENSE_INTERVAL_MIN","value" : 100,"quality" : "G"},
    {"name" : "[20099]/XW/INV/CFG_LOAD_SENSE_INTERVAL_MAX","value" : 2500,"quality" : "G"},
    {"name" : "[20099]/XW/CHG/CFG_EQLZ_V","value" : 32000,"quality" : "G"},
    {"name" : "[20099]/XW/CHG/CFG_EQLZ_V_MIN","value" : 27000,"quality" : "G"},
    {"name" : "[20099]/XW/CHG/CFG_EQLZ_V_MAX","value" : 32000,"quality" : "G"},
    {"name" : "[20099]/XW/CHG/CFG_EQLZ_SUPP_EN","value" : 1,"quality" : "G"},
    {"name" : "[20099]/XW/CHG/CFG_BULK_V","value" : 28800,"quality" : "G"},
    {"name" : "[20099]/XW/CHG/CFG_BULK_V_MIN","value" : 20000,"quality" : "G"},
    {"name" : "[20099]/XW/CHG/CFG_BULK_V_MAX","value" : 32000,"quality" : "G"},
    {"name" : "[20099]/XW/CHG/CFG_MAX_BULK_I","value" : 150000,"quality" : "G"},
    {"name" : "[20099]/XW/CHG/CFG_MAX_BULK_I_MIN","value" : 15000,"quality" : "G"},
    {"name" : "[20099]/XW/CHG/CFG_MAX_BULK_I_MAX","value" : 150000,"quality" : "G"},
    {"name" : "[20099]/XW/CHG/CFG_ABS_V","value" : 28800,"quality" : "G"},
    {"name" : "[20099]/XW/CHG/CFG_ABS_V_MIN","value" : 20000,"quality" : "G"},
    {"name" : "[20099]/XW/CHG/CFG_ABS_V_MAX","value" : 32000,"quality" : "G"},
    {"name" : "[20099]/XW/CHG/CFG_MAX_ABS_I","value" : 150000,"quality" : "G"},
    {"name" : "[20099]/XW/CHG/CFG_MAX_ABS_I_MIN","value" : 15000,"quality" : "G"},
    {"name" : "[20099]/XW/CHG/CFG_MAX_ABS_I_MAX","value" : 150000,"quality" : "G"},
    {"name" : "[20099]/XW/CHG/CFG_ABS_TERM_TIME_CONST_V","value" : 10800,"quality" : "G"},
    {"name" : "[20099]/XW/CHG/CFG_ABS_TERM_TIME_CONST_V_MIN","value" : 60,"quality" : "G"},
    {"name" : "[20099]/XW/CHG/CFG_ABS_TERM_TIME_CONST_V_MAX","value" : 28800,"quality" : "G"},
    {"name" : "[20099]/XW/CHG/CFG_FLOAT_V","value" : 27000,"quality" : "G"},
    {"name" : "[20099]/XW/CHG/CFG_FLOAT_V_MIN","value" : 20000,"quality" : "G"},
    {"name" : "[20099]/XW/CHG/CFG_FLOAT_V_MAX","value" : 32000,"quality" : "G"},
    {"name" : "[20099]/XW/CHG/CFG_MAX_FLOAT_I","value" : 150000,"quality" : "G"},
    {"name" : "[20099]/XW/CHG/CFG_MAX_FLOAT_I_MIN","value" : 1000,"quality" : "G"},
    {"name" : "[20099]/XW/CHG/CFG_MAX_FLOAT_I_MAX","value" : 150000,"quality" : "G"},
    {"name" : "[20099]/XW/AC1/CFG_LOW_V","value" : 106000,"quality" : "G"},
    {"name" : "[20099]/XW/AC1/CFG_LOW_V_MIN","value" : 78000,"quality" : "G"},
    {"name" : "[20099]/XW/AC1/CFG_LOW_V_MAX","value" : 115000,"quality" : "G"},
    {"name" : "[20099]/XW/AC2/CFG_LOW_V","value" : 80000,"quality" : "G"},
    {"name" : "[20099]/XW/AC2/CFG_LOW_V_MIN","value" : 78000,"quality" : "G"},
    {"name" : "[20099]/XW/AC2/CFG_LOW_V_MAX","value" : 115000,"quality" : "G"},
    {"name" : "[20099]/XW/AC1/CFG_HIGH_V","value" : 132000,"quality" : "G"},
    {"name" : "[20099]/XW/AC1/CFG_HIGH_V_MIN","value" : 125000,"quality" : "G"},
    {"name" : "[20099]/XW/AC1/CFG_HIGH_V_MAX","value" : 140000,"quality" : "G"},
    {"name" : "[20099]/XW/AC2/CFG_HIGH_V","value" : 138000,"quality" : "G"},
    {"name" : "[20099]/XW/AC2/CFG_HIGH_V_MIN","value" : 125000,"quality" : "G"},
    {"name" : "[20099]/XW/AC2/CFG_HIGH_V_MAX","value" : 140000,"quality" : "G"},
    {"name" : "[20099]/XW/CHG/CFG_BLOCK_START","value" : 0,"quality" : "G"},
    {"name" : "[20099]/XW/CHG/CFG_BLOCK_END","value" : 0,"quality" : "G"},
    {"name" : "[20099]/XW/LOAD/CFG_LOAD_SHAVE_END","value" : 0,"quality" : "G"},
    {"name" : "[20099]/XW/LOAD/CFG_LOAD_SHAVE_START","value" : 0,"quality" : "G"},
    {"name" : "[20099]/XW/AC1/CFG_SELL_BLOCK_START","value" : 0,"quality" : "G"},
    {"name" : "[20099]/XW/AC1/CFG_SELL_BLOCK_END","value" : 0,"quality" : "G"},
    {"name" : "[20099]/XW/AUX/CFG_TRIGGER_START","value" : 0,"quality" : "G"},
    {"name" : "[20099]/XW/AUX/CFG_TRIGGER_END","value" : 0,"quality" : "G"},
    {"name" : "[20099]/XW/AC1/CFG_LOW_F","value" : 5500,"quality" : "G"},
    {"name" : "[20099]/XW/AC1/CFG_LOW_F_MIN","value" : 4400,"quality" : "G"},
    {"name" : "[20099]/XW/AC1/CFG_LOW_F_MAX","value" : 5900,"quality" : "G"},
    {"name" : "[20099]/XW/AC2/CFG_LOW_F","value" : 5500,"quality" : "G"},
    {"name" : "[20099]/XW/AC2/CFG_LOW_F_MIN","value" : 4400,"quality" : "G"},
    {"name" : "[20099]/XW/AC2/CFG_LOW_F_MAX","value" : 5900,"quality" : "G"},
    {"name" : "[20099]/XW/AC1/CFG_HIGH_F","value" : 6500,"quality" : "G"},
    {"name" : "[20099]/XW/AC1/CFG_HIGH_F_MIN","value" : 6100,"quality" : "G"},
    {"name" : "[20099]/XW/AC1/CFG_HIGH_F_MAX","value" : 7000,"quality" : "G"},
    {"name" : "[20099]/XW/AC2/CFG_HIGH_F","value" : 6500,"quality" : "G"},
    {"name" : "[20099]/XW/AC2/CFG_HIGH_F_MIN","value" : 6100,"quality" : "G"},
    {"name" : "[20099]/XW/AC2/CFG_HIGH_F_MAX","value" : 7000,"quality" : "G"},
    {"name" : "[20099]/XW/AC1/CFG_LOAD_SHAVE_EN","value" : 0,"quality" : "G"},
    {"name" : "[20099]/XW/AC1/CFG_GRID_TIE_EN","value" : 1,"quality" : "G"},
    {"name" : "[20099]/XW/AC1/CFG_MAX_SELL_SCALE_PERCENT","value" : 100,"quality" : "G"},
    {"name" : "[20099]/XW/AC1/CFG_MAX_SELL_I","value" : 1500,"quality" : "G"},
    {"name" : "[20099]/XW/AC1/CFG_MAX_SELL_I_MIN","value" : 0,"quality" : "G"},
    {"name" : "[20099]/XW/AC1/CFG_MAX_SELL_I_MAX","value" : 18000,"quality" : "G"},
    {"name" : "[20099]/XW/AC1/CFG_PEAK_LOAD_SHAVING_I","value" : 48000,"quality" : "G"},
    {"name" : "[20099]/XW/AC1/CFG_PEAK_LOAD_SHAVING_I_MIN","value" : 0,"quality" : "G"},
    {"name" : "[20099]/XW/AC1/CFG_PEAK_LOAD_SHAVING_I_MAX","value" : 48000,"quality" : "G"},
    {"name" : "[20099]/XW/AC2/CFG_GEN_SUPPORT_ENABLE","value" : 0,"quality" : "G"},
    {"name" : "[20099]/XW/AC2/CFG_GEN_SUPPORT_I","value" : 48000,"quality" : "G"},
    {"name" : "[20099]/XW/AC2/CFG_GEN_SUPPORT_I_MIN","value" : 0,"quality" : "G"},
    {"name" : "[20099]/XW/AC2/CFG_GEN_SUPPORT_I_MAX","value" : 48000,"quality" : "G"},
    {"name" : "[20099]/XW/AUX/CFG_MODE","value" : 0,"quality" : "G"},
    {"name" : "[20099]/XW/AUX/CFG_ACTIVE_LEVEL","value" : 1,"quality" : "G"},
    {"name" : "[20099]/XW/AUX/CFG_TRIGGER_SOURCE","value" : 0,"quality" : "G"},
    {"name" : "[20099]/XW/AUX/CFG_TEMP_LOW_TRIG_SET","value" : 273000,"quality" : "G"},
    {"name" : "[20099]/XW/AUX/CFG_TEMP_LOW_TRIG_SET_MIN","value" : 243000,"quality" : "G"},
    {"name" : "[20099]/XW/AUX/CFG_TEMP_LOW_TRIG_SET_MAX","value" : 283000,"quality" : "G"},
    {"name" : "[20099]/XW/AUX/CFG_TEMP_LOW_TRIG_SET_DELAY","value" : 100,"quality" : "G"},
    {"name" : "[20099]/XW/AUX/CFG_TEMP_LOW_TRIG_SET_DELAY_MIN","value" : 0,"quality" : "G"},
    {"name" : "[20099]/XW/AUX/CFG_TEMP_LOW_TRIG_SET_DELAY_MAX","value" : 60000,"quality" : "G"},
    {"name" : "[20099]/XW/AUX/CFG_TEMP_LOW_TRIG_CLEAR","value" : 278000,"quality" : "G"},
    {"name" : "[20099]/XW/AUX/CFG_TEMP_LOW_TRIG_CLEAR_MIN","value" : 243000,"quality" : "G"},
    {"name" : "[20099]/XW/AUX/CFG_TEMP_LOW_TRIG_CLEAR_MAX","value" : 283000,"quality" : "G"},
    {"name" : "[20099]/XW/AUX/CFG_TEMP_LOW_TRIG_CLEAR_DELAY","value" : 100,"quality" : "G"},
    {"name" : "[20099]/XW/AUX/CFG_TEMP_LOW_TRIG_CLEAR_DELAY_MIN","value" : 0,"quality" : "G"},
    {"name" : "[20099]/XW/AUX/CFG_TEMP_LOW_TRIG_CLEAR_DELAY_MAX","value" : 60000,"quality" : "G"},
    {"name" : "[20099]/XW/AUX/CFG_TEMP_HIGH_TRIG_SET","value" : 318000,"quality" : "G"},
    {"name" : "[20099]/XW/AUX/CFG_TEMP_HIGH_TRIG_SET_MIN","value" : 303000,"quality" : "G"},
    {"name" : "[20099]/XW/AUX/CFG_TEMP_HIGH_TRIG_SET_MAX","value" : 333000,"quality" : "G"},
    {"name" : "[20099]/XW/AUX/CFG_TEMP_HIGH_TRIG_SET_DELAY","value" : 100,"quality" : "G"},
    {"name" : "[20099]/XW/AUX/CFG_TEMP_HIGH_TRIG_SET_DELAY_MIN","value" : 0,"quality" : "G"},
    {"name" : "[20099]/XW/AUX/CFG_TEMP_HIGH_TRIG_SET_DELAY_MAX","value" : 60000,"quality" : "G"},
    {"name" : "[20099]/XW/AUX/CFG_TEMP_HIGH_TRIG_CLEAR","value" : 308000,"quality" : "G"},
    {"name" : "[20099]/XW/AUX/CFG_TEMP_HIGH_TRIG_CLEAR_MIN","value" : 303000,"quality" : "G"},
    {"name" : "[20099]/XW/AUX/CFG_TEMP_HIGH_TRIG_CLEAR_MAX","value" : 333000,"quality" : "G"},
    {"name" : "[20099]/XW/AUX/CFG_TEMP_HIGH_TRIG_CLEAR_DELAY","value" : 100,"quality" : "G"},
    {"name" : "[20099]/XW/AUX/CFG_TEMP_HIGH_TRIG_CLEAR_DELAY_MIN","value" : 0,"quality" : "G"},
    {"name" : "[20099]/XW/AUX/CFG_TEMP_HIGH_TRIG_CLEAR_DELAY_MAX","value" : 60000,"quality" : "G"},
    {"name" : "[20099]/XW/ASSOC/CFG_AC_OUTPUT","value" : 51,"quality" : "G"},
    {"name" : "[20099]/XW/ASSOC/CFG_AC_INPUT","value" : 19,"quality" : "G"},
    {"name" : "[20099]/XW/ASSOC/CFG_AC_INPUT_OUTPUT","value" : 67,"quality" : "G"},
    {"name" : "[20099]/XW/ASSOC/CFG_DC_INPUT_OUTPUT","value" : 3,"quality" : "G"},
    {"name" : "[20099]/XW/BMS/CFG_MAX_DISCHARGE_I","value" : 0,"quality" : "G"},
    {"name" : "[20099]/XW/BMS/CFG_MAX_DISCHARGE_I_MIN","value" : 0,"quality" : "G"},
    {"name" : "[20099]/XW/BMS/CFG_MAX_DISCHARGE_I_MAX","value" : 0,"quality" : "G"},
    {"name" : "[20099]/XW/BMS/CFG_MAX_DISCHARGE_TIME_INTERVAL","value" : 0,"quality" : "G"},
    {"name" : "[20099]/XW/BMS/CFG_MAX_DISCHARGE_TIME_INTERVAL_MIN","value" : 0,"quality" : "G"},
    {"name" : "[20099]/XW/BMS/CFG_MAX_DISCHARGE_TIME_INTERVAL_MAX","value" : 0,"quality" : "G"},
    {"name" : "[20099]/XW/AC1/CFG_GVS_EN","value" : 0,"quality" : "G"},
    {"name" : "[20099]/XW/AC1/CFG_GVS_MAX_Q_CAP","value" : 0,"quality" : "G"},
    {"name" : "[20099]/XW/AC1/CFG_GVS_MAX_Q_CAP_MIN","value" : 0,"quality" : "G"},
    {"name" : "[20099]/XW/AC1/CFG_GVS_MAX_Q_CAP_MAX","value" : 0,"quality" : "G"},
    {"name" : "[20099]/XW/AC1/CFG_GVS_MAX_Q_IND","value" : 0,"quality" : "G"},
    {"name" : "[20099]/XW/AC1/CFG_GVS_MAX_Q_IND_MIN","value" : 0,"quality" : "G"},
    {"name" : "[20099]/XW/AC1/CFG_GVS_MAX_Q_IND_MAX","value" : 0,"quality" : "G"},
    {"name" : "[20099]/XW/AC1/CFG_GVS_MAX_V_GRID","value" : 0,"quality" : "G"},
    {"name" : "[20099]/XW/AC1/CFG_GVS_MAX_V_GRID_MIN","value" : 0,"quality" : "G"},
    {"name" : "[20099]/XW/AC1/CFG_GVS_MAX_V_GRID_MAX","value" : 0,"quality" : "G"},
    {"name" : "[20099]/XW/AC1/CFG_GVS_MIN_V_GRID","value" : 0,"quality" : "G"},
    {"name" : "[20099]/XW/AC1/CFG_GVS_MIN_V_GRID_MIN","value" : 0,"quality" : "G"},
    {"name" : "[20099]/XW/AC1/CFG_GVS_MIN_V_GRID_MAX","value" : 0,"quality" : "G"},
    {"name" : "[20099]/XW/AC1/CFG_GVS_V_SET_HIGH","value" : 0,"quality" : "G"},
    {"name" : "[20099]/XW/AC1/CFG_GVS_V_SET_HIGH_MIN","value" : 0,"quality" : "G"},
    {"name" : "[20099]/XW/AC1/CFG_GVS_V_SET_HIGH_MAX","value" : 0,"quality" : "G"},
    {"name" : "[20099]/XW/AC1/CFG_GVS_V_SET_LOW","value" : 0,"quality" : "G"},
    {"name" : "[20099]/XW/AC1/CFG_GVS_V_SET_LOW_MIN","value" : 0,"quality" : "G"},
    {"name" : "[20099]/XW/AC1/CFG_GVS_V_SET_LOW_MAX","value" : 0,"quality" : "G"},
    {"name" : "[20099]/XW/AC1/CFG_GVS_V_THRESHOLD","value" : 0,"quality" : "G"},
    {"name" : "[20099]/XW/AC1/CFG_GVS_V_THRESHOLD_MIN","value" : 0,"quality" : "G"},
    {"name" : "[20099]/XW/AC1/CFG_GVS_V_THRESHOLD_MAX","value" : 0,"quality" : "G"},
    {"name" : "[20099]/XW/AC1/CFG_GVS_DELAY_TIME","value" : 0,"quality" : "G"},
    {"name" : "[20099]/XW/AC1/CFG_GVS_DELAY_TIME_MIN","value" : 0,"quality" : "G"},
    {"name" : "[20099]/XW/AC1/CFG_GVS_DELAY_TIME_MAX","value" : 0,"quality" : "G"},
    {"name" : "[20099]/XW/AC1/CFG_GFS_EN","value" : 0,"quality" : "G"},
    {"name" : "[20099]/XW/AC1/CFG_API_FREQ_START_LEVEL","value" : 0,"quality" : "G"},
    {"name" : "[20099]/XW/AC1/CFG_API_FREQ_START_LEVEL_MIN","value" : 0,"quality" : "G"},
    {"name" : "[20099]/XW/AC1/CFG_API_FREQ_START_LEVEL_MAX","value" : 0,"quality" : "G"},
    {"name" : "[20099]/XW/AC1/CFG_API_FREQ_STOP_LEVEL","value" : 0,"quality" : "G"},
    {"name" : "[20099]/XW/AC1/CFG_API_FREQ_STOP_LEVEL_MIN","value" : 0,"quality" : "G"},
    {"name" : "[20099]/XW/AC1/CFG_API_FREQ_STOP_LEVEL_MAX","value" : 0,"quality" : "G"},
    {"name" : "[20099]/XW/AC1/CFG_API_FREQ_RECOVER_LEVEL","value" : 0,"quality" : "G"},
    {"name" : "[20099]/XW/AC1/CFG_API_FREQ_RECOVER_LEVEL_MIN","value" : 0,"quality" : "G"},
    {"name" : "[20099]/XW/AC1/CFG_API_FREQ_RECOVER_LEVEL_MAX","value" : 0,"quality" : "G"},
    {"name" : "[20099]/XW/AC1/CFG_API_PT_GRADIENT","value" : 0,"quality" : "G"},
    {"name" : "[20099]/XW/AC1/CFG_API_PT_GRADIENT_MIN","value" : 0,"quality" : "G"},
    {"name" : "[20099]/XW/AC1/CFG_API_PT_GRADIENT_MAX","value" : 0,"quality" : "G"},
    {"name" : "[20099]/XW/AC1/CFG_APR_FREQ_START_LEVEL","value" : 0,"quality" : "G"},
    {"name" : "[20099]/XW/AC1/CFG_APR_FREQ_START_LEVEL_MIN","value" : 0,"quality" : "G"},
    {"name" : "[20099]/XW/AC1/CFG_APR_FREQ_START_LEVEL_MAX","value" : 0,"quality" : "G"},
    {"name" : "[20099]/XW/AC1/CFG_APR_FREQ_STOP_LEVEL","value" : 0,"quality" : "G"},
    {"name" : "[20099]/XW/AC1/CFG_APR_FREQ_STOP_LEVEL_MIN","value" : 0,"quality" : "G"},
    {"name" : "[20099]/XW/AC1/CFG_APR_FREQ_STOP_LEVEL_MAX","value" : 0,"quality" : "G"},
    {"name" : "[20099]/XW/AC1/CFG_APR_FREQ_RECOVER_LEVEL","value" : 0,"quality" : "G"},
    {"name" : "[20099]/XW/AC1/CFG_APR_FREQ_RECOVER_LEVEL_MIN","value" : 0,"quality" : "G"},
    {"name" : "[20099]/XW/AC1/CFG_APR_FREQ_RECOVER_LEVEL_MAX","value" : 0,"quality" : "G"},
    {"name" : "[20099]/XW/AC1/CFG_APR_PF_GRADIENT","value" : 0,"quality" : "G"},
    {"name" : "[20099]/XW/AC1/CFG_APR_PF_GRADIENT_MIN","value" : 0,"quality" : "G"},
    {"name" : "[20099]/XW/AC1/CFG_APR_PF_GRADIENT_MAX","value" : 0,"quality" : "G"},
    {"name" : "[20099]/XW/AC1/CFG_APR_PT_GRADIENT","value" : 0,"quality" : "G"},
    {"name" : "[20099]/XW/AC1/CFG_APR_PT_GRADIENT_MIN","value" : 0,"quality" : "G"},
    {"name" : "[20099]/XW/AC1/CFG_APR_PT_GRADIENT_MAX","value" : 0,"quality" : "G"},
    {"name" : "[20099]/XW/AC1/CFG_MAX_SELL","value" : 0,"quality" : "G"},
    {"name" : "[20099]/XW/BATT/CFG_SOC_LEVEL_TO_STOP","value" : 0,"quality" : "G"},
    {"name" : "[20099]/XW/BATT/CFG_SOC_LEVEL_TO_STOP_MIN","value" : 0,"quality" : "G"},
    {"name" : "[20099]/XW/BATT/CFG_SOC_LEVEL_TO_STOP_MAX","value" : 0,"quality" : "G"},
    {"name" : "[20099]/XW/BATT/CFG_SOC_STOP_DELAY","value" : 0,"quality" : "G"},
    {"name" : "[20099]/XW/BATT/CFG_SOC_STOP_DELAY_MIN","value" : 0,"quality" : "G"},
    {"name" : "[20099]/XW/BATT/CFG_SOC_STOP_DELAY_MAX","value" : 0,"quality" : "G"},
    {"name" : "[20099]/XW/BATT/CFG_SOC_LEVEL_TO_START","value" : 0,"quality" : "G"},
    {"name" : "[20099]/XW/BATT/CFG_SOC_LEVEL_TO_START_MIN","value" : 0,"quality" : "G"},
    {"name" : "[20099]/XW/BATT/CFG_SOC_LEVEL_TO_START_MAX","value" : 0,"quality" : "G"},
    {"name" : "[20099]/XW/BATT/CFG_SOC_START_DELAY","value" : 0,"quality" : "G"},
    {"name" : "[20099]/XW/BATT/CFG_SOC_START_DELAY_MIN","value" : 0,"quality" : "G"},
    {"name" : "[20099]/XW/BATT/CFG_SOC_START_DELAY_MAX","value" : 0,"quality" : "G"},
    {"name" : "[20099]/XW/AUX/CFG_HS_TEMP_HIGH_TRIG_SET","value" : 0,"quality" : "G"},
    {"name" : "[20099]/XW/AUX/CFG_HS_TEMP_HIGH_TRIG_SET_MIN","value" : 0,"quality" : "G"},
    {"name" : "[20099]/XW/AUX/CFG_HS_TEMP_HIGH_TRIG_SET_MAX","value" : 0,"quality" : "G"},
    {"name" : "[20099]/XW/AUX/CFG_HS_TEMP_HIGH_TRIG_SET_DELAY","value" : 0,"quality" : "G"},
    {"name" : "[20099]/XW/AUX/CFG_HS_TEMP_HIGH_TRIG_SET_DELAY_MIN","value" : 0,"quality" : "G"},
    {"name" : "[20099]/XW/AUX/CFG_HS_TEMP_HIGH_TRIG_SET_DELAY_MAX","value" : 0,"quality" : "G"},
    {"name" : "[20099]/XW/AUX/CFG_HS_TEMP_HIGH_TRIG_CLEAR","value" : 0,"quality" : "G"},
    {"name" : "[20099]/XW/AUX/CFG_HS_TEMP_HIGH_TRIG_CLEAR_MIN","value" : 0,"quality" : "G"},
    {"name" : "[20099]/XW/AUX/CFG_HS_TEMP_HIGH_TRIG_CLEAR_MAX","value" : 0,"quality" : "G"},
    {"name" : "[20099]/XW/AUX/CFG_HS_TEMP_HIGH_TRIG_CLEAR_DELAY","value" : 0,"quality" : "G"},
    {"name" : "[20099]/XW/AUX/CFG_HS_TEMP_HIGH_TRIG_CLEAR_DELAY_MIN","value" : 0,"quality" : "G"},
    {"name" : "[20099]/XW/AUX/CFG_HS_TEMP_HIGH_TRIG_CLEAR_DELAY_MAX","value" : 0,"quality" : "G"},
    {"name" : "[20099]/XW/GEN1/V","value" : 0,"quality" : "G"},
    {"name" : "[20099]/XW/GEN1/I","value" : 0,"quality" : "G"},
    {"name" : "[20099]/XW/GEN1/F","value" : 0,"quality" : "G"},
    {"name" : "[20099]/XW/GEN1/VQUAL","value" : 1,"quality" : "G"},
    {"name" : "[20099]/XW/GEN1/FQUAL","value" : 1,"quality" : "G"},
    {"name" : "[20099]/XW/GEN1/TQUAL","value" : 0,"quality" : "G"},
    {"name" : "[20099]/XW/GEN1/P","value" : 0,"quality" : "G"},
    {"name" : "[20099]/XW/GEN1/V_LN1","value" : 0,"quality" : "G"},
    {"name" : "[20099]/XW/GEN1/I_LN1","value" : 0,"quality" : "G"},
    {"name" : "[20099]/XW/GEN1/V_LN2","value" : 0,"quality" : "G"},
    {"name" : "[20099]/XW/GEN1/I_LN2","value" : 0,"quality" : "G"},
    {"name" : "[20099]/XW/GEN1/S","value" : 0,"quality" : "G"},
    {"name" : "[20099]/XW/GEN2/V","value" : 0,"quality" : "G"},
    {"name" : "[20099]/XW/GEN2/I","value" : 0,"quality" : "G"},
    {"name" : "[20099]/XW/GEN2/F","value" : 0,"quality" : "G"},
    {"name" : "[20099]/XW/GEN2/VQUAL","value" : 0,"quality" : "G"},
    {"name" : "[20099]/XW/GEN2/FQUAL","value" : 0,"quality" : "G"},
    {"name" : "[20099]/XW/GEN2/TQUAL","value" : 0,"quality" : "G"},
    {"name" : "[20099]/XW/GEN2/P","value" : 0,"quality" : "G"},
    {"name" : "[20099]/XW/GEN2/V_LN1","value" : 0,"quality" : "G"},
    {"name" : "[20099]/XW/GEN2/I_LN1","value" : 0,"quality" : "G"},
    {"name" : "[20099]/XW/GEN2/V_LN2","value" : 0,"quality" : "G"},
    {"name" : "[20099]/XW/GEN2/I_LN2","value" : 0,"quality" : "G"},
    {"name" : "[20099]/XW/GEN2/S","value" : 0,"quality" : "G"},
    {"name" : "[20099]/XW/GEN1/ENERGY_HOUR","value" : 0,"quality" : "G"},
    {"name" : "[20099]/XW/GEN1/ACTIVE_HOUR","value" : 0,"quality" : "G"},
    {"name" : "[20099]/XW/GEN1/ENERGY_DAY","value" : 0,"quality" : "G"},
    {"name" : "[20099]/XW/GEN1/ACTIVE_DAY","value" : 0,"quality" : "G"},
    {"name" : "[20099]/XW/GEN1/ENERGY_WEEK","value" : 0,"quality" : "G"},
    {"name" : "[20099]/XW/GEN1/ACTIVE_WEEK","value" : 0,"quality" : "G"},
    {"name" : "[20099]/XW/GEN1/ENERGY_MONTH","value" : 0,"quality" : "G"},
    {"name" : "[20099]/XW/GEN1/ACTIVE_MONTH","value" : 0,"quality" : "G"},
    {"name" : "[20099]/XW/GEN1/ENERGY_YEAR","value" : 0,"quality" : "G"},
    {"name" : "[20099]/XW/GEN1/ACTIVE_YEAR","value" : 0,"quality" : "G"},
    {"name" : "[20099]/XW/GEN1/ENERGY_LIFETIME","value" : 0,"quality" : "G"},
    {"name" : "[20099]/XW/GEN1/ACTIVE_LIFETIME","value" : 0,"quality" : "G"},
    {"name" : "[20099]/XW/GEN2/ENERGY_HOUR","value" : 0,"quality" : "G"},
    {"name" : "[20099]/XW/GEN2/ACTIVE_HOUR","value" : 0,"quality" : "G"},
    {"name" : "[20099]/XW/GEN2/ENERGY_DAY","value" : 0,"quality" : "G"},
    {"name" : "[20099]/XW/GEN2/ACTIVE_DAY","value" : 0,"quality" : "G"},
    {"name" : "[20099]/XW/GEN2/ENERGY_WEEK","value" : 0,"quality" : "G"},
    {"name" : "[20099]/XW/GEN2/ACTIVE_WEEK","value" : 0,"quality" : "G"},
    {"name" : "[20099]/XW/GEN2/ENERGY_MONTH","value" : 0,"quality" : "G"},
    {"name" : "[20099]/XW/GEN2/ACTIVE_MONTH","value" : 0,"quality" : "G"},
    {"name" : "[20099]/XW/GEN2/ENERGY_YEAR","value" : 0,"quality" : "G"},
    {"name" : "[20099]/XW/GEN2/ACTIVE_YEAR","value" : 0,"quality" : "G"},
    {"name" : "[20099]/XW/GEN2/ENERGY_LIFETIME","value" : 0,"quality" : "G"},
    {"name" : "[20099]/XW/GEN2/ACTIVE_LIFETIME","value" : 0,"quality" : "G"}],"count" : 508,"responseTime" : 252}
     
