{ "values" : [{"name" : "[1328371]/MPPT/LPHD/FGA","value" : "865-1030","quality" : "G"},
    {"name" : "[1328371]/MPPT/LPHD/MODEL_NAME","value" : "MPPT60","quality" : "G"},
    {"name" : "[1328371]/MPPT/LPHD/SERIALNUM","value" : "0000147444F3","quality" : "G"},
    {"name" : "[1328371]/MPPT/LFWB/VERSION","value" : 10600,"quality" : "G"},
    {"name" : "[1328371]/MPPT/LFWB/BUILDNUMBER","value" : 1,"quality" : "G"},
    {"name" : "[1328371]/MPPT/FLT/NEW","value" : 0,"quality" : "G"},
    {"name" : "[1328371]/MPPT/FLT/LIST","value" : [],"quality" : "G"},
    {"name" : "[1328371]/MPPT/FLT/LOG","value" : [{"timestamp" : 4294967295, "id" : 71, "name" : "DC Over-current shutdown", "description" : "Cause: DC output current is too high.\n"},{"timestamp" : 4294967295, "id" : 71, "name" : "DC Over-current shutdown", "description" : "Cause: DC output current is too high.\n"},{"timestamp" : 4294967295, "id" : 71, "name" : "DC Over-current shutdown", "description" : "Cause: DC output current is too high.\n"},{"timestamp" : 4294967295, "id" : 71, "name" : "DC Over-current shutdown", "description" : "Cause: DC output current is too high.\n"},{"timestamp" : 4294967295, "id" : 71, "name" : "DC Over-current shutdown", "description" : "Cause: DC output current is too high.\n"},{"timestamp" : 4294967295, "id" : 71, "name" : "DC Over-current shutdown", "description" : "Cause: DC output current is too high.\n"},{"timestamp" : 4294967295, "id" : 71, "name" : "DC Over-current shutdown", "description" : "Cause: DC output current is too high.\n"},{"timestamp" : 4294967295, "id" : 71, "name" : "DC Over-current shutdown", "description" : "Cause: DC output current is too high.\n"},{"timestamp" : 4294967295, "id" : 71, "name" : "DC Over-current shutdown", "description" : "Cause: DC output current is too high.\n"},{"timestamp" : 4294967295, "id" : 71, "name" : "DC Over-current shutdown", "description" : "Cause: DC output current is too high.\n"},{"timestamp" : 4294967295, "id" : 11, "name" : "Output Under-voltage", "description" : "The DC Output Voltage is too low.\n"}],"quality" : "G"},
    {"name" : "[1328371]/MPPT/FLT/REFRESH","value" : 0,"quality" : "G"},
    {"name" : "[1328371]/MPPT/FLT/REFRESH_COUNT","value" : 8,"quality" : "G"},
    {"name" : "[1328371]/MPPT/WRN/NEW","value" : 0,"quality" : "G"},
    {"name" : "[1328371]/MPPT/WRN/LIST","value" : [],"quality" : "G"},
    {"name" : "[1328371]/MPPT/WRN/LOG","value" : [],"quality" : "G"},
    {"name" : "[1328371]/MPPT/WRN/REFRESH","value" : 0,"quality" : "G"},
    {"name" : "[1328371]/MPPT/WRN/REFRESH_COUNT","value" : 8,"quality" : "G"},
    {"name" : "[1328371]/MPPT/DEV/DESIRED_MODE","value" : 3,"quality" : "G"},
    {"name" : "[1328371]/MPPT/DEV/STATE","value" : 3,"quality" : "G"},
    {"name" : "[1328371]/MPPT/DEV/LAST_MODE","value" : 255,"quality" : "G"},
    {"name" : "[1328371]/MPPT/FLT/ACTIVE","value" : 0,"quality" : "G"},
    {"name" : "[1328371]/MPPT/FLT/CHANGED","value" : 0,"quality" : "G"},
    {"name" : "[1328371]/MPPT/WRN/ACTIVE","value" : 0,"quality" : "G"},
    {"name" : "[1328371]/MPPT/WRN/CHANGED","value" : 0,"quality" : "G"},
    {"name" : "[1328371]/MPPT/XB/PGNSTS","value" : {"Device ID" : 1328371, "PGNSts" : [{"name" : "AssocCfg","pgn" : "0x12500","receiveCount" : 2,"state" : "Idle", "result" : "OK", "init" : "1", "sent" : 0,"received" : 0,"expected" : 2,"ACKCounter" : 0,"ACKCounterTotal" : 0,"NAKCounter" : 0,"NAKCounterTotal" : 0,"failCount" : 0,"updatePending" : 0,"changePending" : 0,"retries" : 10,"timeout_counter" : 10,"ACK Status" : 0,"Group Function Value" : -1}, {"name" : "Sts","pgn" : "0x1F00F","receiveCount" : 1042383,"state" : "Idle", "result" : "OK", "init" : "1", "sent" : 0,"received" : 0,"expected" : 1,"ACKCounter" : 0,"ACKCounterTotal" : 0,"NAKCounter" : 0,"NAKCounterTotal" : 0,"failCount" : 0,"updatePending" : 0,"changePending" : 0,"retries" : 10,"timeout_counter" : 10,"ACK Status" : 0,"Group Function Value" : -1}, {"name" : "HwRevSts","pgn" : "0x1F810","receiveCount" : 3,"state" : "Idle", "result" : "OK", "init" : "1", "sent" : 0,"received" : 0,"expected" : 1,"ACKCounter" : 0,"ACKCounterTotal" : 0,"NAKCounter" : 0,"NAKCounterTotal" : 0,"failCount" : 0,"updatePending" : 0,"changePending" : 0,"retries" : 10,"timeout_counter" : 10,"ACK Status" : 0,"Group Function Value" : -1}, {"name" : "ProdInfoSts","pgn" : "0x1F014","receiveCount" : 3,"state" : "Idle", "result" : "OK", "init" : "1", "sent" : 0,"received" : 0,"expected" : 1,"ACKCounter" : 0,"ACKCounterTotal" : 0,"NAKCounter" : 0,"NAKCounterTotal" : 0,"failCount" : 0,"updatePending" : 0,"changePending" : 0,"retries" : 10,"timeout_counter" : 10,"ACK Status" : 0,"Group Function Value" : -1}, {"name" : "SwVerSts","pgn" : "0x1F80E","receiveCount" : 8236,"state" : "Idle", "result" : "OK", "init" : "1", "sent" : 0,"received" : 0,"expected" : 1,"ACKCounter" : 0,"ACKCounterTotal" : 0,"NAKCounter" : 0,"NAKCounterTotal" : 0,"failCount" : 0,"updatePending" : 0,"changePending" : 0,"retries" : 10,"timeout_counter" : 10,"ACK Status" : 0,"Group Function Value" : -1}, {"name" : "DcSrcSts2","pgn" : "0x1F0C5","receiveCount" : 1041085,"state" : "Idle", "result" : "OK", "init" : "1", "sent" : 0,"received" : 0,"expected" : 1,"ACKCounter" : 0,"ACKCounterTotal" : 0,"NAKCounter" : 0,"NAKCounterTotal" : 0,"failCount" : 0,"updatePending" : 0,"changePending" : 0,"retries" : 10,"timeout_counter" : 10,"ACK Status" : 0,"Group Function Value" : -1}, {"name" : "SpsSts","pgn" : "0x1F0C6","receiveCount" : 520820,"state" : "Idle", "result" : "OK", "init" : "1", "sent" : 0,"received" : 0,"expected" : 1,"ACKCounter" : 0,"ACKCounterTotal" : 0,"NAKCounter" : 0,"NAKCounterTotal" : 0,"failCount" : 0,"updatePending" : 0,"changePending" : 0,"retries" : 10,"timeout_counter" : 10,"ACK Status" : 0,"Group Function Value" : -1}, {"name" : "BattSts2","pgn" : "0x1F0C4","receiveCount" : 519963,"state" : "Idle", "result" : "OK", "init" : "1", "sent" : 0,"received" : 0,"expected" : 1,"ACKCounter" : 0,"ACKCounterTotal" : 0,"NAKCounter" : 0,"NAKCounterTotal" : 0,"failCount" : 0,"updatePending" : 0,"changePending" : 0,"retries" : 10,"timeout_counter" : 10,"ACK Status" : 0,"Group Function Value" : -1}, {"name" : "ChgSts","pgn" : "0x1F00E","receiveCount" : 520955,"state" : "Idle", "result" : "OK", "init" : "1", "sent" : 0,"received" : 0,"expected" : 1,"ACKCounter" : 0,"ACKCounterTotal" : 0,"NAKCounter" : 0,"NAKCounterTotal" : 0,"failCount" : 0,"updatePending" : 0,"changePending" : 0,"retries" : 10,"timeout_counter" : 10,"ACK Status" : 0,"Group Function Value" : -1}, {"name" : "IntTempCfgOt","pgn" : "0x11600","receiveCount" : 1,"state" : "Idle", "result" : "OK", "init" : "1", "sent" : 0,"received" : 0,"expected" : 1,"ACKCounter" : 0,"ACKCounterTotal" : 0,"NAKCounter" : 0,"NAKCounterTotal" : 0,"failCount" : 0,"updatePending" : 0,"changePending" : 0,"retries" : 10,"timeout_counter" : 10,"ACK Status" : 0,"Group Function Value" : -1}, {"name" : "DcSrcCfgBatt","pgn" : "0x11D00","receiveCount" : 1,"state" : "Idle", "result" : "OK", "init" : "1", "sent" : 0,"received" : 0,"expected" : 1,"ACKCounter" : 0,"ACKCounterTotal" : 0,"NAKCounter" : 0,"NAKCounterTotal" : 0,"failCount" : 0,"updatePending" : 0,"changePending" : 0,"retries" : 10,"timeout_counter" : 10,"ACK Status" : 0,"Group Function Value" : -1}, {"name" : "DcSrcCfgOv","pgn" : "0x10200","receiveCount" : 2,"state" : "Idle", "result" : "OK", "init" : "1", "sent" : 0,"received" : 0,"expected" : 2,"ACKCounter" : 0,"ACKCounterTotal" : 0,"NAKCounter" : 0,"NAKCounterTotal" : 0,"failCount" : 0,"updatePending" : 0,"changePending" : 0,"retries" : 10,"timeout_counter" : 10,"ACK Status" : 0,"Group Function Value" : -1}, {"name" : "EnDisCfg","pgn" : "0x13400","receiveCount" : 1,"state" : "Idle", "result" : "OK", "init" : "1", "sent" : 0,"received" : 0,"expected" : 1,"ACKCounter" : 0,"ACKCounterTotal" : 0,"NAKCounter" : 0,"NAKCounterTotal" : 0,"failCount" : 0,"updatePending" : 0,"changePending" : 0,"retries" : 10,"timeout_counter" : 10,"ACK Status" : 0,"Group Function Value" : -1}, {"name" : "SpsCfg","pgn" : "0x1C600","receiveCount" : 1,"state" : "Idle", "result" : "OK", "init" : "1", "sent" : 0,"received" : 0,"expected" : 1,"ACKCounter" : 0,"ACKCounterTotal" : 0,"NAKCounter" : 0,"NAKCounterTotal" : 0,"failCount" : 0,"updatePending" : 0,"changePending" : 0,"retries" : 10,"timeout_counter" : 10,"ACK Status" : 0,"Group Function Value" : -1}, {"name" : "NAMECfg","pgn" : "0x13A00","receiveCount" : 1,"state" : "Idle", "result" : "OK", "init" : "1", "sent" : 0,"received" : 0,"expected" : 1,"ACKCounter" : 0,"ACKCounterTotal" : 0,"NAKCounter" : 0,"NAKCounterTotal" : 0,"failCount" : 0,"updatePending" : 0,"changePending" : 0,"retries" : 10,"timeout_counter" : 10,"ACK Status" : 0,"Group Function Value" : -1}, {"name" : "ChgCfg","pgn" : "0x12C00","receiveCount" : 1,"state" : "Idle", "result" : "OK", "init" : "1", "sent" : 0,"received" : 0,"expected" : 1,"ACKCounter" : 0,"ACKCounterTotal" : 0,"NAKCounter" : 0,"NAKCounterTotal" : 0,"failCount" : 0,"updatePending" : 0,"changePending" : 0,"retries" : 10,"timeout_counter" : 10,"ACK Status" : 0,"Group Function Value" : -1}, {"name" : "ExtTempCfgOt","pgn" : "0x11400","receiveCount" : 1,"state" : "Idle", "result" : "OK", "init" : "1", "sent" : 0,"received" : 0,"expected" : 1,"ACKCounter" : 0,"ACKCounterTotal" : 0,"NAKCounter" : 0,"NAKCounterTotal" : 0,"failCount" : 0,"updatePending" : 0,"changePending" : 0,"retries" : 10,"timeout_counter" : 10,"ACK Status" : 0,"Group Function Value" : -1}, {"name" : "SpsCfgTrig","pgn" : "0x1C700","receiveCount" : 1,"state" : "Idle", "result" : "OK", "init" : "1", "sent" : 0,"received" : 0,"expected" : 1,"ACKCounter" : 0,"ACKCounterTotal" : 0,"NAKCounter" : 0,"NAKCounterTotal" : 0,"failCount" : 0,"updatePending" : 0,"changePending" : 0,"retries" : 10,"timeout_counter" : 10,"ACK Status" : 0,"Group Function Value" : -1}, {"name" : "ChgCfgEqualize","pgn" : "0x11B00","receiveCount" : 1,"state" : "Idle", "result" : "OK", "init" : "1", "sent" : 0,"received" : 0,"expected" : 1,"ACKCounter" : 0,"ACKCounterTotal" : 0,"NAKCounter" : 0,"NAKCounterTotal" : 0,"failCount" : 0,"updatePending" : 0,"changePending" : 0,"retries" : 10,"timeout_counter" : 10,"ACK Status" : 0,"Group Function Value" : -1}, {"name" : "DcSrcCfgUv","pgn" : "0x10100","receiveCount" : 1,"state" : "Idle", "result" : "OK", "init" : "1", "sent" : 0,"received" : 0,"expected" : 1,"ACKCounter" : 0,"ACKCounterTotal" : 0,"NAKCounter" : 0,"NAKCounterTotal" : 0,"failCount" : 0,"updatePending" : 0,"changePending" : 0,"retries" : 10,"timeout_counter" : 10,"ACK Status" : 0,"Group Function Value" : -1}, {"name" : "ChgCfgBulk","pgn" : "0x11700","receiveCount" : 1,"state" : "Idle", "result" : "OK", "init" : "1", "sent" : 0,"received" : 0,"expected" : 1,"ACKCounter" : 0,"ACKCounterTotal" : 0,"NAKCounter" : 0,"NAKCounterTotal" : 0,"failCount" : 0,"updatePending" : 0,"changePending" : 0,"retries" : 10,"timeout_counter" : 10,"ACK Status" : 0,"Group Function Value" : -1}, {"name" : "DcSrcCfgPvArray2","pgn" : "0x1C300","receiveCount" : 1,"state" : "Idle", "result" : "OK", "init" : "1", "sent" : 0,"received" : 0,"expected" : 1,"ACKCounter" : 0,"ACKCounterTotal" : 0,"NAKCounter" : 0,"NAKCounterTotal" : 0,"failCount" : 0,"updatePending" : 0,"changePending" : 0,"retries" : 10,"timeout_counter" : 10,"ACK Status" : 0,"Group Function Value" : -1}, {"name" : "ExtTempCfgUt","pgn" : "0x11300","receiveCount" : 1,"state" : "Idle", "result" : "OK", "init" : "1", "sent" : 0,"received" : 0,"expected" : 1,"ACKCounter" : 0,"ACKCounterTotal" : 0,"NAKCounter" : 0,"NAKCounterTotal" : 0,"failCount" : 0,"updatePending" : 0,"changePending" : 0,"retries" : 10,"timeout_counter" : 10,"ACK Status" : 0,"Group Function Value" : -1}, {"name" : "ChgCfgAbsorp","pgn" : "0x11800","receiveCount" : 1,"state" : "Idle", "result" : "OK", "init" : "1", "sent" : 0,"received" : 0,"expected" : 1,"ACKCounter" : 0,"ACKCounterTotal" : 0,"NAKCounter" : 0,"NAKCounterTotal" : 0,"failCount" : 0,"updatePending" : 0,"changePending" : 0,"retries" : 10,"timeout_counter" : 10,"ACK Status" : 0,"Group Function Value" : -1}, {"name" : "ChgCfgFloat","pgn" : "0x11A00","receiveCount" : 1,"state" : "Idle", "result" : "OK", "init" : "1", "sent" : 0,"received" : 0,"expected" : 1,"ACKCounter" : 0,"ACKCounterTotal" : 0,"NAKCounter" : 0,"NAKCounterTotal" : 0,"failCount" : 0,"updatePending" : 0,"changePending" : 0,"retries" : 10,"timeout_counter" : 10,"ACK Status" : 0,"Group Function Value" : -1}]},"quality" : "G"},
    {"name" : "[1328371]/MPPT/XB/PGNINFO","value" : {"Device ID" : 1328371, "PGNInfo" : [{"name" : "AssocCfg","pgn" : "0x12500","family" : 6}, {"name" : "Sts","pgn" : "0x1F00F","family" : 6}, {"name" : "HwRevSts","pgn" : "0x1F810","family" : 6}, {"name" : "ProdInfoSts","pgn" : "0x1F014","family" : 6}, {"name" : "SwVerSts","pgn" : "0x1F80E","family" : 6}, {"name" : "DcSrcSts2","pgn" : "0x1F0C5","family" : 6}, {"name" : "SpsSts","pgn" : "0x1F0C6","family" : 6}, {"name" : "BattSts2","pgn" : "0x1F0C4","family" : 6}, {"name" : "ChgSts","pgn" : "0x1F00E","family" : 6}, {"name" : "IntTempCfgOt","pgn" : "0x11600","family" : 6}, {"name" : "DcSrcCfgBatt","pgn" : "0x11D00","family" : 6}, {"name" : "DcSrcCfgOv","pgn" : "0x10200","family" : 6}, {"name" : "EnDisCfg","pgn" : "0x13400","family" : 6}, {"name" : "SpsCfg","pgn" : "0x1C600","family" : 6}, {"name" : "NAMECfg","pgn" : "0x13A00","family" : 6}, {"name" : "ChgCfg","pgn" : "0x12C00","family" : 6}, {"name" : "ExtTempCfgOt","pgn" : "0x11400","family" : 6}, {"name" : "SpsCfgTrig","pgn" : "0x1C700","family" : 6}, {"name" : "ChgCfgEqualize","pgn" : "0x11B00","family" : 6}, {"name" : "DcSrcCfgUv","pgn" : "0x10100","family" : 6}, {"name" : "ChgCfgBulk","pgn" : "0x11700","family" : 6}, {"name" : "DcSrcCfgPvArray2","pgn" : "0x1C300","family" : 6}, {"name" : "ExtTempCfgUt","pgn" : "0x11300","family" : 6}, {"name" : "ChgCfgAbsorp","pgn" : "0x11800","family" : 6}, {"name" : "ChgCfgFloat","pgn" : "0x11A00","family" : 6}]},"quality" : "G"},
    {"name" : "[1328371]/MPPT/XB/ADDR","value" : 10,"quality" : "G"},
    {"name" : "[1328371]/MPPT/LPHD/UID","value" : 1328371,"quality" : "G"},
    {"name" : "[1328371]/MPPT/DEV/ACTIVE","value" : 1,"quality" : "G"},
    {"name" : "[1328371]/MPPT/CFG/REFRESH","value" : 0,"quality" : "G"},
    {"name" : "[1328371]/MPPT/CFG/INITIALIZED","value" : 1,"quality" : "G"},
    {"name" : "[1328371]/MPPT/XB/FW_PROG","value" : 0,"quality" : "G"},
    {"name" : "[1328371]/MPPT/XB/FW_FULL_PATH","value" : "0","quality" : "G"},
    {"name" : "[1328371]/MPPT/XB/FW_PROG_STATUS","value" : "IDLE","quality" : "G"},
    {"name" : "[1328371]/MPPT/XB/FW_PROG_ERROR","value" : [{"SETUP":"No Error"},{"REBOOT_DNLD":"No Error"},{"FWDNLD_FWXER":"No Error"},{"FWDNLD_INIT":"No Error"},{"REBOOT_NORMAL":"No Error"},{"REPORT":"No Error"}],"quality" : "G"},
    {"name" : "[1328371]/MPPT/XB/FW_PROG_DEBUG","value" : 0,"quality" : "G"},
    {"name" : "[1328371]/MPPT/LPHD/CFG_DEVICE_NAME","value" : "0","quality" : "G"},
    {"name" : "[1328371]/MPPT/MB/CFG_ADDRESS","value" : 0,"quality" : "G"},
    {"name" : "[1328371]/MPPT/LPHD/CFG_DEVICE_INSTANCE","value" : 0,"quality" : "G"},
    {"name" : "[1328371]/MPPT/LPHD/CFG_SYSTEM_INSTANCE","value" : 0,"quality" : "G"},
    {"name" : "[1328371]/MPPT/CFG/STATUS","value" : 0,"quality" : "G"},
    {"name" : "[1328371]/MPPT/CFG/REFRESH_COUNT","value" : 1,"quality" : "G"},
    {"name" : "[1328371]/MPPT/CHG/EN_STS","value" : 0,"quality" : "G"},
    {"name" : "[1328371]/MPPT/CHG/MODE","value" : 1,"quality" : "G"},
    {"name" : "[1328371]/MPPT/FLT/STS0","value" : 0,"quality" : "G"},
    {"name" : "[1328371]/MPPT/FLT/STS1","value" : 0,"quality" : "G"},
    {"name" : "[1328371]/MPPT/WRN/STS0","value" : 0,"quality" : "G"},
    {"name" : "[1328371]/MPPT/CHG/STS","value" : 769,"quality" : "G"},
    {"name" : "[1328371]/MPPT/CFG/ERROR_COUNT","value" : 0,"quality" : "G"},
    {"name" : "[1328371]/MPPT/DC_IN/V","value" : 80,"quality" : "G"},
    {"name" : "[1328371]/MPPT/DC_IN/I","value" : 0,"quality" : "G"},
    {"name" : "[1328371]/MPPT/DC_IN/P","value" : 0,"quality" : "G"},
    {"name" : "[1328371]/MPPT/BATT/TEMP","value" : 0,"quality" : "G"},
    {"name" : "[1328371]/MPPT/DC_OUT/V","value" : 26560,"quality" : "G"},
    {"name" : "[1328371]/MPPT/DC_OUT/I","value" : 0,"quality" : "G"},
    {"name" : "[1328371]/MPPT/DC_OUT/P","value" : 0,"quality" : "G"},
    {"name" : "[1328371]/MPPT/DC_OUT/P_PERCENT","value" : 0,"quality" : "G"},
    {"name" : "[1328371]/MPPT/AUX/OUTSTS","value" : 0,"quality" : "G"},
    {"name" : "[1328371]/MPPT/AUX/V","value" : 0,"quality" : "G"},
    {"name" : "[1328371]/MPPT/AUX/ONREASON","value" : 0,"quality" : "G"},
    {"name" : "[1328371]/MPPT/AUX/OFFREASON","value" : 0,"quality" : "G"},
    {"name" : "[1328371]/MPPT/DC_IN/ENERGY_HOUR","value" : 0,"quality" : "G"},
    {"name" : "[1328371]/MPPT/DC_IN/ACTIVE_HOUR","value" : 0,"quality" : "G"},
    {"name" : "[1328371]/MPPT/DC_IN/ENERGY_TODAY","value" : 0,"quality" : "G"},
    {"name" : "[1328371]/MPPT/DC_IN/ACTIVE_TODAY","value" : 0,"quality" : "G"},
    {"name" : "[1328371]/MPPT/DC_IN/ENERGY_WEEK","value" : 0,"quality" : "G"},
    {"name" : "[1328371]/MPPT/DC_IN/ACTIVE_WEEK","value" : 0,"quality" : "G"},
    {"name" : "[1328371]/MPPT/DC_IN/ENERGY_MONTH","value" : 0,"quality" : "G"},
    {"name" : "[1328371]/MPPT/DC_IN/ACTIVE_MONTH","value" : 0,"quality" : "G"},
    {"name" : "[1328371]/MPPT/DC_IN/ENERGY_YEAR","value" : 0,"quality" : "G"},
    {"name" : "[1328371]/MPPT/DC_IN/ACTIVE_YEAR","value" : 0,"quality" : "G"},
    {"name" : "[1328371]/MPPT/DC_IN/ENERGY_LIFETIME","value" : 0,"quality" : "G"},
    {"name" : "[1328371]/MPPT/DC_IN/ACTIVE_LIFETIME","value" : 0,"quality" : "G"},
    {"name" : "[1328371]/MPPT/DC_OUT/ENERGY_HOUR","value" : 0,"quality" : "G"},
    {"name" : "[1328371]/MPPT/DC_OUT/ACTIVE_HOUR","value" : 0,"quality" : "G"},
    {"name" : "[1328371]/MPPT/DC_OUT/ENERGY_TODAY","value" : 0,"quality" : "G"},
    {"name" : "[1328371]/MPPT/DC_OUT/ACTIVE_TODAY","value" : 0,"quality" : "G"},
    {"name" : "[1328371]/MPPT/DC_OUT/ENERGY_WEEK","value" : 0,"quality" : "G"},
    {"name" : "[1328371]/MPPT/DC_OUT/ACTIVE_WEEK","value" : 0,"quality" : "G"},
    {"name" : "[1328371]/MPPT/DC_OUT/ENERGY_MONTH","value" : 0,"quality" : "G"},
    {"name" : "[1328371]/MPPT/DC_OUT/ACTIVE_MONTH","value" : 0,"quality" : "G"},
    {"name" : "[1328371]/MPPT/DC_OUT/ENERGY_YEAR","value" : 0,"quality" : "G"},
    {"name" : "[1328371]/MPPT/DC_OUT/ACTIVE_YEAR","value" : 0,"quality" : "G"},
    {"name" : "[1328371]/MPPT/DC_OUT/ENERGY_LIFETIME","value" : 0,"quality" : "G"},
    {"name" : "[1328371]/MPPT/DC_OUT/ACTIVE_LIFETIME","value" : 0,"quality" : "G"},
    {"name" : "[1328371]/MPPT/PV/CFG_EN","value" : 1,"quality" : "G"},
    {"name" : "[1328371]/MPPT/PV/CFG_REF_VOLTS","value" : 150000,"quality" : "G"},
    {"name" : "[1328371]/MPPT/PV/CFG_REF_VOLTS_MIN","value" : 10000,"quality" : "G"},
    {"name" : "[1328371]/MPPT/PV/CFG_REF_VOLTS_MAX","value" : 150000,"quality" : "G"},
    {"name" : "[1328371]/MPPT/BATT/CFG_TYPE","value" : 0,"quality" : "G"},
    {"name" : "[1328371]/MPPT/BATT/CFG_NOM_V","value" : 24000,"quality" : "G"},
    {"name" : "[1328371]/MPPT/BATT/CFG_AMP_HR_RATING","value" : 440,"quality" : "G"},
    {"name" : "[1328371]/MPPT/BATT/CFG_AMP_HR_RATING_MIN","value" : 0,"quality" : "G"},
    {"name" : "[1328371]/MPPT/BATT/CFG_AMP_HR_RATING_MAX","value" : 10000,"quality" : "G"},
    {"name" : "[1328371]/MPPT/BATT/CFG_TEMP_COEFF","value" : 54,"quality" : "G"},
    {"name" : "[1328371]/MPPT/BATT/CFG_TEMP_COEFF_MIN","value" : 255,"quality" : "G"},
    {"name" : "[1328371]/MPPT/BATT/CFG_TEMP_COEFF_MAX","value" : 255,"quality" : "G"},
    {"name" : "[1328371]/MPPT/CHG/CFG_CHARGER_ENABLE","value" : 0,"quality" : "G"},
    {"name" : "[1328371]/MPPT/CHG/CFG_FORCE_CHG_STATE","value" : 0,"quality" : "G"},
    {"name" : "[1328371]/MPPT/DEV/CFG_RESET","value" : 0,"quality" : "G"},
    {"name" : "[1328371]/MPPT/DEV/CFG_OPMODE","value" : 3,"quality" : "G"},
    {"name" : "[1328371]/MPPT/DEV/CFG_CLEAR","value" : 0,"quality" : "G"},
    {"name" : "[1328371]/MPPT/CHG/CFG_EQLZ_V","value" : 32000,"quality" : "G"},
    {"name" : "[1328371]/MPPT/CHG/CFG_EQLZ_V_MIN","value" : 32000,"quality" : "G"},
    {"name" : "[1328371]/MPPT/CHG/CFG_EQLZ_V_MAX","value" : 32000,"quality" : "G"},
    {"name" : "[1328371]/MPPT/CHG/CFG_EQLZ_SUPP_EN","value" : 1,"quality" : "G"},
    {"name" : "[1328371]/MPPT/CHG/CFG_BULK_V","value" : 28800,"quality" : "G"},
    {"name" : "[1328371]/MPPT/CHG/CFG_BULK_V_MIN","value" : 28800,"quality" : "G"},
    {"name" : "[1328371]/MPPT/CHG/CFG_BULK_V_MAX","value" : 28800,"quality" : "G"},
    {"name" : "[1328371]/MPPT/CHG/CFG_FLOAT_V","value" : 27000,"quality" : "G"},
    {"name" : "[1328371]/MPPT/CHG/CFG_FLOAT_V_MIN","value" : 27000,"quality" : "G"},
    {"name" : "[1328371]/MPPT/CHG/CFG_FLOAT_V_MAX","value" : 27000,"quality" : "G"},
    {"name" : "[1328371]/MPPT/CHG/CFG_FLOAT_TERM_V","value" : 25000,"quality" : "G"},
    {"name" : "[1328371]/MPPT/CHG/CFG_FLOAT_TERM_V_MIN","value" : 20000,"quality" : "G"},
    {"name" : "[1328371]/MPPT/CHG/CFG_FLOAT_TERM_V_MAX","value" : 27000,"quality" : "G"},
    {"name" : "[1328371]/MPPT/CHG/CFG_ABS_V","value" : 28800,"quality" : "G"},
    {"name" : "[1328371]/MPPT/CHG/CFG_ABS_V_MIN","value" : 28800,"quality" : "G"},
    {"name" : "[1328371]/MPPT/CHG/CFG_ABS_V_MAX","value" : 28800,"quality" : "G"},
    {"name" : "[1328371]/MPPT/CHG/CFG_ABS_TERM_TIME_CONST_V","value" : 10800,"quality" : "G"},
    {"name" : "[1328371]/MPPT/CHG/CFG_ABS_TERM_TIME_CONST_V_MIN","value" : 60,"quality" : "G"},
    {"name" : "[1328371]/MPPT/CHG/CFG_ABS_TERM_TIME_CONST_V_MAX","value" : 28800,"quality" : "G"},
    {"name" : "[1328371]/MPPT/CHG/CFG_ALGORITHM","value" : 1,"quality" : "G"},
    {"name" : "[1328371]/MPPT/CHG/CFG_I_LIMIT","value" : 15,"quality" : "G"},
    {"name" : "[1328371]/MPPT/CHG/CFG_I_LIMIT_MIN","value" : 1,"quality" : "G"},
    {"name" : "[1328371]/MPPT/CHG/CFG_I_LIMIT_MAX","value" : 100,"quality" : "G"},
    {"name" : "[1328371]/MPPT/CHG/CFG_EQLZ_ONE_TIME_EN_DIS","value" : 0,"quality" : "G"},
    {"name" : "[1328371]/MPPT/CHG/CFG_MODE","value" : 1,"quality" : "G"},
    {"name" : "[1328371]/MPPT/CHG/CFG_BATT_TEMP_NO_SENSOR","value" : 1,"quality" : "G"},
    {"name" : "[1328371]/MPPT/DEV/CFG_PERIODIC_TRANSMIT_EN","value" : 1,"quality" : "G"},
    {"name" : "[1328371]/MPPT/DEV/CFG_IDENTIFY_EN","value" : 0,"quality" : "G"},
    {"name" : "[1328371]/MPPT/AUX/CFG_ACTIVE_LEVEL","value" : 1,"quality" : "G"},
    {"name" : "[1328371]/MPPT/AUX/CFG_V","value" : 12000,"quality" : "G"},
    {"name" : "[1328371]/MPPT/AUX/CFG_V_MIN","value" : 5000,"quality" : "G"},
    {"name" : "[1328371]/MPPT/AUX/CFG_V_MAX","value" : 13000,"quality" : "G"},
    {"name" : "[1328371]/MPPT/AUX/CFG_MANUAL_STS","value" : 0,"quality" : "G"},
    {"name" : "[1328371]/MPPT/AUX/CFG_TRIGGER_SOURCE","value" : 0,"quality" : "G"},
    {"name" : "[1328371]/MPPT/AUX/CFG_BATT_LOW_TRIG_SET_V","value" : 22000,"quality" : "G"},
    {"name" : "[1328371]/MPPT/AUX/CFG_BATT_LOW_TRIG_SET_V_MIN","value" : 10000,"quality" : "G"},
    {"name" : "[1328371]/MPPT/AUX/CFG_BATT_LOW_TRIG_SET_V_MAX","value" : 26000,"quality" : "G"},
    {"name" : "[1328371]/MPPT/AUX/CFG_BATT_LOW_TRIG_SET_DELAY","value" : 100,"quality" : "G"},
    {"name" : "[1328371]/MPPT/AUX/CFG_BATT_LOW_TRIG_SET_DELAY_MIN","value" : 0,"quality" : "G"},
    {"name" : "[1328371]/MPPT/AUX/CFG_BATT_LOW_TRIG_SET_DELAY_MAX","value" : 59900,"quality" : "G"},
    {"name" : "[1328371]/MPPT/AUX/CFG_BATT_LOW_TRIG_CLEAR_V","value" : 24000,"quality" : "G"},
    {"name" : "[1328371]/MPPT/AUX/CFG_BATT_LOW_TRIG_CLEAR_V_MIN","value" : 10000,"quality" : "G"},
    {"name" : "[1328371]/MPPT/AUX/CFG_BATT_LOW_TRIG_CLEAR_V_MAX","value" : 26000,"quality" : "G"},
    {"name" : "[1328371]/MPPT/AUX/CFG_BATT_LOW_TRIG_CLEAR_DELAY","value" : 100,"quality" : "G"},
    {"name" : "[1328371]/MPPT/AUX/CFG_BATT_LOW_TRIG_CLEAR_DELAY_MIN","value" : 0,"quality" : "G"},
    {"name" : "[1328371]/MPPT/AUX/CFG_BATT_LOW_TRIG_CLEAR_DELAY_MAX","value" : 59900,"quality" : "G"},
    {"name" : "[1328371]/MPPT/AUX/CFG_BATT_HIGH_TRIG_SET_V","value" : 28000,"quality" : "G"},
    {"name" : "[1328371]/MPPT/AUX/CFG_BATT_HIGH_TRIG_SET_V_MIN","value" : 24000,"quality" : "G"},
    {"name" : "[1328371]/MPPT/AUX/CFG_BATT_HIGH_TRIG_SET_V_MAX","value" : 32000,"quality" : "G"},
    {"name" : "[1328371]/MPPT/AUX/CFG_BATT_HIGH_TRIG_SET_DELAY","value" : 100,"quality" : "G"},
    {"name" : "[1328371]/MPPT/AUX/CFG_BATT_HIGH_TRIG_SET_DELAY_MIN","value" : 0,"quality" : "G"},
    {"name" : "[1328371]/MPPT/AUX/CFG_BATT_HIGH_TRIG_SET_DELAY_MAX","value" : 59900,"quality" : "G"},
    {"name" : "[1328371]/MPPT/AUX/CFG_BATT_HIGH_TRIG_CLEAR_V","value" : 26000,"quality" : "G"},
    {"name" : "[1328371]/MPPT/AUX/CFG_BATT_HIGH_TRIG_CLEAR_V_MIN","value" : 24000,"quality" : "G"},
    {"name" : "[1328371]/MPPT/AUX/CFG_BATT_HIGH_TRIG_CLEAR_V_MAX","value" : 32000,"quality" : "G"},
    {"name" : "[1328371]/MPPT/AUX/CFG_BATT_HIGH_TRIG_CLEAR_DELAY","value" : 100,"quality" : "G"},
    {"name" : "[1328371]/MPPT/AUX/CFG_BATT_HIGH_TRIG_CLEAR_DELAY_MIN","value" : 0,"quality" : "G"},
    {"name" : "[1328371]/MPPT/AUX/CFG_BATT_HIGH_TRIG_CLEAR_DELAY_MAX","value" : 59900,"quality" : "G"},
    {"name" : "[1328371]/MPPT/AUX/CFG_ARRAY_HIGH_TRIG_SET_V","value" : 140000,"quality" : "G"},
    {"name" : "[1328371]/MPPT/AUX/CFG_ARRAY_HIGH_TRIG_SET_V_MIN","value" : 10000,"quality" : "G"},
    {"name" : "[1328371]/MPPT/AUX/CFG_ARRAY_HIGH_TRIG_SET_V_MAX","value" : 145000,"quality" : "G"},
    {"name" : "[1328371]/MPPT/AUX/CFG_ARRAY_HIGH_TRIG_SET_DELAY","value" : 100,"quality" : "G"},
    {"name" : "[1328371]/MPPT/AUX/CFG_ARRAY_HIGH_TRIG_SET_DELAY_MIN","value" : 0,"quality" : "G"},
    {"name" : "[1328371]/MPPT/AUX/CFG_ARRAY_HIGH_TRIG_SET_DELAY_MAX","value" : 59900,"quality" : "G"},
    {"name" : "[1328371]/MPPT/AUX/CFG_ARRAY_HIGH_TRIG_CLEAR_V","value" : 130000,"quality" : "G"},
    {"name" : "[1328371]/MPPT/AUX/CFG_ARRAY_HIGH_TRIG_CLEAR_V_MIN","value" : 10000,"quality" : "G"},
    {"name" : "[1328371]/MPPT/AUX/CFG_ARRAY_HIGH_TRIG_CLEAR_V_MAX","value" : 145000,"quality" : "G"},
    {"name" : "[1328371]/MPPT/AUX/CFG_ARRAY_HIGH_TRIG_CLEAR_DELAY","value" : 100,"quality" : "G"},
    {"name" : "[1328371]/MPPT/AUX/CFG_ARRAY_HIGH_TRIG_CLEAR_DELAY_MIN","value" : 0,"quality" : "G"},
    {"name" : "[1328371]/MPPT/AUX/CFG_ARRAY_HIGH_TRIG_CLEAR_DELAY_MAX","value" : 59900,"quality" : "G"},
    {"name" : "[1328371]/MPPT/AUX/CFG_TEMP_LOW_TRIG_SET","value" : 273000,"quality" : "G"},
    {"name" : "[1328371]/MPPT/AUX/CFG_TEMP_LOW_TRIG_SET_MIN","value" : 243000,"quality" : "G"},
    {"name" : "[1328371]/MPPT/AUX/CFG_TEMP_LOW_TRIG_SET_MAX","value" : 283000,"quality" : "G"},
    {"name" : "[1328371]/MPPT/AUX/CFG_TEMP_LOW_TRIG_SET_DELAY","value" : 100,"quality" : "G"},
    {"name" : "[1328371]/MPPT/AUX/CFG_TEMP_LOW_TRIG_SET_DELAY_MIN","value" : 0,"quality" : "G"},
    {"name" : "[1328371]/MPPT/AUX/CFG_TEMP_LOW_TRIG_SET_DELAY_MAX","value" : 59900,"quality" : "G"},
    {"name" : "[1328371]/MPPT/AUX/CFG_TEMP_LOW_TRIG_CLEAR","value" : 278000,"quality" : "G"},
    {"name" : "[1328371]/MPPT/AUX/CFG_TEMP_LOW_TRIG_CLEAR_MIN","value" : 243000,"quality" : "G"},
    {"name" : "[1328371]/MPPT/AUX/CFG_TEMP_LOW_TRIG_CLEAR_MAX","value" : 283000,"quality" : "G"},
    {"name" : "[1328371]/MPPT/AUX/CFG_TEMP_LOW_TRIG_CLEAR_DELAY","value" : 100,"quality" : "G"},
    {"name" : "[1328371]/MPPT/AUX/CFG_TEMP_LOW_TRIG_CLEAR_DELAY_MIN","value" : 0,"quality" : "G"},
    {"name" : "[1328371]/MPPT/AUX/CFG_TEMP_LOW_TRIG_CLEAR_DELAY_MAX","value" : 59900,"quality" : "G"},
    {"name" : "[1328371]/MPPT/AUX/CFG_TEMP_HIGH_TRIG_SET","value" : 318000,"quality" : "G"},
    {"name" : "[1328371]/MPPT/AUX/CFG_TEMP_HIGH_TRIG_SET_MIN","value" : 303000,"quality" : "G"},
    {"name" : "[1328371]/MPPT/AUX/CFG_TEMP_HIGH_TRIG_SET_MAX","value" : 333000,"quality" : "G"},
    {"name" : "[1328371]/MPPT/AUX/CFG_TEMP_HIGH_TRIG_SET_DELAY","value" : 100,"quality" : "G"},
    {"name" : "[1328371]/MPPT/AUX/CFG_TEMP_HIGH_TRIG_SET_DELAY_MIN","value" : 0,"quality" : "G"},
    {"name" : "[1328371]/MPPT/AUX/CFG_TEMP_HIGH_TRIG_SET_DELAY_MAX","value" : 59900,"quality" : "G"},
    {"name" : "[1328371]/MPPT/AUX/CFG_TEMP_HIGH_TRIG_CLEAR","value" : 308000,"quality" : "G"},
    {"name" : "[1328371]/MPPT/AUX/CFG_TEMP_HIGH_TRIG_CLEAR_MIN","value" : 303000,"quality" : "G"},
    {"name" : "[1328371]/MPPT/AUX/CFG_TEMP_HIGH_TRIG_CLEAR_MAX","value" : 333000,"quality" : "G"},
    {"name" : "[1328371]/MPPT/AUX/CFG_TEMP_HIGH_TRIG_CLEAR_DELAY","value" : 100,"quality" : "G"},
    {"name" : "[1328371]/MPPT/AUX/CFG_TEMP_HIGH_TRIG_CLEAR_DELAY_MIN","value" : 0,"quality" : "G"},
    {"name" : "[1328371]/MPPT/AUX/CFG_TEMP_HIGH_TRIG_CLEAR_DELAY_MAX","value" : 59900,"quality" : "G"},
    {"name" : "[1328371]/MPPT/AUX/CFG_HS_TEMP_HIGH_TRIG_SET","value" : 348000,"quality" : "G"},
    {"name" : "[1328371]/MPPT/AUX/CFG_HS_TEMP_HIGH_TRIG_SET_MIN","value" : 323000,"quality" : "G"},
    {"name" : "[1328371]/MPPT/AUX/CFG_HS_TEMP_HIGH_TRIG_SET_MAX","value" : 368000,"quality" : "G"},
    {"name" : "[1328371]/MPPT/AUX/CFG_HS_TEMP_HIGH_TRIG_SET_DELAY","value" : 100,"quality" : "G"},
    {"name" : "[1328371]/MPPT/AUX/CFG_HS_TEMP_HIGH_TRIG_SET_DELAY_MIN","value" : 0,"quality" : "G"},
    {"name" : "[1328371]/MPPT/AUX/CFG_HS_TEMP_HIGH_TRIG_SET_DELAY_MAX","value" : 59900,"quality" : "G"},
    {"name" : "[1328371]/MPPT/AUX/CFG_HS_TEMP_HIGH_TRIG_CLEAR","value" : 343000,"quality" : "G"},
    {"name" : "[1328371]/MPPT/AUX/CFG_HS_TEMP_HIGH_TRIG_CLEAR_MIN","value" : 323000,"quality" : "G"},
    {"name" : "[1328371]/MPPT/AUX/CFG_HS_TEMP_HIGH_TRIG_CLEAR_MAX","value" : 368000,"quality" : "G"},
    {"name" : "[1328371]/MPPT/AUX/CFG_HS_TEMP_HIGH_TRIG_CLEAR_DELAY","value" : 100,"quality" : "G"},
    {"name" : "[1328371]/MPPT/AUX/CFG_HS_TEMP_HIGH_TRIG_CLEAR_DELAY_MIN","value" : 0,"quality" : "G"},
    {"name" : "[1328371]/MPPT/AUX/CFG_HS_TEMP_HIGH_TRIG_CLEAR_DELAY_MAX","value" : 59900,"quality" : "G"},
    {"name" : "[1328371]/MPPT/ASSOC/CFG_DC_INPUT","value" : 21,"quality" : "G"},
    {"name" : "[1328371]/MPPT/ASSOC/CFG_DC_OUTPUT","value" : 3,"quality" : "G"}],"count" : 208,"responseTime" : 191}
