{ "values" : [{"name" : "[151639]/SCP2/LPHD/FGA","value" : "865-1050-01","quality" : "G"},
    {"name" : "[151639]/SCP2/LPHD/MODEL_NAME","value" : "XW SCP","quality" : "G"},
    {"name" : "[151639]/SCP2/LPHD/SERIALNUM","value" : "000014825057","quality" : "G"},
    {"name" : "[151639]/SCP2/LFWB/VERSION","value" : 20100,"quality" : "G"},
    {"name" : "[151639]/SCP2/LFWB/BUILDNUMBER","value" : 6,"quality" : "G"},
    {"name" : "[151639]/SCP2/FLT/NEW","value" : 0,"quality" : "G"},
    {"name" : "[151639]/SCP2/FLT/LIST","value" : [],"quality" : "G"},
    {"name" : "[151639]/SCP2/FLT/LOG","value" : [],"quality" : "G"},
    {"name" : "[151639]/SCP2/FLT/REFRESH","value" : 0,"quality" : "G"},
    {"name" : "[151639]/SCP2/FLT/REFRESH_COUNT","value" : 2,"quality" : "G"},
    {"name" : "[151639]/SCP2/WRN/NEW","value" : 0,"quality" : "G"},
    {"name" : "[151639]/SCP2/WRN/LIST","value" : [],"quality" : "G"},
    {"name" : "[151639]/SCP2/WRN/LOG","value" : [{"timestamp" : 1511696306, "id" : 257, "name" : "unknown", "description" : "unknown"},{"timestamp" : 1510176977, "id" : 257, "name" : "unknown", "description" : "unknown"},{"timestamp" : 1510176660, "id" : 250, "name" : "unknown", "description" : "unknown"},{"timestamp" : 1510175817, "id" : 250, "name" : "unknown", "description" : "unknown"},{"timestamp" : 1510175790, "id" : 250, "name" : "unknown", "description" : "unknown"},{"timestamp" : 1510175783, "id" : 250, "name" : "unknown", "description" : "unknown"},{"timestamp" : 1510175776, "id" : 250, "name" : "unknown", "description" : "unknown"},{"timestamp" : 1510175728, "id" : 250, "name" : "unknown", "description" : "unknown"},{"timestamp" : 1510175713, "id" : 250, "name" : "unknown", "description" : "unknown"},{"timestamp" : 1510101739, "id" : 250, "name" : "unknown", "description" : "unknown"},{"timestamp" : 1510101483, "id" : 252, "name" : "unknown", "description" : "unknown"},{"timestamp" : 1510101414, "id" : 250, "name" : "unknown", "description" : "unknown"},{"timestamp" : 1510101387, "id" : 250, "name" : "unknown", "description" : "unknown"},{"timestamp" : 1510101367, "id" : 250, "name" : "unknown", "description" : "unknown"},{"timestamp" : 1510101359, "id" : 250, "name" : "unknown", "description" : "unknown"},{"timestamp" : 1510101353, "id" : 250, "name" : "unknown", "description" : "unknown"},{"timestamp" : 1510013734, "id" : 257, "name" : "unknown", "description" : "unknown"},{"timestamp" : 1510013734, "id" : 257, "name" : "unknown", "description" : "unknown"},{"timestamp" : 1509373934, "id" : 257, "name" : "unknown", "description" : "unknown"},{"timestamp" : 1509372220, "id" : 257, "name" : "unknown", "description" : "unknown"}],"quality" : "G"},
    {"name" : "[151639]/SCP2/WRN/REFRESH","value" : 0,"quality" : "G"},
    {"name" : "[151639]/SCP2/WRN/REFRESH_COUNT","value" : 2,"quality" : "G"},
    {"name" : "[151639]/SCP2/DEV/DESIRED_MODE","value" : 3,"quality" : "G"},
    {"name" : "[151639]/SCP2/DEV/STATE","value" : 3,"quality" : "G"},
    {"name" : "[151639]/SCP2/DEV/LAST_MODE","value" : 3,"quality" : "G"},
    {"name" : "[151639]/SCP2/FLT/ACTIVE","value" : 0,"quality" : "G"},
    {"name" : "[151639]/SCP2/FLT/CHANGED","value" : 0,"quality" : "G"},
    {"name" : "[151639]/SCP2/WRN/ACTIVE","value" : 0,"quality" : "G"},
    {"name" : "[151639]/SCP2/WRN/CHANGED","value" : 0,"quality" : "G"},
    {"name" : "[151639]/SCP2/XB/PGNSTS","value" : {"Device ID" : 151639, "PGNSts" : [{"name" : "Sts","pgn" : "0x1F00F","receiveCount" : 1018862,"state" : "Idle", "result" : "OK", "init" : "1", "sent" : 0,"received" : 0,"expected" : 1,"ACKCounter" : 0,"ACKCounterTotal" : 0,"NAKCounter" : 0,"NAKCounterTotal" : 0,"failCount" : 0,"updatePending" : 0,"changePending" : 0,"retries" : 10,"timeout_counter" : 10,"ACK Status" : 0,"Group Function Value" : -1}, {"name" : "HwRevSts","pgn" : "0x1F810","receiveCount" : 3,"state" : "Idle", "result" : "OK", "init" : "1", "sent" : 0,"received" : 0,"expected" : 1,"ACKCounter" : 0,"ACKCounterTotal" : 0,"NAKCounter" : 0,"NAKCounterTotal" : 0,"failCount" : 0,"updatePending" : 0,"changePending" : 0,"retries" : 10,"timeout_counter" : 10,"ACK Status" : 0,"Group Function Value" : -1}, {"name" : "ProdInfoSts","pgn" : "0x1F014","receiveCount" : 3,"state" : "Idle", "result" : "OK", "init" : "1", "sent" : 0,"received" : 0,"expected" : 1,"ACKCounter" : 0,"ACKCounterTotal" : 0,"NAKCounter" : 0,"NAKCounterTotal" : 0,"failCount" : 0,"updatePending" : 0,"changePending" : 0,"retries" : 10,"timeout_counter" : 10,"ACK Status" : 0,"Group Function Value" : -1}, {"name" : "SwVerSts","pgn" : "0x1F80E","receiveCount" : 8251,"state" : "Idle", "result" : "OK", "init" : "1", "sent" : 0,"received" : 0,"expected" : 1,"ACKCounter" : 0,"ACKCounterTotal" : 0,"NAKCounter" : 0,"NAKCounterTotal" : 0,"failCount" : 0,"updatePending" : 0,"changePending" : 0,"retries" : 10,"timeout_counter" : 10,"ACK Status" : 0,"Group Function Value" : -1}, {"name" : "DateTimeSts","pgn" : "0x1F809","receiveCount" : 509429,"state" : "Idle", "result" : "OK", "init" : "1", "sent" : 0,"received" : 0,"expected" : 1,"ACKCounter" : 0,"ACKCounterTotal" : 0,"NAKCounter" : 0,"NAKCounterTotal" : 0,"failCount" : 0,"updatePending" : 0,"changePending" : 0,"retries" : 10,"timeout_counter" : 10,"ACK Status" : 0,"Group Function Value" : -1}, {"name" : "NAMECfg","pgn" : "0x13A00","receiveCount" : 1,"state" : "Idle", "result" : "OK", "init" : "1", "sent" : 0,"received" : 0,"expected" : 1,"ACKCounter" : 0,"ACKCounterTotal" : 0,"NAKCounter" : 0,"NAKCounterTotal" : 0,"failCount" : 0,"updatePending" : 0,"changePending" : 0,"retries" : 10,"timeout_counter" : 10,"ACK Status" : 0,"Group Function Value" : -1}, {"name" : "UiCfg","pgn" : "0x14100","receiveCount" : 1,"state" : "Idle", "result" : "OK", "init" : "1", "sent" : 0,"received" : 0,"expected" : 1,"ACKCounter" : 0,"ACKCounterTotal" : 0,"NAKCounter" : 0,"NAKCounterTotal" : 0,"failCount" : 0,"updatePending" : 0,"changePending" : 0,"retries" : 10,"timeout_counter" : 10,"ACK Status" : 0,"Group Function Value" : -1}, {"name" : "EnDisCfg","pgn" : "0x13400","receiveCount" : 1,"state" : "Idle", "result" : "OK", "init" : "1", "sent" : 0,"received" : 0,"expected" : 1,"ACKCounter" : 0,"ACKCounterTotal" : 0,"NAKCounter" : 0,"NAKCounterTotal" : 0,"failCount" : 0,"updatePending" : 0,"changePending" : 0,"retries" : 10,"timeout_counter" : 10,"ACK Status" : 0,"Group Function Value" : -1}]},"quality" : "G"},
    {"name" : "[151639]/SCP2/XB/PGNINFO","value" : {"Device ID" : 151639, "PGNInfo" : [{"name" : "Sts","pgn" : "0x1F00F","family" : 10}, {"name" : "HwRevSts","pgn" : "0x1F810","family" : 10}, {"name" : "ProdInfoSts","pgn" : "0x1F014","family" : 10}, {"name" : "SwVerSts","pgn" : "0x1F80E","family" : 10}, {"name" : "DateTimeSts","pgn" : "0x1F809","family" : 10}, {"name" : "NAMECfg","pgn" : "0x13A00","family" : 10}, {"name" : "UiCfg","pgn" : "0x14100","family" : 10}, {"name" : "EnDisCfg","pgn" : "0x13400","family" : 10}]},"quality" : "G"},
    {"name" : "[151639]/SCP2/XB/ADDR","value" : 1,"quality" : "G"},
    {"name" : "[151639]/SCP2/LPHD/UID","value" : 151639,"quality" : "G"},
    {"name" : "[151639]/SCP2/DEV/ACTIVE","value" : 1,"quality" : "G"},
    {"name" : "[151639]/SCP2/CFG/REFRESH","value" : 0,"quality" : "G"},
    {"name" : "[151639]/SCP2/CFG/INITIALIZED","value" : 1,"quality" : "G"},
    {"name" : "[151639]/SCP2/XB/FW_PROG","value" : 0,"quality" : "G"},
    {"name" : "[151639]/SCP2/XB/FW_FULL_PATH","value" : "0","quality" : "G"},
    {"name" : "[151639]/SCP2/XB/FW_PROG_STATUS","value" : "IDLE","quality" : "G"},
    {"name" : "[151639]/SCP2/XB/FW_PROG_ERROR","value" : [{"SETUP":"No Error"},{"REBOOT_DNLD":"No Error"},{"FWDNLD_FWXER":"No Error"},{"FWDNLD_INIT":"No Error"},{"REBOOT_NORMAL":"No Error"},{"REPORT":"No Error"}],"quality" : "G"},
    {"name" : "[151639]/SCP2/XB/FW_PROG_DEBUG","value" : 0,"quality" : "G"},
    {"name" : "[151639]/SCP2/LPHD/CFG_DEVICE_NAME","value" : "0","quality" : "G"},
    {"name" : "[151639]/SCP2/DEV/CFG_MBADDR","value" : 0,"quality" : "G"},
    {"name" : "[151639]/SCP2/LPHD/CFG_DEVICE_INSTANCE","value" : 32768,"quality" : "G"},
    {"name" : "[151639]/SCP2/LPHD/CFG_SYSTEM_INSTANCE","value" : 47360,"quality" : "G"},
    {"name" : "[151639]/SCP2/CFG/STATUS","value" : 0,"quality" : "G"},
    {"name" : "[151639]/SCP2/CFG/REFRESH_COUNT","value" : 1,"quality" : "G"},
    {"name" : "[151639]/SCP2/FLT/STS0","value" : 0,"quality" : "G"},
    {"name" : "[151639]/SCP2/WRN/STS0","value" : 0,"quality" : "G"},
    {"name" : "[151639]/SCP2/CFG/ERROR_COUNT","value" : 0,"quality" : "G"},
    {"name" : "[151639]/SCP2/DEV/CFG_RESET","value" : 0,"quality" : "G"},
    {"name" : "[151639]/SCP2/DEV/CFG_OPMODE","value" : 3,"quality" : "G"},
    {"name" : "[151639]/SCP2/DEV/CFG_CLEAR","value" : 0,"quality" : "G"},
    {"name" : "[151639]/SCP2/DISPLAY/CFG_BRIGHTNESS","value" : 60,"quality" : "G"},
    {"name" : "[151639]/SCP2/DISPLAY/CFG_CONTRAST","value" : 60,"quality" : "G"},
    {"name" : "[151639]/SCP2/BACKLIGHT/CFG_TIMEOUT","value" : 2,"quality" : "G"},
    {"name" : "[151639]/SCP2/BUTTON/CFG_BEEP","value" : 0,"quality" : "G"},
    {"name" : "[151639]/SCP2/FLT/CFG_ALARM","value" : 0,"quality" : "G"},
    {"name" : "[151639]/SCP2/MEASUREMENT/CFG_UNIT","value" : 0,"quality" : "G"},
    {"name" : "[151639]/SCP2/TIME/CFG_FORMAT","value" : 0,"quality" : "G"},
    {"name" : "[151639]/SCP2/DEV/CFG_PERIODIC_TRANSMIT_ENABLE","value" : 1,"quality" : "G"},
    {"name" : "[151639]/SCP2/DEV/CFG_IDENTIFY_ENABLE","value" : 0,"quality" : "G"}],"count" : 55,"responseTime" : 178}
