{ "values" : [{"name" : "[200031]/AGS/LPHD/FGA","value" : "865-1060-01","quality" : "G"},
    {"name" : "[200031]/AGS/LPHD/MODEL_NAME","value" : "XW AGS","quality" : "G"},
    {"name" : "[200031]/AGS/LPHD/SERIALNUM","value" : "000014830D5F","quality" : "G"},
    {"name" : "[200031]/AGS/LFWB/VERSION","value" : 20800,"quality" : "G"},
    {"name" : "[200031]/AGS/LFWB/BUILDNUMBER","value" : 3,"quality" : "G"},
    {"name" : "[200031]/AGS/FLT/NEW","value" : 0,"quality" : "G"},
    {"name" : "[200031]/AGS/FLT/LIST","value" : [],"quality" : "G"},
    {"name" : "[200031]/AGS/FLT/LOG","value" : [{"timestamp" : 1510026813, "id" : 69, "name" : "Node Instance Duplicated", "description" : "Cause: Another AGS has been configured with the same instance Identifier\nSolution: Change the instance identifier of one of the AGS devices.\n"},{"timestamp" : 1510013592, "id" : 69, "name" : "Node Instance Duplicated", "description" : "Cause: Another AGS has been configured with the same instance Identifier\nSolution: Change the instance identifier of one of the AGS devices.\n"},{"timestamp" : 1470249993, "id" : 69, "name" : "Node Instance Duplicated", "description" : "Cause: Another AGS has been configured with the same instance Identifier\nSolution: Change the instance identifier of one of the AGS devices.\n"},{"timestamp" : 1448472642, "id" : 69, "name" : "Node Instance Duplicated", "description" : "Cause: Another AGS has been configured with the same instance Identifier\nSolution: Change the instance identifier of one of the AGS devices.\n"},{"timestamp" : 1448472636, "id" : 69, "name" : "Node Instance Duplicated", "description" : "Cause: Another AGS has been configured with the same instance Identifier\nSolution: Change the instance identifier of one of the AGS devices.\n"},{"timestamp" : 1448472585, "id" : 69, "name" : "Node Instance Duplicated", "description" : "Cause: Another AGS has been configured with the same instance Identifier\nSolution: Change the instance identifier of one of the AGS devices.\n"},{"timestamp" : 1448472327, "id" : 69, "name" : "Node Instance Duplicated", "description" : "Cause: Another AGS has been configured with the same instance Identifier\nSolution: Change the instance identifier of one of the AGS devices.\n"},{"timestamp" : 1448472189, "id" : 69, "name" : "Node Instance Duplicated", "description" : "Cause: Another AGS has been configured with the same instance Identifier\nSolution: Change the instance identifier of one of the AGS devices.\n"},{"timestamp" : 1448472141, "id" : 69, "name" : "Node Instance Duplicated", "description" : "Cause: Another AGS has been configured with the same instance Identifier\nSolution: Change the instance identifier of one of the AGS devices.\n"}],"quality" : "G"},
    {"name" : "[200031]/AGS/FLT/REFRESH","value" : 0,"quality" : "G"},
    {"name" : "[200031]/AGS/FLT/REFRESH_COUNT","value" : 8,"quality" : "G"},
    {"name" : "[200031]/AGS/WRN/NEW","value" : 0,"quality" : "G"},
    {"name" : "[200031]/AGS/WRN/LIST","value" : [],"quality" : "G"},
    {"name" : "[200031]/AGS/WRN/LOG","value" : [{"timestamp" : 1510101628, "id" : 202, "name" : "Unable to start generator.  Xantrex XW AGS will try again.", "description" : "Cause:  The Xantrex XW AGS tried, but could not start the generator.\nAction: No action required.  The Xantrex XW AGS will try to start the \ngenerator again until it reaches the maximum number of start tries.\n"},{"timestamp" : 1510101525, "id" : 202, "name" : "Unable to start generator.  Xantrex XW AGS will try again.", "description" : "Cause:  The Xantrex XW AGS tried, but could not start the generator.\nAction: No action required.  The Xantrex XW AGS will try to start the \ngenerator again until it reaches the maximum number of start tries.\n"},{"timestamp" : 1510074551, "id" : 500, "name" : "Network connection lost.  Check connections.", "description" : "Cause: The Xantrex XW AGS has lost communications with the network because of a faulty connection or \nelectronic signal disruption.\nAction: Check connection between the Xantrex XW AGS and the network.\n"},{"timestamp" : 1450462469, "id" : 205, "name" : "Generator started by its switch.  Use its switch to stop.", "description" : "Cause: The generator was started, but not by the Xantrex XW AGS.\nAction: Check your generator.  Stop it using the switch or control panel \non the generator.\n"},{"timestamp" : 1448404880, "id" : 500, "name" : "Network connection lost.  Check connections.", "description" : "Cause: The Xantrex XW AGS has lost communications with the network because of a faulty connection or \nelectronic signal disruption.\nAction: Check connection between the Xantrex XW AGS and the network.\n"}],"quality" : "G"},
    {"name" : "[200031]/AGS/WRN/REFRESH","value" : 0,"quality" : "G"},
    {"name" : "[200031]/AGS/WRN/REFRESH_COUNT","value" : 8,"quality" : "G"},
    {"name" : "[200031]/AGS/DEV/DESIRED_MODE","value" : 3,"quality" : "G"},
    {"name" : "[200031]/AGS/DEV/STATE","value" : 3,"quality" : "G"},
    {"name" : "[200031]/AGS/DEV/LAST_MODE","value" : 3,"quality" : "G"},
    {"name" : "[200031]/AGS/FLT/ACTIVE","value" : 0,"quality" : "G"},
    {"name" : "[200031]/AGS/FLT/CHANGED","value" : 0,"quality" : "G"},
    {"name" : "[200031]/AGS/WRN/ACTIVE","value" : 0,"quality" : "G"},
    {"name" : "[200031]/AGS/WRN/CHANGED","value" : 0,"quality" : "G"},
    {"name" : "[200031]/AGS/XB/PGNSTS","value" : {"Device ID" : 200031, "PGNSts" : [{"name" : "AssocCfg","pgn" : "0x12500","receiveCount" : 4,"state" : "Idle", "result" : "OK", "init" : "1", "sent" : 0,"received" : 0,"expected" : 4,"ACKCounter" : 0,"ACKCounterTotal" : 0,"NAKCounter" : 0,"NAKCounterTotal" : 0,"failCount" : 0,"updatePending" : 0,"changePending" : 0,"retries" : 10,"timeout_counter" : 10,"ACK Status" : 0,"Group Function Value" : -1}, {"name" : "Sts","pgn" : "0x1F00F","receiveCount" : 1017914,"state" : "Idle", "result" : "OK", "init" : "1", "sent" : 0,"received" : 0,"expected" : 1,"ACKCounter" : 0,"ACKCounterTotal" : 0,"NAKCounter" : 0,"NAKCounterTotal" : 0,"failCount" : 0,"updatePending" : 0,"changePending" : 0,"retries" : 10,"timeout_counter" : 10,"ACK Status" : 0,"Group Function Value" : -1}, {"name" : "HwRevSts","pgn" : "0x1F810","receiveCount" : 3,"state" : "Idle", "result" : "OK", "init" : "1", "sent" : 0,"received" : 0,"expected" : 1,"ACKCounter" : 0,"ACKCounterTotal" : 0,"NAKCounter" : 0,"NAKCounterTotal" : 0,"failCount" : 0,"updatePending" : 0,"changePending" : 0,"retries" : 10,"timeout_counter" : 10,"ACK Status" : 0,"Group Function Value" : -1}, {"name" : "ProdInfoSts","pgn" : "0x1F014","receiveCount" : 3,"state" : "Idle", "result" : "OK", "init" : "1", "sent" : 0,"received" : 0,"expected" : 1,"ACKCounter" : 0,"ACKCounterTotal" : 0,"NAKCounter" : 0,"NAKCounterTotal" : 0,"failCount" : 0,"updatePending" : 0,"changePending" : 0,"retries" : 10,"timeout_counter" : 10,"ACK Status" : 0,"Group Function Value" : -1}, {"name" : "SwVerSts","pgn" : "0x1F80E","receiveCount" : 8244,"state" : "Idle", "result" : "OK", "init" : "1", "sent" : 0,"received" : 0,"expected" : 1,"ACKCounter" : 0,"ACKCounterTotal" : 0,"NAKCounter" : 0,"NAKCounterTotal" : 0,"failCount" : 0,"updatePending" : 0,"changePending" : 0,"retries" : 10,"timeout_counter" : 10,"ACK Status" : 0,"Group Function Value" : -1}, {"name" : "AgsSts","pgn" : "0x1F011","receiveCount" : 508957,"state" : "Idle", "result" : "OK", "init" : "1", "sent" : 0,"received" : 0,"expected" : 1,"ACKCounter" : 0,"ACKCounterTotal" : 0,"NAKCounter" : 0,"NAKCounterTotal" : 0,"failCount" : 0,"updatePending" : 0,"changePending" : 0,"retries" : 10,"timeout_counter" : 10,"ACK Status" : 0,"Group Function Value" : -1}, {"name" : "AgsCfg","pgn" : "0x12A00","receiveCount" : 1,"state" : "Idle", "result" : "OK", "init" : "1", "sent" : 0,"received" : 0,"expected" : 1,"ACKCounter" : 0,"ACKCounterTotal" : 0,"NAKCounter" : 0,"NAKCounterTotal" : 0,"failCount" : 0,"updatePending" : 0,"changePending" : 0,"retries" : 10,"timeout_counter" : 10,"ACK Status" : 0,"Group Function Value" : -1}, {"name" : "AgsCfgBattSoc","pgn" : "0x13D00","receiveCount" : 1,"state" : "Idle", "result" : "OK", "init" : "1", "sent" : 0,"received" : 0,"expected" : 1,"ACKCounter" : 0,"ACKCounterTotal" : 0,"NAKCounter" : 0,"NAKCounterTotal" : 0,"failCount" : 0,"updatePending" : 0,"changePending" : 0,"retries" : 10,"timeout_counter" : 10,"ACK Status" : 0,"Group Function Value" : -1}, {"name" : "NAMECfg","pgn" : "0x13A00","receiveCount" : 0,"state" : "Idle", "result" : "Failed", "init" : "1", "sent" : 0,"received" : 0,"expected" : 1,"ACKCounter" : 0,"ACKCounterTotal" : 0,"NAKCounter" : 0,"NAKCounterTotal" : 0,"failCount" : 0,"updatePending" : 0,"changePending" : 0,"retries" : 10,"timeout_counter" : 10,"ACK Status" : 0,"Group Function Value" : -1}, {"name" : "AgsCfgAcI","pgn" : "0x13E00","receiveCount" : 0,"state" : "Init", "result" : "Not Started", "init" : "0", "sent" : 0,"received" : 0,"expected" : 1,"ACKCounter" : 0,"ACKCounterTotal" : 0,"NAKCounter" : 0,"NAKCounterTotal" : 0,"failCount" : 0,"updatePending" : 0,"changePending" : 0,"retries" : 10,"timeout_counter" : 10,"ACK Status" : 0,"Group Function Value" : -1}, {"name" : "AgsCfgGen","pgn" : "0x12B00","receiveCount" : 0,"state" : "Init", "result" : "Not Started", "init" : "0", "sent" : 0,"received" : 0,"expected" : 1,"ACKCounter" : 0,"ACKCounterTotal" : 0,"NAKCounter" : 0,"NAKCounterTotal" : 0,"failCount" : 0,"updatePending" : 0,"changePending" : 0,"retries" : 10,"timeout_counter" : 10,"ACK Status" : 0,"Group Function Value" : -1}, {"name" : "AgsCfgDcV","pgn" : "0x13C00","receiveCount" : 0,"state" : "Init", "result" : "Not Started", "init" : "0", "sent" : 0,"received" : 0,"expected" : 1,"ACKCounter" : 0,"ACKCounterTotal" : 0,"NAKCounter" : 0,"NAKCounterTotal" : 0,"failCount" : 0,"updatePending" : 0,"changePending" : 0,"retries" : 10,"timeout_counter" : 10,"ACK Status" : 0,"Group Function Value" : -1}]},"quality" : "G"},
    {"name" : "[200031]/AGS/XB/PGNINFO","value" : {"Device ID" : 200031, "PGNInfo" : [{"name" : "AssocCfg","pgn" : "0x12500","family" : 8}, {"name" : "Sts","pgn" : "0x1F00F","family" : 8}, {"name" : "HwRevSts","pgn" : "0x1F810","family" : 8}, {"name" : "ProdInfoSts","pgn" : "0x1F014","family" : 8}, {"name" : "SwVerSts","pgn" : "0x1F80E","family" : 8}, {"name" : "AgsSts","pgn" : "0x1F011","family" : 8}, {"name" : "AgsCfg","pgn" : "0x12A00","family" : 8}, {"name" : "AgsCfgBattSoc","pgn" : "0x13D00","family" : 8}, {"name" : "NAMECfg","pgn" : "0x13A00","family" : 8}, {"name" : "AgsCfgAcI","pgn" : "0x13E00","family" : 8}, {"name" : "AgsCfgGen","pgn" : "0x12B00","family" : 8}, {"name" : "AgsCfgDcV","pgn" : "0x13C00","family" : 8}]},"quality" : "G"},
    {"name" : "[200031]/AGS/XB/ADDR","value" : 6,"quality" : "G"},
    {"name" : "[200031]/AGS/LPHD/UID","value" : 200031,"quality" : "G"},
    {"name" : "[200031]/AGS/DEV/ACTIVE","value" : 1,"quality" : "G"},
    {"name" : "[200031]/AGS/CFG/REFRESH","value" : 0,"quality" : "G"},
    {"name" : "[200031]/AGS/CFG/INITIALIZED","value" : 1,"quality" : "G"},
    {"name" : "[200031]/AGS/XB/FW_PROG","value" : 0,"quality" : "G"},
    {"name" : "[200031]/AGS/XB/FW_FULL_PATH","value" : "0","quality" : "G"},
    {"name" : "[200031]/AGS/XB/FW_PROG_STATUS","value" : "IDLE","quality" : "G"},
    {"name" : "[200031]/AGS/XB/FW_PROG_ERROR","value" : [{"SETUP":"No Error"},{"REBOOT_DNLD":"No Error"},{"FWDNLD_FWXER":"No Error"},{"FWDNLD_INIT":"No Error"},{"REBOOT_NORMAL":"No Error"},{"REPORT":"No Error"}],"quality" : "G"},
    {"name" : "[200031]/AGS/XB/FW_PROG_DEBUG","value" : 0,"quality" : "G"},
    {"name" : "[200031]/AGS/LPHD/CFG_DEVICE_NAME","value" : "0","quality" : "G"},
    {"name" : "[200031]/AGS/DEV/CFG_MBADDRESS","value" : 0,"quality" : "G"},
    {"name" : "[200031]/AGS/LPHD/CFG_DEVICE_INSTANCE","value" : 1,"quality" : "G"},
    {"name" : "[200031]/AGS/LPHD/CFG_SYSTEM_INSTANCE","value" : 1,"quality" : "G"},
    {"name" : "[200031]/AGS/CFG/STATUS","value" : 0,"quality" : "G"},
    {"name" : "[200031]/AGS/CFG/REFRESH_COUNT","value" : 1,"quality" : "G"},
    {"name" : "[200031]/AGS/GEN/STATE","value" : 4,"quality" : "G"},
    {"name" : "[200031]/AGS/GEN/ACTION","value" : 10,"quality" : "G"},
    {"name" : "[200031]/AGS/GEN/ON_REASON","value" : 0,"quality" : "G"},
    {"name" : "[200031]/AGS/GEN/OFF_REASON","value" : 7,"quality" : "G"},
    {"name" : "[200031]/AGS/FLT/STS0","value" : 0,"quality" : "G"},
    {"name" : "[200031]/AGS/WRN/STS0","value" : 0,"quality" : "G"},
    {"name" : "[200031]/AGS/CFG/ERROR_COUNT","value" : 0,"quality" : "G"},
    {"name" : "[200031]/AGS/DEV/CFG_OPMODE","value" : 3,"quality" : "G"},
    {"name" : "[200031]/AGS/GEN/CFG_MODE","value" : 0,"quality" : "G"},
    {"name" : "[200031]/AGS/DEV/CFG_RESET","value" : 0,"quality" : "G"},
    {"name" : "[200031]/AGS/DEV/CFG_CLEAR","value" : 0,"quality" : "G"},
    {"name" : "[200031]/AGS/GEN/CFG_QT_BEGIN","value" : 1260,"quality" : "G"},
    {"name" : "[200031]/AGS/GEN/CFG_QT_END","value" : 480,"quality" : "G"},
    {"name" : "[200031]/AGS/GEN/CFG_QT_ENDIS","value" : 1,"quality" : "G"},
    {"name" : "[200031]/AGS/GEN/CFG_DCV_AUTO_START_ENDIS","value" : 1,"quality" : "G"},
    {"name" : "[200031]/AGS/GEN/CFG_DCV_AUTO_STOP_ENDIS","value" : 0,"quality" : "G"},
    {"name" : "[200031]/AGS/GEN/CFG_SOC_AUTO_START_ENDIS","value" : 0,"quality" : "G"},
    {"name" : "[200031]/AGS/GEN/CFG_SOC_AUTO_STOP_ENDIS","value" : 0,"quality" : "G"},
    {"name" : "[200031]/AGS/GEN/CFG_ACI_AUTO_START_ENDIS","value" : 0,"quality" : "G"},
    {"name" : "[200031]/AGS/GEN/CFG_ACI_AUTO_STOP_ENDIS","value" : 0,"quality" : "G"},
    {"name" : "[200031]/AGS/GEN/CFG_BATT_ABS_STOP_ENDIS","value" : 1,"quality" : "G"},
    {"name" : "[200031]/AGS/GEN/CFG_BATT_FLOAT_STOP_ENDIS","value" : 0,"quality" : "G"},
    {"name" : "[200031]/AGS/GEN/CFG_GEN_NUM_AUTOSTART_CYCLES","value" : 255,"quality" : "G"},
    {"name" : "[200031]/AGS/GEN/CFG_GEN_MIN_AUTOSTART_CYCLES","value" : 2,"quality" : "G"},
    {"name" : "[200031]/AGS/GEN/CFG_GEN_MAX_AUTOSTART_CYCLES","value" : 255,"quality" : "G"},
    {"name" : "[200031]/AGS/GEN/CFG_TEMP1_TRIG_EN","value" : 0,"quality" : "G"},
    {"name" : "[200031]/AGS/GEN/CFG_TEMP2_TRIG_EN","value" : 0,"quality" : "G"},
    {"name" : "[200031]/AGS/GEN/CFG_TYPE","value" : 2,"quality" : "G"},
    {"name" : "[200031]/AGS/GEN/CFG_PREHEAT_TIME","value" : 0,"quality" : "G"},
    {"name" : "[200031]/AGS/GEN/CFG_PREHEAT_TIME_MIN","value" : 0,"quality" : "G"},
    {"name" : "[200031]/AGS/GEN/CFG_PREHEAT_TIME_MAX","value" : 250,"quality" : "G"},
    {"name" : "[200031]/AGS/GEN/CFG_START_DELAY","value" : 0,"quality" : "G"},
    {"name" : "[200031]/AGS/GEN/CFG_START_DELAY_MIN","value" : 0,"quality" : "G"},
    {"name" : "[200031]/AGS/GEN/CFG_START_DELAY_MAX","value" : 60,"quality" : "G"},
    {"name" : "[200031]/AGS/GEN/CFG_CRANK_TIME","value" : 30,"quality" : "G"},
    {"name" : "[200031]/AGS/GEN/CFG_CRANK_TIME_MIN","value" : 0,"quality" : "G"},
    {"name" : "[200031]/AGS/GEN/CFG_CRANK_TIME_MAX","value" : 250,"quality" : "G"},
    {"name" : "[200031]/AGS/GEN/CFG_SHUTDOWN_BYPASS_TIME","value" : 0,"quality" : "G"},
    {"name" : "[200031]/AGS/GEN/CFG_SHUTDOWN_BYPASS_TIME_MIN","value" : 0,"quality" : "G"},
    {"name" : "[200031]/AGS/GEN/CFG_SHUTDOWN_BYPASS_TIME_MAX","value" : 250,"quality" : "G"},
    {"name" : "[200031]/AGS/GEN/CFG_STARTER_COOLDOWN_TIME","value" : 60,"quality" : "G"},
    {"name" : "[200031]/AGS/GEN/CFG_STARTER_COOLDOWN_TIME_MIN","value" : 1,"quality" : "G"},
    {"name" : "[200031]/AGS/GEN/CFG_STARTER_COOLDOWN_TIME_MAX","value" : 250,"quality" : "G"},
    {"name" : "[200031]/AGS/GEN/CFG_CRANK_RETRY_TIME","value" : 40,"quality" : "G"},
    {"name" : "[200031]/AGS/GEN/CFG_CRANK_RETRY_TIME_MIN","value" : 0,"quality" : "G"},
    {"name" : "[200031]/AGS/GEN/CFG_CRANK_RETRY_TIME_MAX","value" : 250,"quality" : "G"},
    {"name" : "[200031]/AGS/GEN/CFG_WARMUP_TIME","value" : 0,"quality" : "G"},
    {"name" : "[200031]/AGS/GEN/CFG_WARMUP_TIME_MIN","value" : 30,"quality" : "G"},
    {"name" : "[200031]/AGS/GEN/CFG_WARMUP_TIME_MAX","value" : 1800,"quality" : "G"},
    {"name" : "[200031]/AGS/GEN/CFG_MAX_RUNTIME","value" : 480,"quality" : "G"},
    {"name" : "[200031]/AGS/GEN/CFG_MAX_RUNTIME_MIN","value" : 0,"quality" : "G"},
    {"name" : "[200031]/AGS/GEN/CFG_MAX_RUNTIME_MAX","value" : 1440,"quality" : "G"},
    {"name" : "[200031]/AGS/GEN/CFG_COOLDOWN_TIME","value" : 30,"quality" : "G"},
    {"name" : "[200031]/AGS/GEN/CFG_COOLDOWN_TIME_MIN","value" : 0,"quality" : "G"},
    {"name" : "[200031]/AGS/GEN/CFG_COOLDOWN_TIME_MAX","value" : 600,"quality" : "G"},
    {"name" : "[200031]/AGS/GEN/CFG_SPINDOWN_TIME","value" : 3,"quality" : "G"},
    {"name" : "[200031]/AGS/GEN/CFG_SPINDOWN_TIME_MIN","value" : 1,"quality" : "G"},
    {"name" : "[200031]/AGS/GEN/CFG_SPINDOWN_TIME_MAX","value" : 900,"quality" : "G"},
    {"name" : "[200031]/AGS/GEN/CFG_STOP_TIMEOUT","value" : 360,"quality" : "G"},
    {"name" : "[200031]/AGS/GEN/CFG_STOP_TIMEOUT_MIN","value" : 1,"quality" : "G"},
    {"name" : "[200031]/AGS/GEN/CFG_STOP_TIMEOUT_MAX","value" : 360,"quality" : "G"},
    {"name" : "[200031]/AGS/GEN/CFG_START_NUM_RETRY","value" : 2,"quality" : "G"},
    {"name" : "[200031]/AGS/GEN/CFG_START_NUM_RETRY_MIN","value" : 0,"quality" : "G"},
    {"name" : "[200031]/AGS/GEN/CFG_START_NUM_RETRY_MAX","value" : 9,"quality" : "G"},
    {"name" : "[200031]/AGS/GEN/CFG_EXERCISE_PERIOD","value" : 21,"quality" : "G"},
    {"name" : "[200031]/AGS/GEN/CFG_EXERCISE_PERIOD_MIN","value" : 0,"quality" : "G"},
    {"name" : "[200031]/AGS/GEN/CFG_EXERCISE_PERIOD_MAX","value" : 250,"quality" : "G"},
    {"name" : "[200031]/AGS/GEN/CFG_EXERCISE_DURATION","value" : 30,"quality" : "G"},
    {"name" : "[200031]/AGS/GEN/CFG_EXERCISE_DURATION_MIN","value" : 1,"quality" : "G"},
    {"name" : "[200031]/AGS/GEN/CFG_EXERCISE_DURATION_MAX","value" : 250,"quality" : "G"},
    {"name" : "[200031]/AGS/GEN/CFG_EXERCISE_TIME_OF_DAY","value" : 540,"quality" : "G"},
    {"name" : "[200031]/AGS/GEN/CFG_EXERCISE_TIME_OF_DAY_MIN","value" : 0,"quality" : "G"},
    {"name" : "[200031]/AGS/GEN/CFG_EXERCISE_TIME_OF_DAY_MAX","value" : 1430,"quality" : "G"},
    {"name" : "[200031]/AGS/GEN/CFG_RUN_HOLD_TIME","value" : 50,"quality" : "G"},
    {"name" : "[200031]/AGS/GEN/CFG_RUN_HOLD_TIME_MIN","value" : 0,"quality" : "G"},
    {"name" : "[200031]/AGS/GEN/CFG_RUN_HOLD_TIME_MAX","value" : 2000,"quality" : "G"},
    {"name" : "[200031]/AGS/GEN/CFG_RELAY_FUNC","value" : 0,"quality" : "G"},
    {"name" : "[200031]/AGS/GEN/CFG_AC_I_LVL_STOP_MIN","value" : 1000,"quality" : "G"},
    {"name" : "[200031]/AGS/GEN/CFG_AC_I_LVL_STOP_MAX","value" : 28000,"quality" : "G"},
    {"name" : "[200031]/AGS/GEN/CFG_AC_I_LVL_START_MIN","value" : 3000,"quality" : "G"},
    {"name" : "[200031]/AGS/GEN/CFG_AC_I_LVL_START_MAX","value" : 33000,"quality" : "G"},
    {"name" : "[200031]/AGS/GEN/CFG_AC_I_LVL_STOP","value" : 7000,"quality" : "G"},
    {"name" : "[200031]/AGS/GEN/CFG_AC_TIME_INTERVAL_STOP","value" : 10,"quality" : "G"},
    {"name" : "[200031]/AGS/GEN/CFG_AC_I_LVL_START","value" : 10000,"quality" : "G"},
    {"name" : "[200031]/AGS/GEN/CFG_AC_TIME_INTERVAL_START","value" : 50,"quality" : "G"},
    {"name" : "[200031]/AGS/GEN/CFG_STOP_DCV_MIN","value" : 14000,"quality" : "G"},
    {"name" : "[200031]/AGS/GEN/CFG_STOP_DCV_MAX","value" : 65000,"quality" : "G"},
    {"name" : "[200031]/AGS/GEN/CFG_START_DCV_MIN","value" : 4000,"quality" : "G"},
    {"name" : "[200031]/AGS/GEN/CFG_START_DCV_MAX","value" : 60000,"quality" : "G"},
    {"name" : "[200031]/AGS/GEN/CFG_START_DCV_30SEC","value" : 4000,"quality" : "G"},
    {"name" : "[200031]/AGS/GEN/CFG_START_DCV_15MIN","value" : 0,"quality" : "G"},
    {"name" : "[200031]/AGS/GEN/CFG_START_DCV_2HOUR","value" : 0,"quality" : "G"},
    {"name" : "[200031]/AGS/GEN/CFG_START_DCV_24HOUR","value" : 0,"quality" : "G"},
    {"name" : "[200031]/AGS/GEN/CFG_STOP_DCV","value" : 0,"quality" : "G"},
    {"name" : "[200031]/AGS/GEN/CFG_START_DCV_30SEC_MIN","value" : 0,"quality" : "G"},
    {"name" : "[200031]/AGS/GEN/CFG_START_DCV_30SEC_MAX","value" : 0,"quality" : "G"},
    {"name" : "[200031]/AGS/GEN/CFG_START_DCV_15MIN_MIN","value" : 0,"quality" : "G"},
    {"name" : "[200031]/AGS/GEN/CFG_START_DCV_15MIN_MAX","value" : 0,"quality" : "G"},
    {"name" : "[200031]/AGS/GEN/CFG_START_DCV_2HR_MIN","value" : 0,"quality" : "G"},
    {"name" : "[200031]/AGS/GEN/CFG_START_DCV_2HR_MAX","value" : 0,"quality" : "G"},
    {"name" : "[200031]/AGS/GEN/CFG_START_DCV_24HR_MIN","value" : 0,"quality" : "G"},
    {"name" : "[200031]/AGS/GEN/CFG_START_DCV_24HR_MAX","value" : 0,"quality" : "G"},
    {"name" : "[200031]/AGS/ASSOC/CFG_AC_OUTPUT","value" : 19,"quality" : "G"},
    {"name" : "[200031]/AGS/ASSOC/CFG_AC_INPUT_0","value" : 51,"quality" : "G"},
    {"name" : "[200031]/AGS/ASSOC/CFG_AC_INPUT_1","value" : 67,"quality" : "G"},
    {"name" : "[200031]/AGS/ASSOC/CFG_DC_INPUT","value" : 3,"quality" : "G"},
    {"name" : "[200031]/AGS/GEN/CFG_SOC_STOP_MIN","value" : 50,"quality" : "G"},
    {"name" : "[200031]/AGS/GEN/CFG_SOC_STOP_MAX","value" : 95,"quality" : "G"},
    {"name" : "[200031]/AGS/GEN/CFG_SOC_START_MIN","value" : 40,"quality" : "G"},
    {"name" : "[200031]/AGS/GEN/CFG_SOC_START_MAX","value" : 90,"quality" : "G"},
    {"name" : "[200031]/AGS/GEN/CFG_SOC_LVL_STOP","value" : 90,"quality" : "G"},
    {"name" : "[200031]/AGS/GEN/CFG_SOC_LVL_START","value" : 55,"quality" : "G"}],"count" : 152,"responseTime" : 198}
     
