{ "values" : [{"name" : "[259586]/BATTMON/LPHD/FGA","value" : "865-1080-01","quality" : "G"},
    {"name" : "[259586]/BATTMON/LPHD/MODEL_NAME","value" : "BattMon","quality" : "G"},
    {"name" : "[259586]/BATTMON/LPHD/SERIALNUM","value" : "B12842498","quality" : "G"},
    {"name" : "[259586]/BATTMON/LFWB/VERSION","value" : 10000,"quality" : "G"},
    {"name" : "[259586]/BATTMON/LFWB/BUILDNUMBER","value" : 22,"quality" : "G"},
    {"name" : "[259586]/BATTMON/FLT/NEW","value" : 0,"quality" : "G"},
    {"name" : "[259586]/BATTMON/FLT/LIST","value" : [],"quality" : "G"},
    {"name" : "[259586]/BATTMON/FLT/LOG","value" : [],"quality" : "G"},
    {"name" : "[259586]/BATTMON/FLT/REFRESH","value" : 0,"quality" : "G"},
    {"name" : "[259586]/BATTMON/FLT/REFRESH_COUNT","value" : 1,"quality" : "G"},
    {"name" : "[259586]/BATTMON/WRN/NEW","value" : 0,"quality" : "G"},
    {"name" : "[259586]/BATTMON/WRN/LIST","value" : [],"quality" : "G"},
    {"name" : "[259586]/BATTMON/WRN/LOG","value" : [],"quality" : "G"},
    {"name" : "[259586]/BATTMON/WRN/REFRESH","value" : 0,"quality" : "G"},
    {"name" : "[259586]/BATTMON/WRN/REFRESH_COUNT","value" : 2,"quality" : "G"},
    {"name" : "[259586]/BATTMON/DEV/DESIRED_MODE","value" : 3,"quality" : "G"},
    {"name" : "[259586]/BATTMON/DEV/STATE","value" : 3,"quality" : "G"},
    {"name" : "[259586]/BATTMON/DEV/LAST_MODE","value" : 3,"quality" : "G"},
    {"name" : "[259586]/BATTMON/FLT/ACTIVE","value" : 0,"quality" : "G"},
    {"name" : "[259586]/BATTMON/FLT/CHANGED","value" : 0,"quality" : "G"},
    {"name" : "[259586]/BATTMON/WRN/ACTIVE","value" : 1,"quality" : "G"},
    {"name" : "[259586]/BATTMON/WRN/CHANGED","value" : 1,"quality" : "G"},
    {"name" : "[259586]/BATTMON/XB/PGNSTS","value" : {"Device ID" : 259586, "PGNSts" : [{"name" : "AssocCfg","pgn" : "0x12500","receiveCount" : 1,"state" : "Idle", "result" : "OK", "init" : "1", "sent" : 0,"received" : 0,"expected" : 1,"ACKCounter" : 0,"ACKCounterTotal" : 0,"NAKCounter" : 0,"NAKCounterTotal" : 0,"failCount" : 0,"updatePending" : 0,"changePending" : 0,"retries" : 10,"timeout_counter" : 10,"ACK Status" : 0,"Group Function Value" : -1}, {"name" : "Sts","pgn" : "0x1F00F","receiveCount" : 996880,"state" : "Idle", "result" : "OK", "init" : "1", "sent" : 0,"received" : 0,"expected" : 1,"ACKCounter" : 0,"ACKCounterTotal" : 0,"NAKCounter" : 0,"NAKCounterTotal" : 0,"failCount" : 0,"updatePending" : 0,"changePending" : 0,"retries" : 10,"timeout_counter" : 10,"ACK Status" : 0,"Group Function Value" : -1}, {"name" : "HwRevSts","pgn" : "0x1F810","receiveCount" : 3,"state" : "Idle", "result" : "OK", "init" : "1", "sent" : 0,"received" : 0,"expected" : 1,"ACKCounter" : 0,"ACKCounterTotal" : 0,"NAKCounter" : 0,"NAKCounterTotal" : 0,"failCount" : 0,"updatePending" : 0,"changePending" : 0,"retries" : 10,"timeout_counter" : 10,"ACK Status" : 0,"Group Function Value" : -1}, {"name" : "ProdInfoSts","pgn" : "0x1F014","receiveCount" : 3,"state" : "Idle", "result" : "OK", "init" : "1", "sent" : 0,"received" : 0,"expected" : 1,"ACKCounter" : 0,"ACKCounterTotal" : 0,"NAKCounter" : 0,"NAKCounterTotal" : 0,"failCount" : 0,"updatePending" : 0,"changePending" : 0,"retries" : 10,"timeout_counter" : 10,"ACK Status" : 0,"Group Function Value" : -1}, {"name" : "SwVerSts","pgn" : "0x1F80E","receiveCount" : 8250,"state" : "Idle", "result" : "OK", "init" : "1", "sent" : 0,"received" : 0,"expected" : 1,"ACKCounter" : 0,"ACKCounterTotal" : 0,"NAKCounter" : 0,"NAKCounterTotal" : 0,"failCount" : 0,"updatePending" : 0,"changePending" : 0,"retries" : 10,"timeout_counter" : 10,"ACK Status" : 0,"Group Function Value" : -1}, {"name" : "BattMonSts","pgn" : "0x1F01B","receiveCount" : 497043,"state" : "Idle", "result" : "OK", "init" : "1", "sent" : 0,"received" : 0,"expected" : 1,"ACKCounter" : 0,"ACKCounterTotal" : 0,"NAKCounter" : 0,"NAKCounterTotal" : 0,"failCount" : 0,"updatePending" : 0,"changePending" : 0,"retries" : 10,"timeout_counter" : 10,"ACK Status" : 0,"Group Function Value" : -1}, {"name" : "BattMonHist","pgn" : "0x1F0CD","receiveCount" : 1,"state" : "Idle", "result" : "OK", "init" : "1", "sent" : 0,"received" : 0,"expected" : 1,"ACKCounter" : 0,"ACKCounterTotal" : 0,"NAKCounter" : 0,"NAKCounterTotal" : 0,"failCount" : 0,"updatePending" : 0,"changePending" : 0,"retries" : 10,"timeout_counter" : 10,"ACK Status" : 0,"Group Function Value" : -1}, {"name" : "EnDisCfg","pgn" : "0x13400","receiveCount" : 1,"state" : "Idle", "result" : "OK", "init" : "1", "sent" : 0,"received" : 0,"expected" : 1,"ACKCounter" : 0,"ACKCounterTotal" : 0,"NAKCounter" : 0,"NAKCounterTotal" : 0,"failCount" : 0,"updatePending" : 0,"changePending" : 0,"retries" : 10,"timeout_counter" : 10,"ACK Status" : 0,"Group Function Value" : -1}, {"name" : "NAMECfg","pgn" : "0x13A00","receiveCount" : 1,"state" : "Idle", "result" : "OK", "init" : "1", "sent" : 0,"received" : 0,"expected" : 1,"ACKCounter" : 0,"ACKCounterTotal" : 0,"NAKCounter" : 0,"NAKCounterTotal" : 0,"failCount" : 0,"updatePending" : 0,"changePending" : 0,"retries" : 10,"timeout_counter" : 10,"ACK Status" : 0,"Group Function Value" : -1}, {"name" : "BattMonCfgSync","pgn" : "0x16400","receiveCount" : 1,"state" : "Idle", "result" : "OK", "init" : "1", "sent" : 0,"received" : 0,"expected" : 1,"ACKCounter" : 0,"ACKCounterTotal" : 0,"NAKCounter" : 0,"NAKCounterTotal" : 0,"failCount" : 0,"updatePending" : 0,"changePending" : 0,"retries" : 10,"timeout_counter" : 10,"ACK Status" : 0,"Group Function Value" : -1}, {"name" : "DcSrcCfgBatt","pgn" : "0x11D00","receiveCount" : 1,"state" : "Idle", "result" : "OK", "init" : "1", "sent" : 0,"received" : 0,"expected" : 1,"ACKCounter" : 0,"ACKCounterTotal" : 0,"NAKCounter" : 0,"NAKCounterTotal" : 0,"failCount" : 0,"updatePending" : 0,"changePending" : 0,"retries" : 10,"timeout_counter" : 10,"ACK Status" : 0,"Group Function Value" : -1}, {"name" : "BattMonCfg","pgn" : "0x12900","receiveCount" : 1,"state" : "Idle", "result" : "OK", "init" : "1", "sent" : 0,"received" : 0,"expected" : 1,"ACKCounter" : 0,"ACKCounterTotal" : 0,"NAKCounter" : 0,"NAKCounterTotal" : 0,"failCount" : 0,"updatePending" : 0,"changePending" : 0,"retries" : 10,"timeout_counter" : 10,"ACK Status" : 0,"Group Function Value" : -1}]},"quality" : "G"},
    {"name" : "[259586]/BATTMON/XB/PGNINFO","value" : {"Device ID" : 259586, "PGNInfo" : [{"name" : "AssocCfg","pgn" : "0x12500","family" : 11}, {"name" : "Sts","pgn" : "0x1F00F","family" : 11}, {"name" : "HwRevSts","pgn" : "0x1F810","family" : 11}, {"name" : "ProdInfoSts","pgn" : "0x1F014","family" : 11}, {"name" : "SwVerSts","pgn" : "0x1F80E","family" : 11}, {"name" : "BattMonSts","pgn" : "0x1F01B","family" : 11}, {"name" : "BattMonHist","pgn" : "0x1F0CD","family" : 11}, {"name" : "EnDisCfg","pgn" : "0x13400","family" : 11}, {"name" : "NAMECfg","pgn" : "0x13A00","family" : 11}, {"name" : "BattMonCfgSync","pgn" : "0x16400","family" : 11}, {"name" : "DcSrcCfgBatt","pgn" : "0x11D00","family" : 11}, {"name" : "BattMonCfg","pgn" : "0x12900","family" : 11}]},"quality" : "G"},
    {"name" : "[259586]/BATTMON/XB/ADDR","value" : 0,"quality" : "G"},
    {"name" : "[259586]/BATTMON/LPHD/UID","value" : 259586,"quality" : "G"},
    {"name" : "[259586]/BATTMON/DEV/ACTIVE","value" : 0,"quality" : "G"},
    {"name" : "[259586]/BATTMON/CFG/REFRESH","value" : 0,"quality" : "G"},
    {"name" : "[259586]/BATTMON/CFG/INITIALIZED","value" : 1,"quality" : "G"},
    {"name" : "[259586]/BATTMON/XB/FW_PROG","value" : 0,"quality" : "G"},
    {"name" : "[259586]/BATTMON/XB/FW_FULL_PATH","value" : "0","quality" : "G"},
    {"name" : "[259586]/BATTMON/XB/FW_PROG_STATUS","value" : "IDLE","quality" : "G"},
    {"name" : "[259586]/BATTMON/XB/FW_PROG_ERROR","value" : [{"SETUP":"No Error"},{"REBOOT_DNLD":"No Error"},{"FWDNLD_FWXER":"No Error"},{"FWDNLD_INIT":"No Error"},{"REBOOT_NORMAL":"No Error"},{"REPORT":"No Error"}],"quality" : "G"},
    {"name" : "[259586]/BATTMON/XB/FW_PROG_DEBUG","value" : 0,"quality" : "G"},
    {"name" : "[259586]/BATTMON/LPHD/CFG_DEVICE_NAME","value" : "0","quality" : "G"},
    {"name" : "[259586]/BATTMON/MB/CFG_ADDRESS","value" : 0,"quality" : "G"},
    {"name" : "[259586]/BATTMON/LPHD/CFG_DEVICE_INSTANCE","value" : 0,"quality" : "G"},
    {"name" : "[259586]/BATTMON/LPHD/CFG_SYSTEM_INSTANCE","value" : 0,"quality" : "G"},
    {"name" : "[259586]/BATTMON/CFG/STATUS","value" : 0,"quality" : "G"},
    {"name" : "[259586]/BATTMON/CFG/REFRESH_COUNT","value" : 1,"quality" : "G"},
    {"name" : "[259586]/BATTMON/CFG/ERROR_COUNT","value" : 0,"quality" : "G"},
    {"name" : "[259586]/BATTMON/BATT/DC_SRC_ID","value" : 3,"quality" : "G"},
    {"name" : "[259586]/BATTMON/BATT/V","value" : 26570,"quality" : "G"},
    {"name" : "[259586]/BATTMON/BATT/I","value" : -130,"quality" : "G"},
    {"name" : "[259586]/BATTMON/BATT/TEMP","value" : 0,"quality" : "G"},
    {"name" : "[259586]/BATTMON/BATT/SOC","value" : 92,"quality" : "G"},
    {"name" : "[259586]/BATTMON/BATT/SOH","value" : 255,"quality" : "G"},
    {"name" : "[259586]/BATTMON/BATT/PERCENT_OVER_CHARGE","value" : 0,"quality" : "G"},
    {"name" : "[259586]/BATTMON/BATT/V_MIDP1","value" : 0,"quality" : "G"},
    {"name" : "[259586]/BATTMON/BATT/V_MIDP2","value" : 0,"quality" : "G"},
    {"name" : "[259586]/BATTMON/BATT/V_MIDP3","value" : 2147483647,"quality" : "G"},
    {"name" : "[259586]/BATTMON/BATT/CAPACITY_REMAIN","value" : 192,"quality" : "G"},
    {"name" : "[259586]/BATTMON/BATT/CAPACITY_REMOVED","value" : 8,"quality" : "G"},
    {"name" : "[259586]/BATTMON/BATT/BTS_PRESENT","value" : 1,"quality" : "G"},
    {"name" : "[259586]/BATTMON/BATT/TIME_TO_FULL","value" : 65535,"quality" : "G"},
    {"name" : "[259586]/BATTMON/BATT/TIME_TO_DISCHARGE","value" : 14400,"quality" : "G"},
    {"name" : "[259586]/BATTMON/BATT/HOURS_IN_FLOAT","value" : 65535,"quality" : "G"},
    {"name" : "[259586]/BATTMON/BATT/LAST_EQUALIZE","value" : 255,"quality" : "G"},
    {"name" : "[259586]/BATTMON/BATT/AVG_DISCHARGE","value" : -36,"quality" : "G"},
    {"name" : "[259586]/BATTMON/BATT/AVG_DISCHARGE_PERCENT","value" : -750,"quality" : "G"},
    {"name" : "[259586]/BATTMON/BATT/DEEPEST_DISCHARGE","value" : -100,"quality" : "G"},
    {"name" : "[259586]/BATTMON/BATT/DEEPEST_DISCHARGE_PERCENT","value" : -1450,"quality" : "G"},
    {"name" : "[259586]/BATTMON/BATT/HIST_CAPACITY_REMOVED","value" : 0,"quality" : "G"},
    {"name" : "[259586]/BATTMON/BATT/HIST_CAPACITY_RETURNED","value" : 0,"quality" : "G"},
    {"name" : "[259586]/BATTMON/BATT/NUM_CHG_CYCLES","value" : 5,"quality" : "G"},
    {"name" : "[259586]/BATTMON/BATT/NUM_SYNCHRONIZATION","value" : 15,"quality" : "G"},
    {"name" : "[259586]/BATTMON/BATT/NUM_DISCHARGES","value" : 0,"quality" : "G"},
    {"name" : "[259586]/BATTMON/BATT/CFG_NOM_TEMP","value" : 29300,"quality" : "G"},
    {"name" : "[259586]/BATTMON/BATT/CFG_NOM_TEMP_MIN","value" : 27300,"quality" : "G"},
    {"name" : "[259586]/BATTMON/BATT/CFG_NOM_TEMP_MAX","value" : 31300,"quality" : "G"},
    {"name" : "[259586]/BATTMON/BATT/CFG_TEMP_UNIT","value" : 1,"quality" : "G"},
    {"name" : "[259586]/BATTMON/BATT/CFG_CAP_TEMP_COEF","value" : 50,"quality" : "G"},
    {"name" : "[259586]/BATTMON/BATT/CFG_CAP_TEMP_COEF_MIN","value" : 1,"quality" : "G"},
    {"name" : "[259586]/BATTMON/BATT/CFG_CAP_TEMP_COEF_MAX","value" : 100,"quality" : "G"},
    {"name" : "[259586]/BATTMON/BATT/CFG_NOM_DISCHARGE_RATE","value" : 20,"quality" : "G"},
    {"name" : "[259586]/BATTMON/BATT/CFG_NOM_DISCHARGE_RATE_MIN","value" : 1,"quality" : "G"},
    {"name" : "[259586]/BATTMON/BATT/CFG_NOM_DISCHARGE_RATE_MAX","value" : 20,"quality" : "G"},
    {"name" : "[259586]/BATTMON/BATT/CFG_SELF_DISCHARGE_RATE","value" : 0,"quality" : "G"},
    {"name" : "[259586]/BATTMON/BATT/CFG_SELF_DISCHARGE_RATE_MIN","value" : 0,"quality" : "G"},
    {"name" : "[259586]/BATTMON/BATT/CFG_SELF_DISCHARGE_RATE_MAX","value" : 250,"quality" : "G"},
    {"name" : "[259586]/BATTMON/BATT/CFG_SHUNT_AMP_RATING","value" : 50,"quality" : "G"},
    {"name" : "[259586]/BATTMON/BATT/CFG_SHUNT_VOLT_RATING","value" : 0,"quality" : "G"},
    {"name" : "[259586]/BATTMON/BATT/CFG_CHARGE_EFFICIENCY_FACTOR_MODE","value" : 1,"quality" : "G"},
    {"name" : "[259586]/BATTMON/DISPLAY/CFG_BACKLIGHT_DURATION","value" : 4,"quality" : "G"},
    {"name" : "[259586]/BATTMON/BATT/CFG_NOM_V_PRESCALE","value" : 3,"quality" : "G"},
    {"name" : "[259586]/BATTMON/DEV/CFG_SETUP_LOCK","value" : 0,"quality" : "G"},
    {"name" : "[259586]/BATTMON/BATT/CFG_TIME_REMAIN_AVG_FILTER","value" : 1,"quality" : "G"},
    {"name" : "[259586]/BATTMON/BATT/CFG_DEFAULT_TEMP","value" : 29600,"quality" : "G"},
    {"name" : "[259586]/BATTMON/BATT/CFG_DEFAULT_TEMP_MIN","value" : 25300,"quality" : "G"},
    {"name" : "[259586]/BATTMON/BATT/CFG_DEFAULT_TEMP_MAX","value" : 32300,"quality" : "G"},
    {"name" : "[259586]/BATTMON/CHG/CFG_FLOAT_V","value" : 52800,"quality" : "G"},
    {"name" : "[259586]/BATTMON/CHG/CFG_FLOAT_V_MIN","value" : 16000,"quality" : "G"},
    {"name" : "[259586]/BATTMON/CHG/CFG_FLOAT_V_MAX","value" : 64000,"quality" : "G"},
    {"name" : "[259586]/BATTMON/CHG/CFG_FLOAT_I","value" : 20,"quality" : "G"},
    {"name" : "[259586]/BATTMON/CHG/CFG_FLOAT_I_MIN","value" : 5,"quality" : "G"},
    {"name" : "[259586]/BATTMON/CHG/CFG_FLOAT_I_MAX","value" : 100,"quality" : "G"},
    {"name" : "[259586]/BATTMON/CHG/CFG_DISCHARGE_FLOOR","value" : 50,"quality" : "G"},
    {"name" : "[259586]/BATTMON/CHG/CFG_DISCHARGE_FLOOR_MIN","value" : 0,"quality" : "G"},
    {"name" : "[259586]/BATTMON/CHG/CFG_DISCHARGE_FLOOR_MAX","value" : 99,"quality" : "G"},
    {"name" : "[259586]/BATTMON/CHG/CFG_AUTO_SYNC_TIME","value" : 10,"quality" : "G"},
    {"name" : "[259586]/BATTMON/CHG/CFG_AUTO_SYNC_SENSITIVITY","value" : 5,"quality" : "G"},
    {"name" : "[259586]/BATTMON/CHG/CFG_AUTO_SYNC_SENSITIVITY_MIN","value" : 0,"quality" : "G"},
    {"name" : "[259586]/BATTMON/CHG/CFG_AUTO_SYNC_SENSITIVITY_MAX","value" : 10,"quality" : "G"},
    {"name" : "[259586]/BATTMON/BATT/CFG_NOMINAL_V","value" : 2147483647,"quality" : "G"},
    {"name" : "[259586]/BATTMON/BATT/CFG_AMP_HOUR_RATING","value" : 200,"quality" : "G"},
    {"name" : "[259586]/BATTMON/BATT/CFG_AMP_HOUR_RATING_MIN","value" : 20,"quality" : "G"},
    {"name" : "[259586]/BATTMON/BATT/CFG_AMP_HOUR_RATING_MAX","value" : 9990,"quality" : "G"},
    {"name" : "[259586]/BATTMON/BATT/CFG_PEUKERT_EXPONENT","value" : 125,"quality" : "G"},
    {"name" : "[259586]/BATTMON/BATT/CFG_PEUKERT_EXPONENT_MIN","value" : 0,"quality" : "G"},
    {"name" : "[259586]/BATTMON/BATT/CFG_PEUKERT_EXPONENT_MAX","value" : 250,"quality" : "G"},
    {"name" : "[259586]/BATTMON/BATT/CFG_CHARGE_EFFICIENCY_FACTOR","value" : 127,"quality" : "G"},
    {"name" : "[259586]/BATTMON/BATT/CFG_CHARGE_EFFICIENCY_FACTOR_MIN","value" : 50,"quality" : "G"},
    {"name" : "[259586]/BATTMON/BATT/CFG_CHARGE_EFFICIENCY_FACTOR_MAX","value" : 100,"quality" : "G"},
    {"name" : "[259586]/BATTMON/MB/CFG_RS485_ADDR","value" : 0,"quality" : "G"},
    {"name" : "[259586]/BATTMON/MB/CFG_RS485_BAUDRATE","value" : 0,"quality" : "G"},
    {"name" : "[259586]/BATTMON/MB/CFG_RS485_PARITY","value" : 0,"quality" : "G"},
    {"name" : "[259586]/BATTMON/MB/CFG_RS485_STOPBITS","value" : 0,"quality" : "G"},
    {"name" : "[259586]/BATTMON/MB/CFG_BYTE_ORDER","value" : 0,"quality" : "G"},
    {"name" : "[259586]/BATTMON/DEV/CFG_SYNC_EN_DIS","value" : 0,"quality" : "G"},
    {"name" : "[259586]/BATTMON/ASSOC/CFG_DC_INPUT_OUTPUT","value" : 3,"quality" : "G"},
    {"name" : "[259586]/BATTMON/DEV/CFG_PERIODIC_TRANSMIT_EN","value" : 1,"quality" : "G"},
    {"name" : "[259586]/BATTMON/DEV/CFG_IDENTIFY_EN","value" : 0,"quality" : "G"},
    {"name" : "[259586]/BATTMON/BATT/CFG_SOC_THRESHOLD","value" : 95,"quality" : "G"},
    {"name" : "[259586]/BATTMON/CHG/LAST_ABSORPTION_EXIT_TIME","value" : 1513647625,"quality" : "G"}],"count" : 124,"responseTime" : 170}
