{ "values" : [{"name" : "/SCB/NETWORK/FEC0DHCP","value" : 1,"quality" : "G"},
    {"name" : "/SCB/NETWORK/FEC0IPSHOW","value" : "10.167.90.101","quality" : "G"},
    {"name" : "/SCB/NETWORK/FEC0NETMASK","value" : "0","quality" : "G"},
    {"name" : "/SCB/NETWORK/DEFAULTGW","value" : "0","quality" : "G"},
    {"name" : "/SCB/NETWORK/DNSSERVER","value" : "0","quality" : "G"},
    {"name" : "HOSTNAME","value" : "cb-SESA126462","quality" : "G"},
    {"name" : "MAILER/ENABLE","value" : 0,"quality" : "G"},
    {"name" : "MAILER/SERVER_NAME","value" : "","quality" : "G"},
    {"name" : "MAILER/SERVERPORT","value" : 25,"quality" : "G"},
    {"name" : "MAILER/USERID","value" : "","quality" : "G"},
    {"name" : "AUTHMAIL/RECIPIENT","value" : "","quality" : "G"},
    {"name" : "FTPLOG/ENABLE","value" : 0,"quality" : "G"},
    {"name" : "FTPLOG/DEST_ADDR","value" : "","quality" : "G"},
    {"name" : "FTPLOG/USERNAME","value" : "","quality" : "G"},
    {"name" : "FTPLOG/PASSWORD","value" : "","quality" : "G"},
    {"name" : "FTPLOG/DEST_DIR","value" : "","quality" : "G"},
    {"name" : "WEBPORTAL/SYNC_ENABLE","value" : 0,"quality" : "G"},
    {"name" : "WEBPORTAL/SYNC_STRING","value" : "","quality" : "G"},
    {"name" : "WEBPORTAL/ENABLE","value" : 1,"quality" : "G"},
    {"name" : "WEBPORTAL/LAST_TRANSFER_TIME","value" : "","quality" : "G"},
    {"name" : "WEBPORTAL/STATUS","value" : 0,"quality" : "G"},
    {"name" : "WEBPORTAL/UNSENT_PACKET_COUNT","value" : "0","quality" : "G"},
    {"name" : "ADMIN/DISCLCHECK","value" : 1,"quality" : "G"},
    {"name" : "/SCB/IOT/ENABLE","value" : 1,"quality" : "G"},
    {"name" : "/SCB/IOT/ISCONNECTED","value" : 1,"quality" : "G"},
    {"name" : "/SCB/IOT/LAST_TRANSFER_TIME","value" : "2017-12-15T17:14:11-0800","quality" : "G"},
    {"name" : "/SCB/FTP/ENABLE","value" : 0,"quality" : "G"}],"count" : 27,"responseTime" : 271}

