{
   "values":[
      {
         "name":"/SYS/GRID_NET/P",
         "value":-562,
         "quality":"G"
      },
      {
         "name":"/SYS/GRID/V",
         "value":237780,
         "quality":"G"
      },
      {
         "name":"/SYS/GRID_IN/ACTIVE_LIFETIME",
         "value":10291,
         "quality":"G"
      },
      {
         "name":"/SYS/GRID_OUT/ACTIVE_LIFETIME",
         "value":0,
         "quality":"G"
      },
      {
         "name":"/SYS/GEN/P",
         "value":0,
         "quality":"G"
      },
      {
         "name":"/SYS/GEN/ACTIVE_LIFETIME",
         "value":0,
         "quality":"G"
      },
      {
         "name":"/SYS/INV_GRID/P",
         "value":0,
         "quality":"G"
      },
      {
         "name":"/SYS/INVCHG_GRID/P",
         "value":-562,
         "quality":"G"
      },
      {
         "name":"/SYS/INVCHG_BATT/P",
         "value":17,
         "quality":"G"
      },
      {
         "name":"/SYS/INVCHG_LOAD/P",
         "value":457,
         "quality":"G"
      },
      {
         "name":"/SYS/LOAD/P",
         "value":457,
         "quality":"G"
      },
      {
         "name":"/SYS/LOAD/ACTIVE_LIFETIME",
         "value":10292,
         "quality":"G"
      },
      {
         "name":"/SYS/LOAD/P_MIN",
         "value":0,
         "quality":"G"
      },
      {
         "name":"/SYS/MLT_LOAD/P",
         "value":0,
         "quality":"G"
      },
      {
         "name":"/SYS/LSYS/MULTI_CLUSTER_MODE",
         "value":0,
         "quality":"G"
      },
      {
         "name":"/SYS/INV_LOAD/P",
         "value":0,
         "quality":"G"
      },
      {
         "name":"/SYS/BATT/P",
         "value":17,
         "quality":"G"
      },
      {
         "name":"/SYS/BATT1/V",
         "value":53250,
         "quality":"G"
      },
      {
         "name":"/SYS/BATT1/P",
         "value":17,
         "quality":"G"
      },
      {
         "name":"/SYS/BATT1/SOC",
         "value":0,
         "quality":"G"
      },
      {
         "name":"/SYS/BATT2/V",
         "value":0,
         "quality":"G"
      },
      {
         "name":"/SYS/BATT2/P",
         "value":0,
         "quality":"G"
      },
      {
         "name":"/SYS/BATT2/SOC",
         "value":0,
         "quality":"G"
      },
      {
         "name":"/SYS/BATT3/V",
         "value":0,
         "quality":"G"
      },
      {
         "name":"/SYS/BATT3/P",
         "value":0,
         "quality":"G"
      },
      {
         "name":"/SYS/BATT3/SOC",
         "value":0,
         "quality":"G"
      },
      {
         "name":"/SYS/BATT4/V",
         "value":0,
         "quality":"G"
      },
      {
         "name":"/SYS/BATT4/P",
         "value":0,
         "quality":"G"
      },
      {
         "name":"/SYS/BATT4/SOC",
         "value":0,
         "quality":"G"
      },
      {
         "name":"/SYS/BATT5/V",
         "value":0,
         "quality":"G"
      },
      {
         "name":"/SYS/BATT5/P",
         "value":0,
         "quality":"G"
      },
      {
         "name":"/SYS/BATT5/SOC",
         "value":0,
         "quality":"G"
      },
      {
         "name":"/SYS/PV/P",
         "value":0,
         "quality":"G"
      },
      {
         "name":"/SYS/PV/V",
         "value":119530,
         "quality":"G"
      },
      {
         "name":"/SCB/DEVSERVER/COUNTER",
         "value":36,
         "quality":"G"
      }
   ],
   "count":35,
   "OTK":"ad25e097f0f8ce61ff7d5a22ca50df4f",
   "responseTime":88
}
