{ "values" : [{"name" : "[20099]/XW/WRN/LIST","value" : [],"quality" : "G"}, {"name" : "[200031]/AGS/WRN/LIST","value" : [],"quality" : "G"}, {"name" : "[1328371]/MPPT/WRN/LIST","value" : [],"quality" : "G"}, {"name" : "[838217]/HVMPPT/WRN/LIST","value" : [],"quality" : "G"}, {"name" : "[259586]/BATTMON/WRN/LIST","value" : [],"quality" : "G"}, {"name" : "[151639]/SCP2/WRN/LIST","value" : [],"quality" : "G"}, {"name" : "[835209]/GT/WRN/LIST","value" : [],"quality" : "G"}, {"name" : "[131]/XW/WRN/LIST","value" : [],"quality" : "G"}],"count" : 8,"responseTime" : 26}
