{
  "values": [{
    "name": "XBDEVLIST",
    "value": [{
      "xbaddr": 4,
      "identified": "yes",
      "active": "yes",
      "initialized": 1,
      "flt": 0,
      "wrn": 0,
      "family": "XW",
      "uid": 20098,
      "serial number": "000014E04E83",
      "FGA": "865-1010",
      "Model Name": "XW4024",
      "Description": "XW4024-120/240-60",
      "Software Version": 10800,
      "Software Build Number": 3
    }, {
      "xbaddr": 3,
      "identified": "yes",
      "active": "yes",
      "initialized": 1,
      "flt": 1,
      "wrn": 0,
      "family": "XW",
      "uid": 20099,
      "serial number": "000014E04E83",
      "FGA": "865-1010",
      "Model Name": "XW4024",
      "Description": "XW4024-120/240-60",
      "Software Version": 10700,
      "Software Build Number": 3
    }, {
      "xbaddr": 6,
      "identified": "yes",
      "active": "yes",
      "initialized": 1,
      "flt": 0,
      "wrn": 0,
      "family": "AGS",
      "uid": 200031,
      "serial number": "000014830D5F",
      "FGA": "865-1060-01",
      "Model Name": "XW AGS",
      "Description": "AGS",
      "Software Version": 20800,
      "Software Build Number": 3
    }, {
      "xbaddr": 10,
      "identified": "yes",
      "active": "yes",
      "initialized": 1,
      "flt": 0,
      "wrn": 0,
      "family": "MPPT",
      "uid": 1328371,
      "serial number": "0000147444F3",
      "FGA": "865-1030",
      "Model Name": "MPPT60",
      "Description": "XW-MPPT60-150",
      "Software Version": 10600,
      "Software Build Number": 1
    }, {
      "xbaddr": 11,
      "identified": "yes",
      "active": "yes",
      "initialized": 1,
      "flt": 1,
      "wrn": 0,
      "family": "HVMPPT",
      "uid": 838217,
      "serial number": "0000140CCA49",
      "FGA": "865-1032",
      "Model Name": "XW MPPT80",
      "Description": "MPPT80 600",
      "Software Version": 10200,
      "Software Build Number": 3
    }, {
      "xbaddr": 0,
      "identified": "yes",
      "active": "yes",
      "initialized": 1,
      "flt": 0,
      "wrn": 1,
      "family": "BATTMON",
      "uid": 259586,
      "serial number": "B12842498",
      "FGA": "865-1080-01",
      "Model Name": "BattMon",
      "Description": "BATT_MON",
      "Software Version": 10000,
      "Software Build Number": 22
    }, {
      "xbaddr": 1,
      "identified": "yes",
      "active": "yes",
      "initialized": 1,
      "flt": 0,
      "wrn": 0,
      "family": "SCP2",
      "uid": 151639,
      "serial number": "000014825057",
      "FGA": "865-1050-01",
      "Model Name": "XW SCP",
      "Description": "SCP2",
      "Software Version": 20100,
      "Software Build Number": 6
    }, {
      "xbaddr": 9,
      "identified": "yes",
      "active": "yes",
      "initialized": 1,
      "flt": 1,
      "wrn": 0,
      "family": "GT",
      "uid": 835209,
      "serial number": "   CBE89",
      "FGA": "864-0001",
      "Model Name": "GT0.0",
      "Description": "GT2.8AU",
      "Software Version": 10501,
      "Software Build Number": 65535
    }],
    "quality": "G"
  }],
  "count": 1,
  "responseTime": 3
}
