{ "values" : [{"name" : "[20099]/XW/LPHD/CFG_DEVICE_NAME","value" : "0","quality" : "G"}, {"name" : "[20099]/XW/DEV/CFG_MBADDRESS","value" : 0,"quality" : "G"}, {"name" : "[20099]/XW/AC1/GTS","value" : 0,"quality" : "G"}, {"name" : "[20099]/XW/AC1/PF","value" : 0,"quality" : "G"}, {"name" : "[20099]/XW/DEV/CFG_PERIODIC_TRANSMIT_ENABLE","value" : 1,"quality" : "G"}, {"name" : "[20099]/XW/DEV/CFG_IDENTIFY_ENABLE","value" : 0,"quality" : "G"}, {"name" : "[20099]/XW/INV/CFG_ENABLE","value" : 1,"quality" : "G"}, {"name" : "[20099]/XW/AC1/CFG_SELL_ENABLE","value" : 1,"quality" : "G"}, {"name" : "[20099]/XW/AC1/CFG_FORCE_SELL","value" : 0,"quality" : "G"}, {"name" : "[20099]/XW/CHG/CFG_ENABLE","value" : 0,"quality" : "G"}, {"name" : "[20099]/XW/CHG/CFG_FORCE_CHARGE","value" : 0,"quality" : "G"}, {"name" : "[20099]/XW/DEV/CFG_OPMODE","value" : 3,"quality" : "G"}, {"name" : "[20099]/XW/DEV/CFG_RESET","value" : 0,"quality" : "G"}, {"name" : "[20099]/XW/DEV/CFG_CLEAR","value" : 0,"quality" : "G"}, {"name" : "[20099]/XW/INV/CFG_LOAD_SENSE_EN","value" : 0,"quality" : "G"}, {"name" : "[20099]/XW/INV/CFG_MODE","value" : 21,"quality" : "G"}, {"name" : "[20099]/XW/RPO/CFG_ENABLE","value" : 0,"quality" : "G"}, {"name" : "[20099]/XW/INV/CFG_NO_LOAD_DERATING","value" : 0,"quality" : "G"}, {"name" : "[20099]/XW/AC1/CFG_SELL_DLY_40S","value" : 0,"quality" : "G"}, {"name" : "[20099]/XW/INV/CFG_GEN_SUPP_PLUS","value" : 0,"quality" : "G"}, {"name" : "[20099]/XW/INV/CFG_AC_COUPLING","value" : 0,"quality" : "G"}, {"name" : "[20099]/XW/BATT/CFG_ENERGY_BALANCE","value" : 0,"quality" : "G"}, {"name" : "[20099]/XW/INV/CFG_PLS_DELAY","value" : 0,"quality" : "G"}, {"name" : "[20099]/XW/AC1/CFG_REMOTE_SELL","value" : 0,"quality" : "G"}, {"name" : "[20099]/XW/AC1/CFG_EXT_CONTACT","value" : 0,"quality" : "G"}, {"name" : "[20099]/XW/AC1/CFG_TOV_DISCONNECT","value" : 0,"quality" : "G"}, {"name" : "[20099]/XW/CHG/CFG_ALGORITHM","value" : 1,"quality" : "G"}, {"name" : "[20099]/XW/CHG/CFG_I_LIMIT","value" : 10,"quality" : "G"}, {"name" : "[20099]/XW/CHG/CFG_I_LIMIT_MIN","value" : 5,"quality" : "G"}, {"name" : "[20099]/XW/CHG/CFG_I_LIMIT_MAX","value" : 100,"quality" : "G"}, {"name" : "[20099]/XW/CHG/CFG_EQLZ_ONE_TIME_EN","value" : 0,"quality" : "G"}, {"name" : "[20099]/XW/CHG/CFG_TEMP_NO_SENSOR","value" : 1,"quality" : "G"}, {"name" : "[20099]/XW/BATT/CFG_TYPE","value" : 0,"quality" : "G"}, {"name" : "[20099]/XW/BATT/CFG_NOM_V","value" : 24000,"quality" : "G"}, {"name" : "[20099]/XW/BATT/CFG_AMP_HR_RATING","value" : 450,"quality" : "G"}, {"name" : "[20099]/XW/BATT/CFG_AMP_HR_RATING_MIN","value" : 0,"quality" : "G"}, {"name" : "[20099]/XW/BATT/CFG_AMP_HR_RATING_MAX","value" : 10000,"quality" : "G"}, {"name" : "[20099]/XW/BATT/CFG_TEMP_COEFF","value" : 54,"quality" : "G"}, {"name" : "[20099]/XW/BATT/CFG_TEMP_COEFF_MIN","value" : 0,"quality" : "G"}, {"name" : "[20099]/XW/BATT/CFG_TEMP_COEFF_MAX","value" : 90,"quality" : "G"}, {"name" : "[20099]/XW/AC1/CFG_GRID_SUPP_V","value" : 32000,"quality" : "G"}, {"name" : "[20099]/XW/AC1/CFG_GRID_SUPP_V_MIN","value" : 23000,"quality" : "G"}, {"name" : "[20099]/XW/AC1/CFG_GRID_SUPP_V_MAX","value" : 35000,"quality" : "G"}, {"name" : "[20099]/XW/BATT/CFG_RECHARGE_V","value" : 25000,"quality" : "G"}, {"name" : "[20099]/XW/BATT/CFG_RECHARGE_V_MIN","value" : 20000,"quality" : "G"}, {"name" : "[20099]/XW/BATT/CFG_RECHARGE_V_MAX","value" : 27000,"quality" : "G"}, {"name" : "[20099]/XW/BATT/CFG_LOW_BATT_CUT_OUT_V","value" : 24000,"quality" : "G"}, {"name" : "[20099]/XW/BATT/CFG_LOW_BATT_CUT_OUT_V_MIN","value" : 20000,"quality" : "G"}, {"name" : "[20099]/XW/BATT/CFG_LOW_BATT_CUT_OUT_V_MAX","value" : 24000,"quality" : "G"}, {"name" : "[20099]/XW/BATT/CFG_LOW_BATT_CUT_OUT_DELAY","value" : 200,"quality" : "G"}, {"name" : "[20099]/XW/BATT/CFG_LOW_BATT_CUT_OUT_DELAY_MIN","value" : 0,"quality" : "G"}, {"name" : "[20099]/XW/BATT/CFG_LOW_BATT_CUT_OUT_DELAY_MAX","value" : 60000,"quality" : "G"}, {"name" : "[20099]/XW/AUX/CFG_BATT_LOW_TRIG_SET_V","value" : 22000,"quality" : "G"}, {"name" : "[20099]/XW/AUX/CFG_BATT_LOW_TRIG_SET_V_MIN","value" : 10000,"quality" : "G"}, {"name" : "[20099]/XW/AUX/CFG_BATT_LOW_TRIG_SET_V_MAX","value" : 29000,"quality" : "G"}, {"name" : "[20099]/XW/AUX/CFG_BATT_LOW_TRIG_SET_DELAY","value" : 100,"quality" : "G"}, {"name" : "[20099]/XW/AUX/CFG_BATT_LOW_TRIG_SET_DELAY_MIN","value" : 0,"quality" : "G"}, {"name" : "[20099]/XW/AUX/CFG_BATT_LOW_TRIG_SET_DELAY_MAX","value" : 60000,"quality" : "G"}, {"name" : "[20099]/XW/AUX/CFG_BATT_LOW_TRIG_CLEAR_V","value" : 24000,"quality" : "G"}, {"name" : "[20099]/XW/AUX/CFG_BATT_LOW_TRIG_CLEAR_V_MIN","value" : 10000,"quality" : "G"}, {"name" : "[20099]/XW/AUX/CFG_BATT_LOW_TRIG_CLEAR_V_MAX","value" : 29000,"quality" : "G"}, {"name" : "[20099]/XW/AUX/CFG_BATT_LOW_TRIG_CLEAR_DELAY","value" : 100,"quality" : "G"}, {"name" : "[20099]/XW/AUX/CFG_BATT_LOW_TRIG_CLEAR_DELAY_MIN","value" : 0,"quality" : "G"}, {"name" : "[20099]/XW/AUX/CFG_BATT_LOW_TRIG_CLEAR_DELAY_MAX","value" : 60000,"quality" : "G"}, {"name" : "[20099]/XW/BATT/CFG_BATT_CUT_OUT_V_HYST","value" : 5000,"quality" : "G"}, {"name" : "[20099]/XW/BATT/CFG_BATT_CUT_OUT_V_HYST_MIN","value" : 0,"quality" : "G"}, {"name" : "[20099]/XW/BATT/CFG_BATT_CUT_OUT_V_HYST_MAX","value" : 5000,"quality" : "G"}, {"name" : "[20099]/XW/AC_XFER_SW/CFG_AC_PRIORITY","value" : 1,"quality" : "G"}, {"name" : "[20099]/XW/AC_XFER_SW/CFG_AC1_TRANSFER_DELAY","value" : 3600,"quality" : "G"}, {"name" : "[20099]/XW/AC_XFER_SW/CFG_AC2_TRANSFER_DELAY","value" : 0,"quality" : "G"}, {"name" : "[20099]/XW/AC1/CFG_BREAKER_SIZE","value" : 6000,"quality" : "G"}, {"name" : "[20099]/XW/AC1/CFG_BREAKER_SIZE_MIN","value" : 300,"quality" : "G"}, {"name" : "[20099]/XW/AC1/CFG_BREAKER_SIZE_MAX","value" : 6000,"quality" : "G"}, {"name" : "[20099]/XW/AC2/CFG_BREAKER_SIZE","value" : 0,"quality" : "G"}, {"name" : "[20099]/XW/AC2/CFG_BREAKER_SIZE_MIN","value" : 0,"quality" : "G"}, {"name" : "[20099]/XW/AC2/CFG_BREAKER_SIZE_MAX","value" : 0,"quality" : "G"}, {"name" : "[20099]/XW/BATT/CFG_HIGH_BATT_CUT_OUT","value" : 35000,"quality" : "G"}, {"name" : "[20099]/XW/BATT/CFG_HIGH_BATT_CUT_OUT_MIN","value" : 29000,"quality" : "G"}, {"name" : "[20099]/XW/BATT/CFG_HIGH_BATT_CUT_OUT_MAX","value" : 35000,"quality" : "G"}, {"name" : "[20099]/XW/AUX/CFG_BATT_HIGH_TRIG_SET_V","value" : 28000,"quality" : "G"}, {"name" : "[20099]/XW/AUX/CFG_BATT_HIGH_TRIG_SET_V_MIN","value" : 24000,"quality" : "G"}, {"name" : "[20099]/XW/AUX/CFG_BATT_HIGH_TRIG_SET_V_MAX","value" : 32000,"quality" : "G"}, {"name" : "[20099]/XW/AUX/CFG_BATT_HIGH_TRIG_SET_DELAY","value" : 100,"quality" : "G"}, {"name" : "[20099]/XW/AUX/CFG_BATT_HIGH_TRIG_SET_DELAY_MIN","value" : 0,"quality" : "G"}, {"name" : "[20099]/XW/AUX/CFG_BATT_HIGH_TRIG_SET_DELAY_MAX","value" : 60000,"quality" : "G"}, {"name" : "[20099]/XW/AUX/CFG_BATT_HIGH_TRIG_CLEAR_V","value" : 26000,"quality" : "G"}, {"name" : "[20099]/XW/AUX/CFG_BATT_HIGH_TRIG_CLEAR_V_MIN","value" : 24000,"quality" : "G"}, {"name" : "[20099]/XW/AUX/CFG_BATT_HIGH_TRIG_CLEAR_V_MAX","value" : 32000,"quality" : "G"}, {"name" : "[20099]/XW/AUX/CFG_BATT_HIGH_TRIG_CLEAR_DELAY","value" : 100,"quality" : "G"}, {"name" : "[20099]/XW/AUX/CFG_BATT_HIGH_TRIG_CLEAR_DELAY_MIN","value" : 0,"quality" : "G"}, {"name" : "[20099]/XW/AUX/CFG_BATT_HIGH_TRIG_CLEAR_DELAY_MAX","value" : 60000,"quality" : "G"}, {"name" : "[20099]/XW/INV/CFG_LOAD_SENSE_POWER_THRESHOLD","value" : 50,"quality" : "G"}, {"name" : "[20099]/XW/INV/CFG_LOAD_SENSE_POWER_THRESHOLD_MIN","value" : 25,"quality" : "G"}, {"name" : "[20099]/XW/INV/CFG_LOAD_SENSE_POWER_THRESHOLD_MAX","value" : 255,"quality" : "G"}, {"name" : "[20099]/XW/INV/CFG_LOAD_SENSE_INTERVAL","value" : 200,"quality" : "G"}, {"name" : "[20099]/XW/INV/CFG_LOAD_SENSE_INTERVAL_MIN","value" : 100,"quality" : "G"}, {"name" : "[20099]/XW/INV/CFG_LOAD_SENSE_INTERVAL_MAX","value" : 2500,"quality" : "G"}, {"name" : "[20099]/XW/CHG/CFG_EQLZ_V","value" : 32000,"quality" : "G"}, {"name" : "[20099]/XW/CHG/CFG_EQLZ_V_MIN","value" : 27000,"quality" : "G"}, {"name" : "[20099]/XW/CHG/CFG_EQLZ_V_MAX","value" : 32000,"quality" : "G"}, {"name" : "[20099]/XW/CHG/CFG_EQLZ_SUPP_EN","value" : 1,"quality" : "G"}, {"name" : "[20099]/XW/CHG/CFG_BULK_V","value" : 28800,"quality" : "G"}, {"name" : "[20099]/XW/CHG/CFG_BULK_V_MIN","value" : 20000,"quality" : "G"}, {"name" : "[20099]/XW/CHG/CFG_BULK_V_MAX","value" : 32000,"quality" : "G"}, {"name" : "[20099]/XW/CHG/CFG_MAX_BULK_I","value" : 150000,"quality" : "G"}, {"name" : "[20099]/XW/CHG/CFG_MAX_BULK_I_MIN","value" : 15000,"quality" : "G"}, {"name" : "[20099]/XW/CHG/CFG_MAX_BULK_I_MAX","value" : 150000,"quality" : "G"}, {"name" : "[20099]/XW/CHG/CFG_ABS_V","value" : 28800,"quality" : "G"}, {"name" : "[20099]/XW/CHG/CFG_ABS_V_MIN","value" : 20000,"quality" : "G"}, {"name" : "[20099]/XW/CHG/CFG_ABS_V_MAX","value" : 32000,"quality" : "G"}, {"name" : "[20099]/XW/CHG/CFG_MAX_ABS_I","value" : 150000,"quality" : "G"}, {"name" : "[20099]/XW/CHG/CFG_MAX_ABS_I_MIN","value" : 15000,"quality" : "G"}, {"name" : "[20099]/XW/CHG/CFG_MAX_ABS_I_MAX","value" : 150000,"quality" : "G"}, {"name" : "[20099]/XW/CHG/CFG_ABS_TERM_TIME_CONST_V","value" : 10800,"quality" : "G"}, {"name" : "[20099]/XW/CHG/CFG_ABS_TERM_TIME_CONST_V_MIN","value" : 60,"quality" : "G"}, {"name" : "[20099]/XW/CHG/CFG_ABS_TERM_TIME_CONST_V_MAX","value" : 28800,"quality" : "G"}, {"name" : "[20099]/XW/CHG/CFG_FLOAT_V","value" : 27000,"quality" : "G"}, {"name" : "[20099]/XW/CHG/CFG_FLOAT_V_MIN","value" : 20000,"quality" : "G"}, {"name" : "[20099]/XW/CHG/CFG_FLOAT_V_MAX","value" : 32000,"quality" : "G"}, {"name" : "[20099]/XW/CHG/CFG_MAX_FLOAT_I","value" : 150000,"quality" : "G"}, {"name" : "[20099]/XW/CHG/CFG_MAX_FLOAT_I_MIN","value" : 1000,"quality" : "G"}, {"name" : "[20099]/XW/CHG/CFG_MAX_FLOAT_I_MAX","value" : 150000,"quality" : "G"}, {"name" : "[20099]/XW/AC1/CFG_LOW_V","value" : 106000,"quality" : "G"}, {"name" : "[20099]/XW/AC1/CFG_LOW_V_MIN","value" : 78000,"quality" : "G"}, {"name" : "[20099]/XW/AC1/CFG_LOW_V_MAX","value" : 115000,"quality" : "G"}, {"name" : "[20099]/XW/AC2/CFG_LOW_V","value" : 80000,"quality" : "G"}, {"name" : "[20099]/XW/AC2/CFG_LOW_V_MIN","value" : 78000,"quality" : "G"}, {"name" : "[20099]/XW/AC2/CFG_LOW_V_MAX","value" : 115000,"quality" : "G"}, {"name" : "[20099]/XW/AC1/CFG_HIGH_V","value" : 132000,"quality" : "G"}, {"name" : "[20099]/XW/AC1/CFG_HIGH_V_MIN","value" : 125000,"quality" : "G"}, {"name" : "[20099]/XW/AC1/CFG_HIGH_V_MAX","value" : 140000,"quality" : "G"}, {"name" : "[20099]/XW/AC2/CFG_HIGH_V","value" : 138000,"quality" : "G"}, {"name" : "[20099]/XW/AC2/CFG_HIGH_V_MIN","value" : 125000,"quality" : "G"}, {"name" : "[20099]/XW/AC2/CFG_HIGH_V_MAX","value" : 140000,"quality" : "G"}, {"name" : "[20099]/XW/CHG/CFG_BLOCK_START","value" : 0,"quality" : "G"}, {"name" : "[20099]/XW/CHG/CFG_BLOCK_END","value" : 0,"quality" : "G"}, {"name" : "[20099]/XW/LOAD/CFG_LOAD_SHAVE_END","value" : 0,"quality" : "G"}, {"name" : "[20099]/XW/LOAD/CFG_LOAD_SHAVE_START","value" : 0,"quality" : "G"}, {"name" : "[20099]/XW/AC1/CFG_SELL_BLOCK_START","value" : 0,"quality" : "G"}, {"name" : "[20099]/XW/AC1/CFG_SELL_BLOCK_END","value" : 0,"quality" : "G"}, {"name" : "[20099]/XW/AUX/CFG_TRIGGER_START","value" : 0,"quality" : "G"}, {"name" : "[20099]/XW/AUX/CFG_TRIGGER_END","value" : 0,"quality" : "G"}, {"name" : "[20099]/XW/AC1/CFG_LOW_F","value" : 5500,"quality" : "G"}, {"name" : "[20099]/XW/AC1/CFG_LOW_F_MIN","value" : 4400,"quality" : "G"}, {"name" : "[20099]/XW/AC1/CFG_LOW_F_MAX","value" : 5900,"quality" : "G"}, {"name" : "[20099]/XW/AC2/CFG_LOW_F","value" : 5500,"quality" : "G"}, {"name" : "[20099]/XW/AC2/CFG_LOW_F_MIN","value" : 4400,"quality" : "G"}, {"name" : "[20099]/XW/AC2/CFG_LOW_F_MAX","value" : 5900,"quality" : "G"}, {"name" : "[20099]/XW/AC1/CFG_HIGH_F","value" : 6500,"quality" : "G"}, {"name" : "[20099]/XW/AC1/CFG_HIGH_F_MIN","value" : 6100,"quality" : "G"}, {"name" : "[20099]/XW/AC1/CFG_HIGH_F_MAX","value" : 7000,"quality" : "G"}, {"name" : "[20099]/XW/AC2/CFG_HIGH_F","value" : 6500,"quality" : "G"}, {"name" : "[20099]/XW/AC2/CFG_HIGH_F_MIN","value" : 6100,"quality" : "G"}, {"name" : "[20099]/XW/AC2/CFG_HIGH_F_MAX","value" : 7000,"quality" : "G"}, {"name" : "[20099]/XW/AC1/CFG_LOAD_SHAVE_EN","value" : 0,"quality" : "G"}, {"name" : "[20099]/XW/AC1/CFG_GRID_TIE_EN","value" : 1,"quality" : "G"}, {"name" : "[20099]/XW/AC1/CFG_MAX_SELL_SCALE_PERCENT","value" : 100,"quality" : "G"}, {"name" : "[20099]/XW/AC1/CFG_MAX_SELL_I","value" : 1500,"quality" : "G"}, {"name" : "[20099]/XW/AC1/CFG_MAX_SELL_I_MIN","value" : 0,"quality" : "G"}, {"name" : "[20099]/XW/AC1/CFG_MAX_SELL_I_MAX","value" : 18000,"quality" : "G"}, {"name" : "[20099]/XW/AC1/CFG_PEAK_LOAD_SHAVING_I","value" : 48000,"quality" : "G"}, {"name" : "[20099]/XW/AC1/CFG_PEAK_LOAD_SHAVING_I_MIN","value" : 0,"quality" : "G"}, {"name" : "[20099]/XW/AC1/CFG_PEAK_LOAD_SHAVING_I_MAX","value" : 48000,"quality" : "G"}, {"name" : "[20099]/XW/AC2/CFG_GEN_SUPPORT_ENABLE","value" : 0,"quality" : "G"}, {"name" : "[20099]/XW/AC2/CFG_GEN_SUPPORT_I","value" : 48000,"quality" : "G"}, {"name" : "[20099]/XW/AC2/CFG_GEN_SUPPORT_I_MIN","value" : 0,"quality" : "G"}, {"name" : "[20099]/XW/AC2/CFG_GEN_SUPPORT_I_MAX","value" : 48000,"quality" : "G"}, {"name" : "[20099]/XW/AUX/CFG_MODE","value" : 0,"quality" : "G"}, {"name" : "[20099]/XW/AUX/CFG_ACTIVE_LEVEL","value" : 1,"quality" : "G"}, {"name" : "[20099]/XW/AUX/CFG_TRIGGER_SOURCE","value" : 0,"quality" : "G"}, {"name" : "[20099]/XW/AUX/CFG_TEMP_LOW_TRIG_SET","value" : 273000,"quality" : "G"}, {"name" : "[20099]/XW/AUX/CFG_TEMP_LOW_TRIG_SET_MIN","value" : 243000,"quality" : "G"}, {"name" : "[20099]/XW/AUX/CFG_TEMP_LOW_TRIG_SET_MAX","value" : 283000,"quality" : "G"}, {"name" : "[20099]/XW/AUX/CFG_TEMP_LOW_TRIG_SET_DELAY","value" : 100,"quality" : "G"}, {"name" : "[20099]/XW/AUX/CFG_TEMP_LOW_TRIG_SET_DELAY_MIN","value" : 0,"quality" : "G"}, {"name" : "[20099]/XW/AUX/CFG_TEMP_LOW_TRIG_SET_DELAY_MAX","value" : 60000,"quality" : "G"}, {"name" : "[20099]/XW/AUX/CFG_TEMP_LOW_TRIG_CLEAR","value" : 278000,"quality" : "G"}, {"name" : "[20099]/XW/AUX/CFG_TEMP_LOW_TRIG_CLEAR_MIN","value" : 243000,"quality" : "G"}, {"name" : "[20099]/XW/AUX/CFG_TEMP_LOW_TRIG_CLEAR_MAX","value" : 283000,"quality" : "G"}, {"name" : "[20099]/XW/AUX/CFG_TEMP_LOW_TRIG_CLEAR_DELAY","value" : 100,"quality" : "G"}, {"name" : "[20099]/XW/AUX/CFG_TEMP_LOW_TRIG_CLEAR_DELAY_MIN","value" : 0,"quality" : "G"}, {"name" : "[20099]/XW/AUX/CFG_TEMP_LOW_TRIG_CLEAR_DELAY_MAX","value" : 60000,"quality" : "G"}, {"name" : "[20099]/XW/AUX/CFG_TEMP_HIGH_TRIG_SET","value" : 318000,"quality" : "G"}, {"name" : "[20099]/XW/AUX/CFG_TEMP_HIGH_TRIG_SET_MIN","value" : 303000,"quality" : "G"}, {"name" : "[20099]/XW/AUX/CFG_TEMP_HIGH_TRIG_SET_MAX","value" : 333000,"quality" : "G"}, {"name" : "[20099]/XW/AUX/CFG_TEMP_HIGH_TRIG_SET_DELAY","value" : 100,"quality" : "G"}, {"name" : "[20099]/XW/AUX/CFG_TEMP_HIGH_TRIG_SET_DELAY_MIN","value" : 0,"quality" : "G"}, {"name" : "[20099]/XW/AUX/CFG_TEMP_HIGH_TRIG_SET_DELAY_MAX","value" : 60000,"quality" : "G"}, {"name" : "[20099]/XW/AUX/CFG_TEMP_HIGH_TRIG_CLEAR","value" : 308000,"quality" : "G"}, {"name" : "[20099]/XW/AUX/CFG_TEMP_HIGH_TRIG_CLEAR_MIN","value" : 303000,"quality" : "G"}, {"name" : "[20099]/XW/AUX/CFG_TEMP_HIGH_TRIG_CLEAR_MAX","value" : 333000,"quality" : "G"}, {"name" : "[20099]/XW/AUX/CFG_TEMP_HIGH_TRIG_CLEAR_DELAY","value" : 100,"quality" : "G"}, {"name" : "[20099]/XW/AUX/CFG_TEMP_HIGH_TRIG_CLEAR_DELAY_MIN","value" : 0,"quality" : "G"}, {"name" : "[20099]/XW/AUX/CFG_TEMP_HIGH_TRIG_CLEAR_DELAY_MAX","value" : 60000,"quality" : "G"}, {"name" : "[20099]/XW/ASSOC/CFG_AC_OUTPUT","value" : 51,"quality" : "G"}, {"name" : "[20099]/XW/ASSOC/CFG_AC_INPUT","value" : 19,"quality" : "G"}, {"name" : "[20099]/XW/ASSOC/CFG_AC_INPUT_OUTPUT","value" : 67,"quality" : "G"}, {"name" : "[20099]/XW/ASSOC/CFG_DC_INPUT_OUTPUT","value" : 3,"quality" : "G"}, {"name" : "[20099]/XW/BMS/CFG_MAX_DISCHARGE_I","value" : 0,"quality" : "G"}, {"name" : "[20099]/XW/BMS/CFG_MAX_DISCHARGE_I_MIN","value" : 0,"quality" : "G"}, {"name" : "[20099]/XW/BMS/CFG_MAX_DISCHARGE_I_MAX","value" : 0,"quality" : "G"}, {"name" : "[20099]/XW/BMS/CFG_MAX_DISCHARGE_TIME_INTERVAL","value" : 0,"quality" : "G"}, {"name" : "[20099]/XW/BMS/CFG_MAX_DISCHARGE_TIME_INTERVAL_MIN","value" : 0,"quality" : "G"}, {"name" : "[20099]/XW/BMS/CFG_MAX_DISCHARGE_TIME_INTERVAL_MAX","value" : 0,"quality" : "G"}, {"name" : "[20099]/XW/AC1/CFG_GVS_EN","value" : 0,"quality" : "G"}, {"name" : "[20099]/XW/AC1/CFG_GVS_MAX_Q_CAP","value" : 0,"quality" : "G"}, {"name" : "[20099]/XW/AC1/CFG_GVS_MAX_Q_CAP_MIN","value" : 0,"quality" : "G"}, {"name" : "[20099]/XW/AC1/CFG_GVS_MAX_Q_CAP_MAX","value" : 0,"quality" : "G"}, {"name" : "[20099]/XW/AC1/CFG_GVS_MAX_Q_IND","value" : 0,"quality" : "G"}, {"name" : "[20099]/XW/AC1/CFG_GVS_MAX_Q_IND_MIN","value" : 0,"quality" : "G"}, {"name" : "[20099]/XW/AC1/CFG_GVS_MAX_Q_IND_MAX","value" : 0,"quality" : "G"}, {"name" : "[20099]/XW/AC1/CFG_GVS_MAX_V_GRID","value" : 0,"quality" : "G"}, {"name" : "[20099]/XW/AC1/CFG_GVS_MAX_V_GRID_MIN","value" : 0,"quality" : "G"}, {"name" : "[20099]/XW/AC1/CFG_GVS_MAX_V_GRID_MAX","value" : 0,"quality" : "G"}, {"name" : "[20099]/XW/AC1/CFG_GVS_MIN_V_GRID","value" : 0,"quality" : "G"}, {"name" : "[20099]/XW/AC1/CFG_GVS_MIN_V_GRID_MIN","value" : 0,"quality" : "G"}, {"name" : "[20099]/XW/AC1/CFG_GVS_MIN_V_GRID_MAX","value" : 0,"quality" : "G"}, {"name" : "[20099]/XW/AC1/CFG_GVS_V_SET_HIGH","value" : 0,"quality" : "G"}, {"name" : "[20099]/XW/AC1/CFG_GVS_V_SET_HIGH_MIN","value" : 0,"quality" : "G"}, {"name" : "[20099]/XW/AC1/CFG_GVS_V_SET_HIGH_MAX","value" : 0,"quality" : "G"}, {"name" : "[20099]/XW/AC1/CFG_GVS_V_SET_LOW","value" : 0,"quality" : "G"}, {"name" : "[20099]/XW/AC1/CFG_GVS_V_SET_LOW_MIN","value" : 0,"quality" : "G"}, {"name" : "[20099]/XW/AC1/CFG_GVS_V_SET_LOW_MAX","value" : 0,"quality" : "G"}, {"name" : "[20099]/XW/AC1/CFG_GVS_V_THRESHOLD","value" : 0,"quality" : "G"}, {"name" : "[20099]/XW/AC1/CFG_GVS_V_THRESHOLD_MIN","value" : 0,"quality" : "G"}, {"name" : "[20099]/XW/AC1/CFG_GVS_V_THRESHOLD_MAX","value" : 0,"quality" : "G"}, {"name" : "[20099]/XW/AC1/CFG_GVS_DELAY_TIME","value" : 0,"quality" : "G"}, {"name" : "[20099]/XW/AC1/CFG_GVS_DELAY_TIME_MIN","value" : 0,"quality" : "G"}, {"name" : "[20099]/XW/AC1/CFG_GVS_DELAY_TIME_MAX","value" : 0,"quality" : "G"}, {"name" : "[20099]/XW/AC1/CFG_GFS_EN","value" : 0,"quality" : "G"}, {"name" : "[20099]/XW/AC1/CFG_API_FREQ_START_LEVEL","value" : 0,"quality" : "G"}, {"name" : "[20099]/XW/AC1/CFG_API_FREQ_START_LEVEL_MIN","value" : 0,"quality" : "G"}, {"name" : "[20099]/XW/AC1/CFG_API_FREQ_START_LEVEL_MAX","value" : 0,"quality" : "G"}, {"name" : "[20099]/XW/AC1/CFG_API_FREQ_STOP_LEVEL","value" : 0,"quality" : "G"}, {"name" : "[20099]/XW/AC1/CFG_API_FREQ_STOP_LEVEL_MIN","value" : 0,"quality" : "G"}, {"name" : "[20099]/XW/AC1/CFG_API_FREQ_STOP_LEVEL_MAX","value" : 0,"quality" : "G"}, {"name" : "[20099]/XW/AC1/CFG_API_FREQ_RECOVER_LEVEL","value" : 0,"quality" : "G"}, {"name" : "[20099]/XW/AC1/CFG_API_FREQ_RECOVER_LEVEL_MIN","value" : 0,"quality" : "G"}, {"name" : "[20099]/XW/AC1/CFG_API_FREQ_RECOVER_LEVEL_MAX","value" : 0,"quality" : "G"}, {"name" : "[20099]/XW/AC1/CFG_API_PT_GRADIENT","value" : 0,"quality" : "G"}, {"name" : "[20099]/XW/AC1/CFG_API_PT_GRADIENT_MIN","value" : 0,"quality" : "G"}, {"name" : "[20099]/XW/AC1/CFG_API_PT_GRADIENT_MAX","value" : 0,"quality" : "G"}, {"name" : "[20099]/XW/AC1/CFG_APR_FREQ_START_LEVEL","value" : 0,"quality" : "G"}, {"name" : "[20099]/XW/AC1/CFG_APR_FREQ_START_LEVEL_MIN","value" : 0,"quality" : "G"}, {"name" : "[20099]/XW/AC1/CFG_APR_FREQ_START_LEVEL_MAX","value" : 0,"quality" : "G"}, {"name" : "[20099]/XW/AC1/CFG_APR_FREQ_STOP_LEVEL","value" : 0,"quality" : "G"}, {"name" : "[20099]/XW/AC1/CFG_APR_FREQ_STOP_LEVEL_MIN","value" : 0,"quality" : "G"}, {"name" : "[20099]/XW/AC1/CFG_APR_FREQ_STOP_LEVEL_MAX","value" : 0,"quality" : "G"}, {"name" : "[20099]/XW/AC1/CFG_APR_FREQ_RECOVER_LEVEL","value" : 0,"quality" : "G"}, {"name" : "[20099]/XW/AC1/CFG_APR_FREQ_RECOVER_LEVEL_MIN","value" : 0,"quality" : "G"}, {"name" : "[20099]/XW/AC1/CFG_APR_FREQ_RECOVER_LEVEL_MAX","value" : 0,"quality" : "G"}, {"name" : "[20099]/XW/AC1/CFG_APR_PF_GRADIENT","value" : 0,"quality" : "G"}, {"name" : "[20099]/XW/AC1/CFG_APR_PF_GRADIENT_MIN","value" : 0,"quality" : "G"}, {"name" : "[20099]/XW/AC1/CFG_APR_PF_GRADIENT_MAX","value" : 0,"quality" : "G"}, {"name" : "[20099]/XW/AC1/CFG_APR_PT_GRADIENT","value" : 0,"quality" : "G"}, {"name" : "[20099]/XW/AC1/CFG_APR_PT_GRADIENT_MIN","value" : 0,"quality" : "G"}, {"name" : "[20099]/XW/AC1/CFG_APR_PT_GRADIENT_MAX","value" : 0,"quality" : "G"}, {"name" : "[20099]/XW/AC1/CFG_MAX_SELL","value" : 0,"quality" : "G"}, {"name" : "[20099]/XW/BATT/CFG_SOC_LEVEL_TO_STOP","value" : 0,"quality" : "G"}, {"name" : "[20099]/XW/BATT/CFG_SOC_LEVEL_TO_STOP_MIN","value" : 0,"quality" : "G"}, {"name" : "[20099]/XW/BATT/CFG_SOC_LEVEL_TO_STOP_MAX","value" : 0,"quality" : "G"}, {"name" : "[20099]/XW/BATT/CFG_SOC_STOP_DELAY","value" : 0,"quality" : "G"}, {"name" : "[20099]/XW/BATT/CFG_SOC_STOP_DELAY_MIN","value" : 0,"quality" : "G"}, {"name" : "[20099]/XW/BATT/CFG_SOC_STOP_DELAY_MAX","value" : 0,"quality" : "G"}, {"name" : "[20099]/XW/BATT/CFG_SOC_LEVEL_TO_START","value" : 0,"quality" : "G"}, {"name" : "[20099]/XW/BATT/CFG_SOC_LEVEL_TO_START_MIN","value" : 0,"quality" : "G"}, {"name" : "[20099]/XW/BATT/CFG_SOC_LEVEL_TO_START_MAX","value" : 0,"quality" : "G"}, {"name" : "[20099]/XW/BATT/CFG_SOC_START_DELAY","value" : 0,"quality" : "G"}, {"name" : "[20099]/XW/BATT/CFG_SOC_START_DELAY_MIN","value" : 0,"quality" : "G"}, {"name" : "[20099]/XW/BATT/CFG_SOC_START_DELAY_MAX","value" : 0,"quality" : "G"}, {"name" : "[20099]/XW/AUX/CFG_HS_TEMP_HIGH_TRIG_SET","value" : 0,"quality" : "G"}, {"name" : "[20099]/XW/AUX/CFG_HS_TEMP_HIGH_TRIG_SET_MIN","value" : 0,"quality" : "G"}, {"name" : "[20099]/XW/AUX/CFG_HS_TEMP_HIGH_TRIG_SET_MAX","value" : 0,"quality" : "G"}, {"name" : "[20099]/XW/AUX/CFG_HS_TEMP_HIGH_TRIG_SET_DELAY","value" : 0,"quality" : "G"}, {"name" : "[20099]/XW/AUX/CFG_HS_TEMP_HIGH_TRIG_SET_DELAY_MIN","value" : 0,"quality" : "G"}, {"name" : "[20099]/XW/AUX/CFG_HS_TEMP_HIGH_TRIG_SET_DELAY_MAX","value" : 0,"quality" : "G"}, {"name" : "[20099]/XW/AUX/CFG_HS_TEMP_HIGH_TRIG_CLEAR","value" : 0,"quality" : "G"}, {"name" : "[20099]/XW/AUX/CFG_HS_TEMP_HIGH_TRIG_CLEAR_MIN","value" : 0,"quality" : "G"}, {"name" : "[20099]/XW/AUX/CFG_HS_TEMP_HIGH_TRIG_CLEAR_MAX","value" : 0,"quality" : "G"}, {"name" : "[20099]/XW/AUX/CFG_HS_TEMP_HIGH_TRIG_CLEAR_DELAY","value" : 0,"quality" : "G"}, {"name" : "[20099]/XW/AUX/CFG_HS_TEMP_HIGH_TRIG_CLEAR_DELAY_MIN","value" : 0,"quality" : "G"}, {"name" : "[20099]/XW/AUX/CFG_HS_TEMP_HIGH_TRIG_CLEAR_DELAY_MAX","value" : 0,"quality" : "G"}],"count" : 282,"responseTime" : 32}
