{
  "AGS": {
    "Control": [
      {
        "name": "/AGS/DEV/CFG_OPMODE",
        "regtype": "uint16",
        "access": "rw",
        "type": "Control",
        "shortname": "Operating Mode",
        "inputType": "dropdown",
        "scale": 1.0,
        "offset": 0.0,
        "read": [
          "user01",
          "user02",
          "user03"
        ],
        "write": [
          "user01"
        ],
        "basic": true,
        "enumRef": "AGS.DEV.CFG_OPMODE.ENUM",
        "nameRef": "AGS.DEV.CFG_OPMODE.SHORTNAME",
        "infoRef": "AGS.DEV.CFG_OPMODE.INFO",
        "dataNotAvailable": 65535
      },
      {
        "name": "/AGS/GEN/CFG_MODE",
        "regtype": "uint16",
        "access": "rw",
        "type": "Control",
        "shortname": "Generator Mode",
        "inputType": "dropdown",
        "scale": 1.0,
        "offset": 0.0,
        "read": [
          "user01",
          "user02",
          "user03"
        ],
        "write": [
          "user01"
        ],
        "basic": true,
        "enumRef": "AGS.GEN.CFG_MODE.ENUM",
        "nameRef": "AGS.GEN.CFG_MODE.SHORTNAME",
        "infoRef": "AGS.GEN.CFG_MODE.INFO",
        "dataNotAvailable": 65535
      },
      {
        "name": "/AGS/DEV/CFG_RESET",
        "regtype": "uint16",
        "access": "rw",
        "type": "Control",
        "shortname": "Reset",
        "inputType": "dropdown",
        "scale": 1.0,
        "offset": 0.0,
        "read": [
          "user01",
          "user02",
          "user03"
        ],
        "write": [
          "user01"
        ],
        "enumRef": "AGS.DEV.CFG_RESET.ENUM",
        "nameRef": "AGS.DEV.CFG_RESET.SHORTNAME",
        "infoRef": "AGS.DEV.CFG_RESET.INFO",
        "dataNotAvailable": 65535
      },
      {
        "name": "/AGS/DEV/CFG_CLEAR",
        "regtype": "uint16",
        "access": "rw",
        "type": "Control",
        "shortname": "Clear",
        "inputType": "dropdown",
        "scale": 1.0,
        "offset": 0.0,
        "read": [
          "user01",
          "user02",
          "user03"
        ],
        "write": [
          "user01"
        ],
        "enumRef": "AGS.DEV.CFG_CLEAR.ENUM",
        "nameRef": "AGS.DEV.CFG_CLEAR.SHORTNAME",
        "infoRef": "AGS.DEV.CFG_CLEAR.INFO",
        "dataNotAvailable": 65535
      },
      {
        "name": "/AGS/CFG/REFRESH",
        "regtype": "uint16",
        "access": "rw",
        "type": "Control",
        "shortname": "Refresh Configuration Data",
        "inputType": "dropdown",
        "scale": 1.0,
        "offset": 0.0,
        "read": [
          "user01",
          "user02",
          "user03"
        ],
        "write": [
          "user01"
        ],
        "enumRef": "AGS.CFG.REFRESH.ENUM",
        "nameRef": "AGS.CFG.REFRESH.SHORTNAME",
        "infoRef": "AGS.CFG.REFRESH.INFO",
        "dataNotAvailable": 65535
      }
    ],
    "DEV": [
      {
        "name": "/AGS/DEV/CFG_PERIODIC_TRANSMIT_ENABLE",
        "regtype": "uint16",
        "access": "rw",
        "type": "Config",
        "shortname": "Periodic Transmit Enable",
        "inputType": "switch",
        "scale": 1.0,
        "offset": 0.0,
        "read": [
          "user01",
          "user02",
          "user03"
        ],
        "write": [
          "user01"
        ],
        "enumRef": "AGS.DEV.CFG_PERIODIC_TRANSMIT_ENABLE.ENUM",
        "nameRef": "AGS.DEV.CFG_PERIODIC_TRANSMIT_ENABLE.SHORTNAME",
        "infoRef": "AGS.DEV.CFG_PERIODIC_TRANSMIT_ENABLE.INFO",
        "dataNotAvailable": 65535
      },
      {
        "name": "/AGS/DEV/CFG_IDENTIFY_ENABLE",
        "regtype": "uint16",
        "access": "rw",
        "type": "Config",
        "shortname": "Identify Enable",
        "inputType": "switch",
        "scale": 1.0,
        "offset": 0.0,
        "read": [
          "user01",
          "user02",
          "user03"
        ],
        "write": [
          "user01"
        ],
        "enumRef": "AGS.DEV.CFG_IDENTIFY_ENABLE.ENUM",
        "nameRef": "AGS.DEV.CFG_IDENTIFY_ENABLE.SHORTNAME",
        "infoRef": "AGS.DEV.CFG_IDENTIFY_ENABLE.INFO",
        "dataNotAvailable": 65535
      }
    ],
    "AgsChgTriggers": [
      {
        "name": "/AGS/GEN/CFG_DCV_AUTO_START_ENDIS",
        "regtype": "uint16",
        "access": "rw",
        "type": "Config",
        "shortname": "Generator Auto Start On DC V",
        "inputType": "switch",
        "scale": 1.0,
        "offset": 0.0,
        "read": [
          "user01",
          "user02",
          "user03"
        ],
        "write": [
          "user01"
        ],
        "enumRef": "AGS.GEN.CFG_DCV_AUTO_START_ENDIS.ENUM",
        "nameRef": "AGS.GEN.CFG_DCV_AUTO_START_ENDIS.SHORTNAME",
        "infoRef": "AGS.GEN.CFG_DCV_AUTO_START_ENDIS.INFO",
        "dataNotAvailable": 65535
      },
      {
        "name": "/AGS/GEN/CFG_DCV_AUTO_STOP_ENDIS",
        "regtype": "uint16",
        "access": "rw",
        "type": "Config",
        "shortname": "Generator Auto Stop On DC V",
        "inputType": "switch",
        "scale": 1.0,
        "offset": 0.0,
        "read": [
          "user01",
          "user02",
          "user03"
        ],
        "write": [
          "user01"
        ],
        "enumRef": "AGS.GEN.CFG_DCV_AUTO_STOP_ENDIS.ENUM",
        "nameRef": "AGS.GEN.CFG_DCV_AUTO_STOP_ENDIS.SHORTNAME",
        "infoRef": "AGS.GEN.CFG_DCV_AUTO_STOP_ENDIS.INFO",
        "dataNotAvailable": 65535
      },
      {
        "name": "/AGS/GEN/CFG_SOC_AUTO_START_ENDIS",
        "regtype": "uint16",
        "access": "rw",
        "type": "Config",
        "shortname": "Generator Auto Start On Battery SOC",
        "inputType": "switch",
        "scale": 1.0,
        "offset": 0.0,
        "read": [
          "user01",
          "user02",
          "user03"
        ],
        "write": [
          "user01"
        ],
        "enumRef": "AGS.GEN.CFG_SOC_AUTO_START_ENDIS.ENUM",
        "nameRef": "AGS.GEN.CFG_SOC_AUTO_START_ENDIS.SHORTNAME",
        "infoRef": "AGS.GEN.CFG_SOC_AUTO_START_ENDIS.INFO",
        "dataNotAvailable": 65535
      },
      {
        "name": "/AGS/GEN/CFG_SOC_AUTO_STOP_ENDIS",
        "regtype": "uint16",
        "access": "rw",
        "type": "Config",
        "shortname": "Generator Auto Stop On Battery SOC",
        "inputType": "switch",
        "scale": 1.0,
        "offset": 0.0,
        "read": [
          "user01",
          "user02",
          "user03"
        ],
        "write": [
          "user01"
        ],
        "enumRef": "AGS.GEN.CFG_SOC_AUTO_STOP_ENDIS.ENUM",
        "nameRef": "AGS.GEN.CFG_SOC_AUTO_STOP_ENDIS.SHORTNAME",
        "infoRef": "AGS.GEN.CFG_SOC_AUTO_STOP_ENDIS.INFO",
        "dataNotAvailable": 65535
      },
      {
        "name": "/AGS/GEN/CFG_ACI_AUTO_START_ENDIS",
        "regtype": "uint16",
        "access": "rw",
        "type": "Config",
        "shortname": "Inverter Load Start/Stop Triggers",
        "inputType": "switch",
        "scale": 1.0,
        "offset": 0.0,
        "read": [
          "user01",
          "user02",
          "user03"
        ],
        "write": [
          "user01"
        ],
        "enumRef": "AGS.GEN.CFG_ACI_AUTO_START_ENDIS.ENUM",
        "nameRef": "AGS.GEN.CFG_ACI_AUTO_START_ENDIS.SHORTNAME",
        "infoRef": "AGS.GEN.CFG_ACI_AUTO_START_ENDIS.INFO",
        "dataNotAvailable": 65535
      },
      {
        "name": "/AGS/GEN/CFG_ACI_AUTO_STOP_ENDIS",
        "regtype": "uint16",
        "access": "rw",
        "type": "Config",
        "shortname": "Generator Auto Stop On AC I",
        "inputType": "switch",
        "scale": 1.0,
        "offset": 0.0,
        "read": [
          "user01",
          "user02",
          "user03"
        ],
        "write": [
          "user01"
        ],
        "enumRef": "AGS.GEN.CFG_ACI_AUTO_STOP_ENDIS.ENUM",
        "nameRef": "AGS.GEN.CFG_ACI_AUTO_STOP_ENDIS.SHORTNAME",
        "infoRef": "AGS.GEN.CFG_ACI_AUTO_STOP_ENDIS.INFO",
        "dataNotAvailable": 65535
      },
      {
        "name": "/AGS/GEN/CFG_BATT_ABS_STOP_ENDIS",
        "regtype": "uint16",
        "access": "rw",
        "type": "Config",
        "shortname": "Generator Stop At Absorption Stage",
        "inputType": "switch",
        "scale": 1.0,
        "offset": 0.0,
        "read": [
          "user01",
          "user02",
          "user03"
        ],
        "write": [
          "user01"
        ],
        "enumRef": "AGS.GEN.CFG_BATT_ABS_STOP_ENDIS.ENUM",
        "nameRef": "AGS.GEN.CFG_BATT_ABS_STOP_ENDIS.SHORTNAME",
        "infoRef": "AGS.GEN.CFG_BATT_ABS_STOP_ENDIS.INFO",
        "dataNotAvailable": 65535
      },
      {
        "name": "/AGS/GEN/CFG_BATT_FLOAT_STOP_ENDIS",
        "regtype": "uint16",
        "access": "rw",
        "type": "Config",
        "shortname": "Generator Stop At Float Stage",
        "inputType": "switch",
        "scale": 1.0,
        "offset": 0.0,
        "read": [
          "user01",
          "user02",
          "user03"
        ],
        "write": [
          "user01"
        ],
        "enumRef": "AGS.GEN.CFG_BATT_FLOAT_STOP_ENDIS.ENUM",
        "nameRef": "AGS.GEN.CFG_BATT_FLOAT_STOP_ENDIS.SHORTNAME",
        "infoRef": "AGS.GEN.CFG_BATT_FLOAT_STOP_ENDIS.INFO",
        "dataNotAvailable": 65535
      },
      {
        "name": "/AGS/GEN/CFG_TEMP1_TRIG_EN",
        "regtype": "uint16",
        "access": "rw",
        "type": "Config",
        "shortname": "Thermostat 1 Start/Stop",
        "inputType": "switch",
        "scale": 1.0,
        "offset": 0.0,
        "read": [
          "user01",
          "user02",
          "user03"
        ],
        "write": [
          "user01"
        ],
        "enumRef": "AGS.GEN.CFG_TEMP1_TRIG_EN.ENUM",
        "nameRef": "AGS.GEN.CFG_TEMP1_TRIG_EN.SHORTNAME",
        "infoRef": "AGS.GEN.CFG_TEMP1_TRIG_EN.INFO",
        "dataNotAvailable": 65535
      },
      {
        "name": "/AGS/GEN/CFG_TEMP2_TRIG_EN",
        "regtype": "uint16",
        "access": "rw",
        "type": "Config",
        "shortname": "Thermostat 2 Start/Stop",
        "inputType": "switch",
        "scale": 1.0,
        "offset": 0.0,
        "read": [
          "user01",
          "user02",
          "user03"
        ],
        "write": [
          "user01"
        ],
        "enumRef": "AGS.GEN.CFG_TEMP2_TRIG_EN.ENUM",
        "nameRef": "AGS.GEN.CFG_TEMP2_TRIG_EN.SHORTNAME",
        "infoRef": "AGS.GEN.CFG_TEMP2_TRIG_EN.INFO",
        "dataNotAvailable": 65535
      },
      {
        "name": "/AGS/GEN/CFG_AC_I_LVL_STOP",
        "regtype": "uint32",
        "access": "rw",
        "type": "Config",
        "shortname": "AC Current Level to Stop",
        "inputType": "slider",
        "scale": 0.001,
        "offset": 0.0,
        "units": "A",
        "read": [
          "user01",
          "user02",
          "user03"
        ],
        "write": [
          "user01"
        ],
        "sliderStep": 0.001,
        "min": "/AGS/GEN/CFG_AC_I_LVL_STOP_MIN",
        "max": "/AGS/GEN/CFG_AC_I_LVL_STOP_MAX",
        "nameRef": "AGS.GEN.CFG_AC_I_LVL_STOP.SHORTNAME",
        "infoRef": "AGS.GEN.CFG_AC_I_LVL_STOP.INFO",
        "dataNotAvailable": 4294967295
      },
      {
        "name": "/AGS/GEN/CFG_AC_TIME_INTERVAL_STOP",
        "regtype": "uint16",
        "access": "rw",
        "type": "Config",
        "shortname": "AC Current Trigger Stop Delay",
        "inputType": "textbox",
        "scale": 0.1,
        "offset": 0.0,
        "units": "min",
        "read": [
          "user01",
          "user02",
          "user03"
        ],
        "write": [
          "user01"
        ],
        "nameRef": "AGS.GEN.CFG_AC_TIME_INTERVAL_STOP.SHORTNAME",
        "infoRef": "AGS.GEN.CFG_AC_TIME_INTERVAL_STOP.INFO",
        "dataNotAvailable": 65535
      },
      {
        "name": "/AGS/GEN/CFG_AC_I_LVL_START",
        "regtype": "uint32",
        "access": "rw",
        "type": "Config",
        "shortname": "AC Current Level to Start",
        "inputType": "slider",
        "scale": 0.001,
        "offset": 0.0,
        "units": "A",
        "read": [
          "user01",
          "user02",
          "user03"
        ],
        "write": [
          "user01"
        ],
        "sliderStep": 0.001,
        "min": "/AGS/GEN/CFG_AC_I_LVL_START_MIN",
        "max": "/AGS/GEN/CFG_AC_I_LVL_START_MAX",
        "nameRef": "AGS.GEN.CFG_AC_I_LVL_START.SHORTNAME",
        "infoRef": "AGS.GEN.CFG_AC_I_LVL_START.INFO",
        "dataNotAvailable": 4294967295
      },
      {
        "name": "/AGS/GEN/CFG_AC_TIME_INTERVAL_START",
        "regtype": "uint16",
        "access": "rw",
        "type": "Config",
        "shortname": "AC Current Trigger Start Delay",
        "inputType": "textbox",
        "scale": 0.1,
        "offset": 0.0,
        "units": "min",
        "read": [
          "user01",
          "user02",
          "user03"
        ],
        "write": [
          "user01"
        ],
        "nameRef": "AGS.GEN.CFG_AC_TIME_INTERVAL_START.SHORTNAME",
        "infoRef": "AGS.GEN.CFG_AC_TIME_INTERVAL_START.INFO",
        "dataNotAvailable": 65535
      },
      {
        "name": "/AGS/GEN/CFG_START_DCV_30SEC",
        "regtype": "sint32",
        "access": "rw",
        "type": "Config",
        "shortname": "Starting Battery Voltage (30 Seconds)",
        "inputType": "sliderdisable",
        "scale": 0.001,
        "offset": 0.0,
        "units": "V",
        "read": [
          "user01",
          "user02",
          "user03"
        ],
        "write": [
          "user01"
        ],
        "sliderStep": 0.001,
        "min": "/AGS/GEN/CFG_START_DCV_30SEC_MIN",
        "max": "/AGS/GEN/CFG_START_DCV_30SEC_MAX",
        "nameRef": "AGS.GEN.CFG_START_DCV_30SEC.SHORTNAME",
        "infoRef": "AGS.GEN.CFG_START_DCV_30SEC.INFO",
        "dataNotAvailable": 2147483647
      },
      {
        "name": "/AGS/GEN/CFG_START_DCV_15MIN",
        "regtype": "sint32",
        "access": "rw",
        "type": "Config",
        "shortname": "Starting Battery Voltage (15 Minutes)",
        "inputType": "sliderdisable",
        "scale": 0.001,
        "offset": 0.0,
        "units": "V",
        "read": [
          "user01",
          "user02",
          "user03"
        ],
        "write": [
          "user01"
        ],
        "sliderStep": 0.001,
        "min": "/AGS/GEN/CFG_START_DCV_15MIN_MIN",
        "max": "/AGS/GEN/CFG_START_DCV_15MIN_MAX",
        "nameRef": "AGS.GEN.CFG_START_DCV_15MIN.SHORTNAME",
        "infoRef": "AGS.GEN.CFG_START_DCV_15MIN.INFO",
        "dataNotAvailable": 2147483647
      },
      {
        "name": "/AGS/GEN/CFG_START_DCV_2HOUR",
        "regtype": "sint32",
        "access": "rw",
        "type": "Config",
        "shortname": "Starting Battery Voltage (2 Hours)",
        "inputType": "sliderdisable",
        "scale": 0.001,
        "offset": 0.0,
        "units": "V",
        "read": [
          "user01",
          "user02",
          "user03"
        ],
        "write": [
          "user01"
        ],
        "sliderStep": 0.001,
        "min": "/AGS/GEN/CFG_START_DCV_2HOUR_MIN",
        "max": "/AGS/GEN/CFG_START_DCV_2HOUR_MAX",
        "nameRef": "AGS.GEN.CFG_START_DCV_2HOUR.SHORTNAME",
        "infoRef": "AGS.GEN.CFG_START_DCV_2HOUR.INFO",
        "dataNotAvailable": 2147483647
      },
      {
        "name": "/AGS/GEN/CFG_START_DCV_24HOUR",
        "regtype": "sint32",
        "access": "rw",
        "type": "Config",
        "shortname": "Starting Battery Voltage (24 Hours)",
        "inputType": "sliderdisable",
        "scale": 0.001,
        "offset": 0.0,
        "units": "V",
        "read": [
          "user01",
          "user02",
          "user03"
        ],
        "write": [
          "user01"
        ],
        "sliderStep": 0.001,
        "min": "/AGS/GEN/CFG_START_DCV_24HOUR_MIN",
        "max": "/AGS/GEN/CFG_START_DCV_24HOUR_MAX",
        "nameRef": "AGS.GEN.CFG_START_DCV_24HOUR.SHORTNAME",
        "infoRef": "AGS.GEN.CFG_START_DCV_24HOUR.INFO",
        "dataNotAvailable": 2147483647
      },
      {
        "name": "/AGS/GEN/CFG_STOP_DCV",
        "regtype": "sint32",
        "access": "rw",
        "type": "Config",
        "shortname": "Stop Voltage",
        "inputType": "sliderdisable",
        "scale": 0.001,
        "offset": 0.0,
        "units": "V",
        "read": [
          "user01",
          "user02",
          "user03"
        ],
        "write": [
          "user01"
        ],
        "sliderStep": 0.001,
        "min": "/AGS/GEN/CFG_STOP_DCV_MIN",
        "max": "/AGS/GEN/CFG_STOP_DCV_MAX",
        "nameRef": "AGS.GEN.CFG_STOP_DCV.SHORTNAME",
        "infoRef": "AGS.GEN.CFG_STOP_DCV.INFO",
        "dataNotAvailable": 2147483647
      },
      {
        "name": "/AGS/GEN/CFG_SOC_LVL_STOP",
        "regtype": "uint16",
        "access": "rw",
        "type": "Config",
        "shortname": "State of Charge Level to Stop Generator",
        "inputType": "slider",
        "scale": 1.0,
        "offset": 0.0,
        "units": "%",
        "read": [
          "user01",
          "user02",
          "user03"
        ],
        "write": [
          "user01"
        ],
        "sliderStep": 1.0,
        "min": "/AGS/GEN/CFG_SOC_LVL_STOP_MIN",
        "max": "/AGS/GEN/CFG_SOC_LVL_STOP_MAX",
        "nameRef": "AGS.GEN.CFG_SOC_LVL_STOP.SHORTNAME",
        "infoRef": "AGS.GEN.CFG_SOC_LVL_STOP.INFO",
        "dataNotAvailable": 65535
      },
      {
        "name": "/AGS/GEN/CFG_SOC_LVL_START",
        "regtype": "uint16",
        "access": "rw",
        "type": "Config",
        "shortname": "State of Charge Level to Start Generator",
        "inputType": "slider",
        "scale": 1.0,
        "offset": 0.0,
        "units": "%",
        "read": [
          "user01",
          "user02",
          "user03"
        ],
        "write": [
          "user01"
        ],
        "sliderStep": 1.0,
        "min": "/AGS/GEN/CFG_SOC_LVL_START_MIN",
        "max": "/AGS/GEN/CFG_SOC_LVL_START_MAX",
        "nameRef": "AGS.GEN.CFG_SOC_LVL_START.SHORTNAME",
        "infoRef": "AGS.GEN.CFG_SOC_LVL_START.INFO",
        "dataNotAvailable": 65535
      }
    ],
    "ASSOC": [
      {
        "name": "/AGS/ASSOC/CFG_AC_OUTPUT",
        "regtype": "uint16",
        "access": "rw",
        "type": "Config",
        "shortname": "Generator Association",
        "inputType": "dropdown",
        "scale": 1.0,
        "offset": 0.0,
        "safeMode": true,
        "read": [
          "user01",
          "user02",
          "user03"
        ],
        "write": [
          "user01"
        ],
        "enumRef": "AGS.ASSOC.CFG_AC_OUTPUT.ENUM",
        "nameRef": "AGS.ASSOC.CFG_AC_OUTPUT.SHORTNAME",
        "infoRef": "AGS.ASSOC.CFG_AC_OUTPUT.INFO",
        "dataNotAvailable": 65535
      },
      {
        "name": "/AGS/ASSOC/CFG_AC_INPUT_0",
        "regtype": "uint16",
        "access": "rw",
        "type": "Config",
        "shortname": "AC Output Association",
        "inputType": "dropdown",
        "scale": 1.0,
        "offset": 0.0,
        "safeMode": true,
        "read": [
          "user01",
          "user02",
          "user03"
        ],
        "write": [
          "user01"
        ],
        "enumRef": "AGS.ASSOC.CFG_AC_INPUT_0.ENUM",
        "nameRef": "AGS.ASSOC.CFG_AC_INPUT_0.SHORTNAME",
        "infoRef": "AGS.ASSOC.CFG_AC_INPUT_0.INFO",
        "dataNotAvailable": 65535
      },
      {
        "name": "/AGS/ASSOC/CFG_AC_INPUT_1",
        "regtype": "uint16",
        "access": "rw",
        "type": "Config",
        "shortname": "AC Input Association",
        "inputType": "dropdown",
        "scale": 1.0,
        "offset": 0.0,
        "safeMode": true,
        "read": [
          "user01",
          "user02",
          "user03"
        ],
        "write": [
          "user01"
        ],
        "enumRef": "AGS.ASSOC.CFG_AC_INPUT_1.ENUM",
        "nameRef": "AGS.ASSOC.CFG_AC_INPUT_1.SHORTNAME",
        "infoRef": "AGS.ASSOC.CFG_AC_INPUT_1.INFO",
        "dataNotAvailable": 65535
      },
      {
        "name": "/AGS/ASSOC/CFG_DC_INPUT",
        "regtype": "uint16",
        "access": "rw",
        "type": "Config",
        "shortname": "DC Input Association",
        "inputType": "dropdown",
        "scale": 1.0,
        "offset": 0.0,
        "safeMode": true,
        "read": [
          "user01",
          "user02",
          "user03"
        ],
        "write": [
          "user01"
        ],
        "enumRef": "AGS.ASSOC.CFG_DC_INPUT.ENUM",
        "nameRef": "AGS.ASSOC.CFG_DC_INPUT.SHORTNAME",
        "infoRef": "AGS.ASSOC.CFG_DC_INPUT.INFO",
        "dataNotAvailable": 65535
      }
    ],
    "AgsCfgGen": [
      {
        "name": "/AGS/GEN/CFG_PREHEAT_TIME",
        "regtype": "uint16",
        "access": "rw",
        "type": "Config",
        "shortname": "Generator Preheat Time",
        "inputType": "slider",
        "scale": 1.0,
        "offset": 0.0,
        "units": "s ",
        "read": [
          "user01",
          "user02",
          "user03"
        ],
        "write": [
          "user01"
        ],
        "sliderStep": 1.0,
        "min": "/AGS/GEN/CFG_PREHEAT_TIME_MIN",
        "max": "/AGS/GEN/CFG_PREHEAT_TIME_MAX",
        "nameRef": "AGS.GEN.CFG_PREHEAT_TIME.SHORTNAME",
        "infoRef": "AGS.GEN.CFG_PREHEAT_TIME.INFO",
        "dataNotAvailable": 65535
      },
      {
        "name": "/AGS/GEN/CFG_START_DELAY",
        "regtype": "uint16",
        "access": "rw",
        "type": "Config",
        "shortname": "Generator Crank Start Delay",
        "inputType": "slider",
        "scale": 1.0,
        "offset": 0.0,
        "units": "s ",
        "read": [
          "user01",
          "user02",
          "user03"
        ],
        "write": [
          "user01"
        ],
        "sliderStep": 1.0,
        "min": "/AGS/GEN/CFG_START_DELAY_MIN",
        "max": "/AGS/GEN/CFG_START_DELAY_MAX",
        "nameRef": "AGS.GEN.CFG_START_DELAY.SHORTNAME",
        "infoRef": "AGS.GEN.CFG_START_DELAY.INFO",
        "dataNotAvailable": 65535
      },
      {
        "name": "/AGS/GEN/CFG_CRANK_TIME",
        "regtype": "uint16",
        "access": "rw",
        "type": "Config",
        "shortname": "Generator Crank Time",
        "inputType": "slider",
        "scale": 1.0,
        "offset": 0.0,
        "units": "s ",
        "read": [
          "user01",
          "user02",
          "user03"
        ],
        "write": [
          "user01"
        ],
        "sliderStep": 1.0,
        "min": "/AGS/GEN/CFG_CRANK_TIME_MIN",
        "max": "/AGS/GEN/CFG_CRANK_TIME_MAX",
        "nameRef": "AGS.GEN.CFG_CRANK_TIME.SHORTNAME",
        "infoRef": "AGS.GEN.CFG_CRANK_TIME.INFO",
        "dataNotAvailable": 65535
      },
      {
        "name": "/AGS/GEN/CFG_SHUTDOWN_BYPASS_TIME",
        "regtype": "uint16",
        "access": "rw",
        "type": "Config",
        "shortname": "Shutdown Bypass Time",
        "inputType": "slider",
        "scale": 1.0,
        "offset": 0.0,
        "units": "s ",
        "read": [
          "user01",
          "user02",
          "user03"
        ],
        "write": [
          "user01"
        ],
        "sliderStep": 1.0,
        "min": "/AGS/GEN/CFG_SHUTDOWN_BYPASS_TIME_MIN",
        "max": "/AGS/GEN/CFG_SHUTDOWN_BYPASS_TIME_MAX",
        "nameRef": "AGS.GEN.CFG_SHUTDOWN_BYPASS_TIME.SHORTNAME",
        "infoRef": "AGS.GEN.CFG_SHUTDOWN_BYPASS_TIME.INFO",
        "dataNotAvailable": 65535
      },
      {
        "name": "/AGS/GEN/CFG_STARTER_COOLDOWN_TIME",
        "regtype": "uint16",
        "access": "rw",
        "type": "Config",
        "shortname": "Starter Cool Down Time",
        "inputType": "slider",
        "scale": 1.0,
        "offset": 0.0,
        "units": "s ",
        "read": [
          "user01",
          "user02",
          "user03"
        ],
        "write": [
          "user01"
        ],
        "sliderStep": 1.0,
        "min": "/AGS/GEN/CFG_STARTER_COOLDOWN_TIME_MIN",
        "max": "/AGS/GEN/CFG_STARTER_COOLDOWN_TIME_MAX",
        "nameRef": "AGS.GEN.CFG_STARTER_COOLDOWN_TIME.SHORTNAME",
        "infoRef": "AGS.GEN.CFG_STARTER_COOLDOWN_TIME.INFO",
        "dataNotAvailable": 65535
      },
      {
        "name": "/AGS/GEN/CFG_CRANK_RETRY_TIME",
        "regtype": "uint16",
        "access": "rw",
        "type": "Config",
        "shortname": "Generator Crank Retry Time",
        "inputType": "slider",
        "scale": 1.0,
        "offset": 0.0,
        "units": "s ",
        "read": [
          "user01",
          "user02",
          "user03"
        ],
        "write": [
          "user01"
        ],
        "sliderStep": 1.0,
        "min": "/AGS/GEN/CFG_CRANK_RETRY_TIME_MIN",
        "max": "/AGS/GEN/CFG_CRANK_RETRY_TIME_MAX",
        "nameRef": "AGS.GEN.CFG_CRANK_RETRY_TIME.SHORTNAME",
        "infoRef": "AGS.GEN.CFG_CRANK_RETRY_TIME.INFO",
        "dataNotAvailable": 65535
      },
      {
        "name": "/AGS/GEN/CFG_WARMUP_TIME",
        "regtype": "uint16",
        "access": "rw",
        "type": "Config",
        "shortname": "Generator Warmup Time",
        "inputType": "sliderdisable",
        "scale": 1.0,
        "offset": 0.0,
        "units": "s ",
        "read": [
          "user01",
          "user02",
          "user03"
        ],
        "write": [
          "user01"
        ],
        "sliderStep": 1.0,
        "min": "/AGS/GEN/CFG_WARMUP_TIME_MIN",
        "max": "/AGS/GEN/CFG_WARMUP_TIME_MAX",
        "nameRef": "AGS.GEN.CFG_WARMUP_TIME.SHORTNAME",
        "infoRef": "AGS.GEN.CFG_WARMUP_TIME.INFO",
        "dataNotAvailable": 65535
      },
      {
        "name": "/AGS/GEN/CFG_MAX_RUNTIME",
        "regtype": "uint16",
        "access": "rw",
        "type": "Config",
        "shortname": "Maximum Generator Run Time",
        "inputType": "slider",
        "scale": 0.016666666666666666,
        "offset": 0.0,
        "units": "hours",
        "read": [
          "user01",
          "user02",
          "user03"
        ],
        "write": [
          "user01"
        ],
        "sliderStep": 0.01,
        "min": "/AGS/GEN/CFG_MAX_RUNTIME_MIN",
        "max": "/AGS/GEN/CFG_MAX_RUNTIME_MAX",
        "nameRef": "AGS.GEN.CFG_MAX_RUNTIME.SHORTNAME",
        "infoRef": "AGS.GEN.CFG_MAX_RUNTIME.INFO",
        "dataNotAvailable": 65535
      },
      {
        "name": "/AGS/GEN/CFG_COOLDOWN_TIME",
        "regtype": "uint16",
        "access": "rw",
        "type": "Config",
        "shortname": "Generator Cool Down Time",
        "inputType": "slider",
        "scale": 1.0,
        "offset": 0.0,
        "units": "s ",
        "read": [
          "user01",
          "user02",
          "user03"
        ],
        "write": [
          "user01"
        ],
        "sliderStep": 1.0,
        "min": "/AGS/GEN/CFG_COOLDOWN_TIME_MIN",
        "max": "/AGS/GEN/CFG_COOLDOWN_TIME_MAX",
        "nameRef": "AGS.GEN.CFG_COOLDOWN_TIME.SHORTNAME",
        "infoRef": "AGS.GEN.CFG_COOLDOWN_TIME.INFO",
        "dataNotAvailable": 65535
      },
      {
        "name": "/AGS/GEN/CFG_SPINDOWN_TIME",
        "regtype": "uint16",
        "access": "rw",
        "type": "Config",
        "shortname": "Generator Spin Down Time",
        "inputType": "slider",
        "scale": 1.0,
        "offset": 0.0,
        "units": "s ",
        "read": [
          "user01",
          "user02",
          "user03"
        ],
        "write": [
          "user01"
        ],
        "sliderStep": 1.0,
        "min": "/AGS/GEN/CFG_SPINDOWN_TIME_MIN",
        "max": "/AGS/GEN/CFG_SPINDOWN_TIME_MAX",
        "nameRef": "AGS.GEN.CFG_SPINDOWN_TIME.SHORTNAME",
        "infoRef": "AGS.GEN.CFG_SPINDOWN_TIME.INFO",
        "dataNotAvailable": 65535
      },
      {
        "name": "/AGS/GEN/CFG_STOP_TIMEOUT",
        "regtype": "uint16",
        "access": "rw",
        "type": "Config",
        "shortname": "Generator Stop Timeout",
        "inputType": "slider",
        "scale": 1.0,
        "offset": 0.0,
        "units": "s ",
        "read": [
          "user01",
          "user02",
          "user03"
        ],
        "write": [
          "user01"
        ],
        "sliderStep": 1.0,
        "min": "/AGS/GEN/CFG_STOP_TIMEOUT_MIN",
        "max": "/AGS/GEN/CFG_STOP_TIMEOUT_MAX",
        "nameRef": "AGS.GEN.CFG_STOP_TIMEOUT.SHORTNAME",
        "infoRef": "AGS.GEN.CFG_STOP_TIMEOUT.INFO",
        "dataNotAvailable": 65535
      },
      {
        "name": "/AGS/GEN/CFG_START_NUM_RETRY",
        "regtype": "uint16",
        "access": "rw",
        "type": "Config",
        "shortname": "Generator Start Tries",
        "inputType": "slider",
        "scale": 1.0,
        "offset": 1.0,
        "read": [
          "user01",
          "user02",
          "user03"
        ],
        "write": [
          "user01"
        ],
        "sliderStep": 1.0,
        "min": "/AGS/GEN/CFG_START_NUM_RETRY_MIN",
        "max": "/AGS/GEN/CFG_START_NUM_RETRY_MAX",
        "nameRef": "AGS.GEN.CFG_START_NUM_RETRY.SHORTNAME",
        "infoRef": "AGS.GEN.CFG_START_NUM_RETRY.INFO",
        "dataNotAvailable": 65535
      },
      {
        "name": "/AGS/GEN/CFG_EXERCISE_PERIOD",
        "regtype": "uint16",
        "access": "rw",
        "type": "Config",
        "shortname": "Generator Exercise Period",
        "inputType": "slider",
        "scale": 1.0,
        "offset": 0.0,
        "units": "days",
        "read": [
          "user01",
          "user02",
          "user03"
        ],
        "write": [
          "user01"
        ],
        "sliderStep": 1.0,
        "min": "/AGS/GEN/CFG_EXERCISE_PERIOD_MIN",
        "max": "/AGS/GEN/CFG_EXERCISE_PERIOD_MAX",
        "nameRef": "AGS.GEN.CFG_EXERCISE_PERIOD.SHORTNAME",
        "infoRef": "AGS.GEN.CFG_EXERCISE_PERIOD.INFO",
        "dataNotAvailable": 65535
      },
      {
        "name": "/AGS/GEN/CFG_EXERCISE_DURATION",
        "regtype": "uint16",
        "access": "rw",
        "type": "Config",
        "shortname": "Generator Exercise Duration",
        "inputType": "slider",
        "scale": 1.0,
        "offset": 0.0,
        "units": "min",
        "read": [
          "user01",
          "user02",
          "user03"
        ],
        "write": [
          "user01"
        ],
        "sliderStep": 1.0,
        "min": "/AGS/GEN/CFG_EXERCISE_DURATION_MIN",
        "max": "/AGS/GEN/CFG_EXERCISE_DURATION_MAX",
        "nameRef": "AGS.GEN.CFG_EXERCISE_DURATION.SHORTNAME",
        "infoRef": "AGS.GEN.CFG_EXERCISE_DURATION.INFO",
        "dataNotAvailable": 65535
      },
      {
        "name": "/AGS/GEN/CFG_EXERCISE_TIME_OF_DAY",
        "regtype": "uint16",
        "access": "rw",
        "type": "Config",
        "shortname": "Generator Exercise Start Time",
        "inputType": "timeofday",
        "scale": 1.0,
        "offset": 0.0,
        "units": "min",
        "read": [
          "user01",
          "user02",
          "user03"
        ],
        "write": [
          "user01"
        ],
        "min": "/AGS/GEN/CFG_EXERCISE_TIME_OF_DAY_MIN",
        "max": "/AGS/GEN/CFG_EXERCISE_TIME_OF_DAY_MAX",
        "nameRef": "AGS.GEN.CFG_EXERCISE_TIME_OF_DAY.SHORTNAME",
        "infoRef": "AGS.GEN.CFG_EXERCISE_TIME_OF_DAY.INFO",
        "dataNotAvailable": 65535
      },
      {
        "name": "/AGS/GEN/CFG_RUN_HOLD_TIME",
        "regtype": "uint16",
        "access": "rw",
        "type": "Config",
        "shortname": "Generator Run Signal Hold Time",
        "inputType": "slider",
        "scale": 0.01,
        "offset": 0.0,
        "units": "s ",
        "read": [
          "user01",
          "user02",
          "user03"
        ],
        "write": [
          "user01"
        ],
        "sliderStep": 0.01,
        "min": "/AGS/GEN/CFG_RUN_HOLD_TIME_MIN",
        "max": "/AGS/GEN/CFG_RUN_HOLD_TIME_MAX",
        "nameRef": "AGS.GEN.CFG_RUN_HOLD_TIME.SHORTNAME",
        "infoRef": "AGS.GEN.CFG_RUN_HOLD_TIME.INFO",
        "dataNotAvailable": 65535
      },
      {
        "name": "/AGS/GEN/CFG_RELAY_FUNC",
        "regtype": "uint16",
        "access": "rw",
        "type": "Config",
        "shortname": "Relay 3 Function",
        "inputType": "dropdown",
        "scale": 1.0,
        "offset": 0.0,
        "read": [
          "user01",
          "user02",
          "user03"
        ],
        "write": [
          "user01"
        ],
        "enumRef": "AGS.GEN.CFG_RELAY_FUNC.ENUM",
        "nameRef": "AGS.GEN.CFG_RELAY_FUNC.SHORTNAME",
        "infoRef": "AGS.GEN.CFG_RELAY_FUNC.INFO",
        "dataNotAvailable": 65535
      }
    ],
    "LPHD": [
      {
        "name": "/AGS/LPHD/CFG_DEVICE_NAME",
        "regtype": "str16",
        "access": "rw",
        "type": "Config",
        "shortname": "Device Name",
        "inputType": "textbox",
        "read": [
          "user01",
          "user02",
          "user03"
        ],
        "write": [
          "user01"
        ],
        "nameRef": "AGS.LPHD.CFG_DEVICE_NAME.SHORTNAME",
        "infoRef": "AGS.LPHD.CFG_DEVICE_NAME.INFO"
      },
      {
        "name": "/AGS/LPHD/CFG_DEVICE_INSTANCE",
        "regtype": "uint16",
        "access": "rw",
        "type": "Config",
        "shortname": "Device Number",
        "inputType": "textbox",
        "scale": 1.0,
        "offset": 0.0,
        "read": [
          "user01",
          "user02",
          "user03"
        ],
        "write": [
          "user01"
        ],
        "nameRef": "AGS.LPHD.CFG_DEVICE_INSTANCE.SHORTNAME",
        "infoRef": "AGS.LPHD.CFG_DEVICE_INSTANCE.INFO",
        "dataNotAvailable": 65535
      },
      {
        "name": "/AGS/LPHD/CFG_SYSTEM_INSTANCE",
        "regtype": "uint16",
        "access": "rw",
        "type": "Config",
        "shortname": "System Instance",
        "inputType": "textbox",
        "scale": 1.0,
        "offset": 0.0,
        "read": [
          "user01",
          "user02",
          "user03"
        ],
        "write": [
          "user01"
        ],
        "nameRef": "AGS.LPHD.CFG_SYSTEM_INSTANCE.SHORTNAME",
        "infoRef": "AGS.LPHD.CFG_SYSTEM_INSTANCE.INFO",
        "dataNotAvailable": 65535
      }
    ],
    "GEN": [
      {
        "name": "/AGS/GEN/CFG_QT_BEGIN",
        "regtype": "uint16",
        "access": "rw",
        "type": "Config",
        "shortname": "Generator Quiet Time Start",
        "inputType": "timeofday",
        "scale": 1.0,
        "offset": 0.0,
        "units": "min",
        "critical": true,
        "read": [
          "user01",
          "user02",
          "user03"
        ],
        "write": [
          "user01"
        ],
        "nameRef": "AGS.GEN.CFG_QT_BEGIN.SHORTNAME",
        "infoRef": "AGS.GEN.CFG_QT_BEGIN.INFO",
        "dataNotAvailable": 65535
      },
      {
        "name": "/AGS/GEN/CFG_QT_END",
        "regtype": "uint16",
        "access": "rw",
        "type": "Config",
        "shortname": "Generator Quiet Time Stop",
        "inputType": "timeofday",
        "scale": 1.0,
        "offset": 0.0,
        "units": "min",
        "critical": true,
        "read": [
          "user01",
          "user02",
          "user03"
        ],
        "write": [
          "user01"
        ],
        "nameRef": "AGS.GEN.CFG_QT_END.SHORTNAME",
        "infoRef": "AGS.GEN.CFG_QT_END.INFO",
        "dataNotAvailable": 65535
      },
      {
        "name": "/AGS/GEN/CFG_QT_ENDIS",
        "regtype": "uint16",
        "access": "rw",
        "type": "Config",
        "shortname": "Generator Quiet Time Enable / Disable",
        "inputType": "switch",
        "scale": 1.0,
        "offset": 0.0,
        "critical": true,
        "read": [
          "user01",
          "user02",
          "user03"
        ],
        "write": [
          "user01"
        ],
        "enumRef": "AGS.GEN.CFG_QT_ENDIS.ENUM",
        "nameRef": "AGS.GEN.CFG_QT_ENDIS.SHORTNAME",
        "infoRef": "AGS.GEN.CFG_QT_ENDIS.INFO",
        "dataNotAvailable": 65535
      },
      {
        "name": "/AGS/GEN/CFG_GEN_NUM_AUTOSTART_CYCLES",
        "regtype": "uint16",
        "access": "rw",
        "type": "Config",
        "shortname": "Maximum Automatic Cycles with No User Intervention",
        "inputType": "textbox",
        "scale": 1.0,
        "offset": 0.0,
        "read": [
          "user01",
          "user02",
          "user03"
        ],
        "write": [
          "user01"
        ],
        "nameRef": "AGS.GEN.CFG_GEN_NUM_AUTOSTART_CYCLES.SHORTNAME",
        "infoRef": "AGS.GEN.CFG_GEN_NUM_AUTOSTART_CYCLES.INFO",
        "dataNotAvailable": 65535
      },
      {
        "name": "/AGS/GEN/CFG_TYPE",
        "regtype": "uint16",
        "access": "rw",
        "type": "Config",
        "shortname": "Generator Type",
        "inputType": "dropdown",
        "scale": 1.0,
        "offset": 0.0,
        "critical": true,
        "read": [
          "user01",
          "user02",
          "user03"
        ],
        "write": [
          "user01"
        ],
        "enumRef": "AGS.GEN.CFG_TYPE.ENUM",
        "nameRef": "AGS.GEN.CFG_TYPE.SHORTNAME",
        "infoRef": "AGS.GEN.CFG_TYPE.INFO",
        "dataNotAvailable": 65535
      }
    ]
  }
}