{
  "BATTMON": {
    "Control": [
      {
        "name": "/BATTMON/CFG/REFRESH",
        "regtype": "uint16",
        "access": "rw",
        "type": "Control",
        "shortname": "Refresh Configuration Data",
        "inputType": "dropdown",
        "scale": 1.0,
        "offset": 0.0,
        "read": [
          "user01",
          "user02",
          "user03"
        ],
        "write": [
          "user01"
        ],
        "enumRef": "BATTMON.CFG.REFRESH.ENUM",
        "nameRef": "BATTMON.CFG.REFRESH.SHORTNAME",
        "infoRef": "BATTMON.CFG.REFRESH.INFO",
        "dataNotAvailable": 65535
      },
      {
        "name": "/BATTMON/DEV/CFG_SYNC_EN_DIS",
        "regtype": "uint16",
        "access": "rw",
        "type": "Control",
        "shortname": "Synchronize Enable/Disable",
        "inputType": "switch",
        "scale": 1.0,
        "offset": 0.0,
        "read": [
          "user01",
          "user02",
          "user03"
        ],
        "write": [
          "user01"
        ],
        "enumRef": "BATTMON.DEV.CFG_SYNC_EN_DIS.ENUM",
        "nameRef": "BATTMON.DEV.CFG_SYNC_EN_DIS.SHORTNAME",
        "infoRef": "BATTMON.DEV.CFG_SYNC_EN_DIS.INFO",
        "dataNotAvailable": 65535
      }
    ],
    "CHG": [
      {
        "name": "/BATTMON/CHG/CFG_FLOAT_V",
        "regtype": "uint16",
        "access": "rw",
        "type": "Config",
        "shortname": "Charger Float Voltage",
        "inputType": "slider",
        "scale": 0.001,
        "offset": 0.0,
        "units": "V",
        "read": [
          "user01",
          "user02",
          "user03"
        ],
        "write": [
          "user01"
        ],
        "basic": true,
        "sliderStep": 0.001,
        "min": "/BATTMON/CHG/CFG_FLOAT_V_MIN",
        "max": "/BATTMON/CHG/CFG_FLOAT_V_MAX",
        "nameRef": "BATTMON.CHG.CFG_FLOAT_V.SHORTNAME",
        "infoRef": "BATTMON.CHG.CFG_FLOAT_V.INFO",
        "dataNotAvailable": 65535
      },
      {
        "name": "/BATTMON/CHG/CFG_FLOAT_I",
        "regtype": "uint16",
        "access": "rw",
        "type": "Config",
        "shortname": "Charger Float Current",
        "inputType": "slider",
        "scale": 0.1,
        "offset": 0.0,
        "units": "%",
        "read": [
          "user01",
          "user02",
          "user03"
        ],
        "write": [
          "user01"
        ],
        "basic": true,
        "sliderStep": 0.1,
        "min": "/BATTMON/CHG/CFG_FLOAT_I_MIN",
        "max": "/BATTMON/CHG/CFG_FLOAT_I_MAX",
        "nameRef": "BATTMON.CHG.CFG_FLOAT_I.SHORTNAME",
        "infoRef": "BATTMON.CHG.CFG_FLOAT_I.INFO",
        "dataNotAvailable": 65535
      },
      {
        "name": "/BATTMON/CHG/CFG_DISCHARGE_FLOOR",
        "regtype": "uint16",
        "access": "rw",
        "type": "Config",
        "shortname": "Discharge Floor",
        "inputType": "slider",
        "scale": 1.0,
        "offset": 0.0,
        "units": "%",
        "read": [
          "user01",
          "user02",
          "user03"
        ],
        "write": [
          "user01"
        ],
        "sliderStep": 1.0,
        "min": "/BATTMON/CHG/CFG_DISCHARGE_FLOOR_MIN",
        "max": "/BATTMON/CHG/CFG_DISCHARGE_FLOOR_MAX",
        "nameRef": "BATTMON.CHG.CFG_DISCHARGE_FLOOR.SHORTNAME",
        "infoRef": "BATTMON.CHG.CFG_DISCHARGE_FLOOR.INFO",
        "dataNotAvailable": 65535
      },
      {
        "name": "/BATTMON/CHG/CFG_AUTO_SYNC_TIME",
        "regtype": "uint16",
        "access": "rw",
        "type": "Config",
        "shortname": "Auto Sync Time",
        "inputType": "dropdown",
        "scale": 1.0,
        "offset": 0.0,
        "units": "s",
        "read": [
          "user01",
          "user02",
          "user03"
        ],
        "write": [
          "user01"
        ],
        "enumRef": "BATTMON.CHG.CFG_AUTO_SYNC_TIME.ENUM",
        "nameRef": "BATTMON.CHG.CFG_AUTO_SYNC_TIME.SHORTNAME",
        "infoRef": "BATTMON.CHG.CFG_AUTO_SYNC_TIME.INFO",
        "dataNotAvailable": 65535
      },
      {
        "name": "/BATTMON/CHG/CFG_AUTO_SYNC_SENSITIVITY",
        "regtype": "uint16",
        "access": "rw",
        "type": "Config",
        "shortname": "Auto Sync Sensitivity",
        "inputType": "slider",
        "scale": 1.0,
        "offset": 0.0,
        "units": "%",
        "read": [
          "user01",
          "user02",
          "user03"
        ],
        "write": [
          "user01"
        ],
        "sliderStep": 1.0,
        "min": "/BATTMON/CHG/CFG_AUTO_SYNC_SENSITIVITY_MIN",
        "max": "/BATTMON/CHG/CFG_AUTO_SYNC_SENSITIVITY_MAX",
        "nameRef": "BATTMON.CHG.CFG_AUTO_SYNC_SENSITIVITY.SHORTNAME",
        "infoRef": "BATTMON.CHG.CFG_AUTO_SYNC_SENSITIVITY.INFO",
        "dataNotAvailable": 65535
      }
    ],
    "DEV": [
      {
        "name": "/BATTMON/DEV/CFG_SETUP_LOCK",
        "regtype": "uint16",
        "access": "rw",
        "type": "Config",
        "shortname": "Setup lock",
        "inputType": "switch",
        "scale": 1.0,
        "offset": 0.0,
        "read": [
          "user01",
          "user02",
          "user03"
        ],
        "write": [
          "user01"
        ],
        "basic": true,
        "enumRef": "BATTMON.DEV.CFG_SETUP_LOCK.ENUM",
        "nameRef": "BATTMON.DEV.CFG_SETUP_LOCK.SHORTNAME",
        "infoRef": "BATTMON.DEV.CFG_SETUP_LOCK.INFO",
        "dataNotAvailable": 65535
      },
      {
        "name": "/BATTMON/DEV/CFG_PERIODIC_TRANSMIT_ENABLE",
        "regtype": "uint16",
        "access": "rw",
        "type": "Config",
        "shortname": "Periodic Transmit Enable",
        "inputType": "switch",
        "scale": 1.0,
        "offset": 0.0,
        "read": [
          "user01",
          "user02",
          "user03"
        ],
        "write": [
          "user01"
        ],
        "enumRef": "BATTMON.DEV.CFG_PERIODIC_TRANSMIT_ENABLE.ENUM",
        "nameRef": "BATTMON.DEV.CFG_PERIODIC_TRANSMIT_ENABLE.SHORTNAME",
        "infoRef": "BATTMON.DEV.CFG_PERIODIC_TRANSMIT_ENABLE.INFO",
        "dataNotAvailable": 65535
      },
      {
        "name": "/BATTMON/DEV/CFG_IDENTIFY_ENABLE",
        "regtype": "uint16",
        "access": "rw",
        "type": "Config",
        "shortname": "Identify Enable",
        "inputType": "switch",
        "scale": 1.0,
        "offset": 0.0,
        "read": [
          "user01",
          "user02",
          "user03"
        ],
        "write": [
          "user01"
        ],
        "enumRef": "BATTMON.DEV.CFG_IDENTIFY_ENABLE.ENUM",
        "nameRef": "BATTMON.DEV.CFG_IDENTIFY_ENABLE.SHORTNAME",
        "infoRef": "BATTMON.DEV.CFG_IDENTIFY_ENABLE.INFO",
        "dataNotAvailable": 65535
      }
    ],
    "BATT": [
      {
        "name": "/BATTMON/BATT/CFG_NOM_TEMP",
        "regtype": "uint16",
        "access": "rw",
        "type": "Config",
        "shortname": "Nominal Temperature",
        "inputType": "slider",
        "scale": 0.01,
        "offset": -273.0,
        "units": "degC",
        "read": [
          "user01",
          "user02",
          "user03"
        ],
        "write": [
          "user01"
        ],
        "basic": true,
        "sliderStep": 0.01,
        "min": "/BATTMON/BATT/CFG_NOM_TEMP_MIN",
        "max": "/BATTMON/BATT/CFG_NOM_TEMP_MAX",
        "nameRef": "BATTMON.BATT.CFG_NOM_TEMP.SHORTNAME",
        "infoRef": "BATTMON.BATT.CFG_NOM_TEMP.INFO",
        "dataNotAvailable": 65535
      },
      {
        "name": "/BATTMON/BATT/CFG_TEMP_UNIT",
        "regtype": "uint16",
        "access": "rw",
        "type": "Config",
        "shortname": "Temperature unit",
        "inputType": "switch",
        "scale": 1.0,
        "offset": 0.0,
        "read": [
          "user01",
          "user02",
          "user03"
        ],
        "write": [
          "user01"
        ],
        "enumRef": "BATTMON.BATT.CFG_TEMP_UNIT.ENUM",
        "nameRef": "BATTMON.BATT.CFG_TEMP_UNIT.SHORTNAME",
        "infoRef": "BATTMON.BATT.CFG_TEMP_UNIT.INFO",
        "dataNotAvailable": 65535
      },
      {
        "name": "/BATTMON/BATT/CFG_CAP_TEMP_COEF",
        "regtype": "uint16",
        "access": "rw",
        "type": "Config",
        "shortname": "Temperature Coefficient",
        "inputType": "slider",
        "scale": 0.01,
        "offset": 0.0,
        "units": "Ah/degC",
        "read": [
          "user01",
          "user02",
          "user03"
        ],
        "write": [
          "user01"
        ],
        "sliderStep": 0.01,
        "min": "/BATTMON/BATT/CFG_CAP_TEMP_COEF_MIN",
        "max": "/BATTMON/BATT/CFG_CAP_TEMP_COEF_MAX",
        "nameRef": "BATTMON.BATT.CFG_CAP_TEMP_COEF.SHORTNAME",
        "infoRef": "BATTMON.BATT.CFG_CAP_TEMP_COEF.INFO",
        "dataNotAvailable": 65535
      },
      {
        "name": "/BATTMON/BATT/CFG_NOM_DISCHARGE_RATE",
        "regtype": "uint16",
        "access": "rw",
        "type": "Config",
        "shortname": "Nominal Discharge Rate",
        "inputType": "slider",
        "scale": 1.0,
        "offset": 0.0,
        "units": "Hr",
        "read": [
          "user01",
          "user02",
          "user03"
        ],
        "write": [
          "user01"
        ],
        "sliderStep": 1.0,
        "min": "/BATTMON/BATT/CFG_NOM_DISCHARGE_RATE_MIN",
        "max": "/BATTMON/BATT/CFG_NOM_DISCHARGE_RATE_MAX",
        "nameRef": "BATTMON.BATT.CFG_NOM_DISCHARGE_RATE.SHORTNAME",
        "infoRef": "BATTMON.BATT.CFG_NOM_DISCHARGE_RATE.INFO",
        "dataNotAvailable": 65535
      },
      {
        "name": "/BATTMON/BATT/CFG_SELF_DISCHARGE_RATE",
        "regtype": "uint16",
        "access": "rw",
        "type": "Config",
        "shortname": "Self Discharge Rate",
        "inputType": "slider",
        "scale": 0.1,
        "offset": 0.0,
        "units": "%",
        "read": [
          "user01",
          "user02",
          "user03"
        ],
        "write": [
          "user01"
        ],
        "sliderStep": 0.1,
        "min": "/BATTMON/BATT/CFG_SELF_DISCHARGE_RATE_MIN",
        "max": "/BATTMON/BATT/CFG_SELF_DISCHARGE_RATE_MAX",
        "nameRef": "BATTMON.BATT.CFG_SELF_DISCHARGE_RATE.SHORTNAME",
        "infoRef": "BATTMON.BATT.CFG_SELF_DISCHARGE_RATE.INFO",
        "dataNotAvailable": 65535
      },
      {
        "name": "/BATTMON/BATT/CFG_SHUNT_AMP_RATING",
        "regtype": "uint16",
        "access": "rw",
        "type": "Config",
        "shortname": "Shunt Amp Rating",
        "inputType": "dropdown",
        "scale": 1.0,
        "offset": 0.0,
        "units": "A",
        "read": [
          "user01",
          "user02",
          "user03"
        ],
        "write": [
          "user01"
        ],
        "enumRef": "BATTMON.BATT.CFG_SHUNT_AMP_RATING.ENUM",
        "nameRef": "BATTMON.BATT.CFG_SHUNT_AMP_RATING.SHORTNAME",
        "infoRef": "BATTMON.BATT.CFG_SHUNT_AMP_RATING.INFO",
        "dataNotAvailable": 65535
      },
      {
        "name": "/BATTMON/BATT/CFG_SHUNT_VOLT_RATING",
        "regtype": "uint16",
        "access": "rw",
        "type": "Config",
        "shortname": "Shunt Voltage Rating",
        "inputType": "switch",
        "scale": 1.0,
        "offset": 0.0,
        "units": "mV",
        "read": [
          "user01",
          "user02",
          "user03"
        ],
        "write": [
          "user01"
        ],
        "enumRef": "BATTMON.BATT.CFG_SHUNT_VOLT_RATING.ENUM",
        "nameRef": "BATTMON.BATT.CFG_SHUNT_VOLT_RATING.SHORTNAME",
        "infoRef": "BATTMON.BATT.CFG_SHUNT_VOLT_RATING.INFO",
        "dataNotAvailable": 65535
      },
      {
        "name": "/BATTMON/BATT/CFG_CHARGE_EFFICIENCY_FACTOR_MODE",
        "regtype": "uint16",
        "access": "rw",
        "type": "Config",
        "shortname": "Charge Efficiency Factor Mode",
        "inputType": "switch",
        "scale": 1.0,
        "offset": 0.0,
        "critical": true,
        "read": [
          "user01",
          "user02",
          "user03"
        ],
        "write": [
          "user01"
        ],
        "enumRef": "BATTMON.BATT.CFG_CHARGE_EFFICIENCY_FACTOR_MODE.ENUM",
        "nameRef": "BATTMON.BATT.CFG_CHARGE_EFFICIENCY_FACTOR_MODE.SHORTNAME",
        "infoRef": "BATTMON.BATT.CFG_CHARGE_EFFICIENCY_FACTOR_MODE.INFO",
        "dataNotAvailable": 65535
      },
      {
        "name": "/BATTMON/BATT/CFG_NOM_V_PRESCALE",
        "regtype": "uint16",
        "access": "rw",
        "type": "Config",
        "shortname": "Nominal Voltage",
        "inputType": "dropdown",
        "scale": 1.0,
        "offset": 0.0,
        "units": "V",
        "read": [
          "user01",
          "user02",
          "user03"
        ],
        "write": [
          "user01"
        ],
        "basic": true,
        "enumRef": "BATTMON.BATT.CFG_NOM_V_PRESCALE.ENUM",
        "nameRef": "BATTMON.BATT.CFG_NOM_V_PRESCALE.SHORTNAME",
        "infoRef": "BATTMON.BATT.CFG_NOM_V_PRESCALE.INFO",
        "dataNotAvailable": 65535
      },
      {
        "name": "/BATTMON/BATT/CFG_TIME_REMAIN_AVG_FILTER",
        "regtype": "uint16",
        "access": "rw",
        "type": "Config",
        "shortname": "Time Remaining Averaging Filter",
        "inputType": "dropdown",
        "scale": 1.0,
        "offset": 0.0,
        "read": [
          "user01",
          "user02",
          "user03"
        ],
        "write": [
          "user01"
        ],
        "enumRef": "BATTMON.BATT.CFG_TIME_REMAIN_AVG_FILTER.ENUM",
        "nameRef": "BATTMON.BATT.CFG_TIME_REMAIN_AVG_FILTER.SHORTNAME",
        "infoRef": "BATTMON.BATT.CFG_TIME_REMAIN_AVG_FILTER.INFO",
        "dataNotAvailable": 65535
      },
      {
        "name": "/BATTMON/BATT/CFG_DEFAULT_TEMP",
        "regtype": "uint16",
        "access": "rw",
        "type": "Config",
        "shortname": "Default Temperature",
        "inputType": "slider",
        "scale": 0.01,
        "offset": -273.0,
        "units": "degC",
        "read": [
          "user01",
          "user02",
          "user03"
        ],
        "write": [
          "user01"
        ],
        "basic": true,
        "sliderStep": 0.01,
        "min": "/BATTMON/BATT/CFG_DEFAULT_TEMP_MIN",
        "max": "/BATTMON/BATT/CFG_DEFAULT_TEMP_MAX",
        "nameRef": "BATTMON.BATT.CFG_DEFAULT_TEMP.SHORTNAME",
        "infoRef": "BATTMON.BATT.CFG_DEFAULT_TEMP.INFO",
        "dataNotAvailable": 65535
      },
      {
        "name": "/BATTMON/BATT/CFG_NOMINAL_V",
        "regtype": "uint32",
        "access": "rw",
        "type": "Config",
        "shortname": "Nominal Voltage Deprecated",
        "inputType": "textbox",
        "scale": 0.001,
        "offset": 0.0,
        "units": "V",
        "read": [
          "user01",
          "user02",
          "user03"
        ],
        "write": [
          "user01"
        ],
        "nameRef": "BATTMON.BATT.CFG_NOMINAL_V.SHORTNAME",
        "infoRef": "BATTMON.BATT.CFG_NOMINAL_V.INFO",
        "dataNotAvailable": 2147483647
      },
      {
        "name": "/BATTMON/BATT/CFG_AMP_HOUR_RATING",
        "regtype": "uint16",
        "access": "rw",
        "type": "Config",
        "shortname": "Battery Capacity",
        "inputType": "slider",
        "scale": 1.0,
        "offset": 0.0,
        "units": "Ah",
        "read": [
          "user01",
          "user02",
          "user03"
        ],
        "write": [
          "user01"
        ],
        "basic": true,
        "sliderStep": 1.0,
        "min": "/BATTMON/BATT/CFG_AMP_HOUR_RATING_MIN",
        "max": "/BATTMON/BATT/CFG_AMP_HOUR_RATING_MAX",
        "nameRef": "BATTMON.BATT.CFG_AMP_HOUR_RATING.SHORTNAME",
        "infoRef": "BATTMON.BATT.CFG_AMP_HOUR_RATING.INFO",
        "dataNotAvailable": 65535
      },
      {
        "name": "/BATTMON/BATT/CFG_PEUKERT_EXPONENT",
        "regtype": "uint16",
        "access": "rw",
        "type": "Config",
        "shortname": "Peukert Exponent",
        "inputType": "slider",
        "scale": 0.002,
        "offset": 1.0,
        "read": [
          "user01",
          "user02",
          "user03"
        ],
        "write": [
          "user01"
        ],
        "sliderStep": 0.002,
        "min": "/BATTMON/BATT/CFG_PEUKERT_EXPONENT_MIN",
        "max": "/BATTMON/BATT/CFG_PEUKERT_EXPONENT_MAX",
        "nameRef": "BATTMON.BATT.CFG_PEUKERT_EXPONENT.SHORTNAME",
        "infoRef": "BATTMON.BATT.CFG_PEUKERT_EXPONENT.INFO",
        "dataNotAvailable": 65535
      },
      {
        "name": "/BATTMON/BATT/CFG_CHARGE_EFFICIENCY_FACTOR",
        "regtype": "uint16",
        "access": "rw",
        "type": "Config",
        "shortname": "Charge Efficiency Factor",
        "inputType": "slider",
        "scale": 1.0,
        "offset": 0.0,
        "units": "%",
        "read": [
          "user01",
          "user02",
          "user03"
        ],
        "write": [
          "user01"
        ],
        "sliderStep": 1.0,
        "min": "/BATTMON/BATT/CFG_CHARGE_EFFICIENCY_FACTOR_MIN",
        "max": "/BATTMON/BATT/CFG_CHARGE_EFFICIENCY_FACTOR_MAX",
        "nameRef": "BATTMON.BATT.CFG_CHARGE_EFFICIENCY_FACTOR.SHORTNAME",
        "infoRef": "BATTMON.BATT.CFG_CHARGE_EFFICIENCY_FACTOR.INFO",
        "dataNotAvailable": 127
      }
    ],
    "ASSOC": [
      {
        "name": "/BATTMON/ASSOC/CFG_DC_INPUT_OUTPUT",
        "regtype": "uint16",
        "access": "rw",
        "type": "Config",
        "shortname": "DC Association (Battery)",
        "inputType": "dropdown",
        "scale": 1.0,
        "offset": 0.0,
        "read": [
          "user01",
          "user02",
          "user03"
        ],
        "write": [
          "user01"
        ],
        "enumRef": "BATTMON.ASSOC.CFG_DC_INPUT_OUTPUT.ENUM",
        "nameRef": "BATTMON.ASSOC.CFG_DC_INPUT_OUTPUT.SHORTNAME",
        "infoRef": "BATTMON.ASSOC.CFG_DC_INPUT_OUTPUT.INFO",
        "dataNotAvailable": 65535
      }
    ],
    "LPHD": [
      {
        "name": "/BATTMON/LPHD/CFG_DEVICE_NAME",
        "regtype": "str16",
        "access": "rw",
        "type": "Config",
        "shortname": "Device Name",
        "inputType": "textbox",
        "read": [
          "user01",
          "user02",
          "user03"
        ],
        "write": [
          "user01"
        ],
        "nameRef": "BATTMON.LPHD.CFG_DEVICE_NAME.SHORTNAME",
        "infoRef": "BATTMON.LPHD.CFG_DEVICE_NAME.INFO"
      },
      {
        "name": "/BATTMON/LPHD/CFG_DEVICE_INSTANCE",
        "regtype": "uint16",
        "access": "rw",
        "type": "Config",
        "shortname": "Device Number",
        "inputType": "textbox",
        "scale": 1.0,
        "offset": 0.0,
        "read": [
          "user01",
          "user02",
          "user03"
        ],
        "write": [
          "user01"
        ],
        "nameRef": "BATTMON.LPHD.CFG_DEVICE_INSTANCE.SHORTNAME",
        "infoRef": "BATTMON.LPHD.CFG_DEVICE_INSTANCE.INFO",
        "dataNotAvailable": 65535
      },
      {
        "name": "/BATTMON/LPHD/CFG_SYSTEM_INSTANCE",
        "regtype": "uint16",
        "access": "rw",
        "type": "Config",
        "shortname": "System Instance",
        "inputType": "textbox",
        "scale": 1.0,
        "offset": 0.0,
        "read": [
          "user01",
          "user02",
          "user03"
        ],
        "write": [
          "user01"
        ],
        "nameRef": "BATTMON.LPHD.CFG_SYSTEM_INSTANCE.SHORTNAME",
        "infoRef": "BATTMON.LPHD.CFG_SYSTEM_INSTANCE.INFO",
        "dataNotAvailable": 65535
      }
    ],
    "DISPLAY": [
      {
        "name": "/BATTMON/DISPLAY/CFG_BACKLIGHT_DURATION",
        "regtype": "uint16",
        "access": "rw",
        "type": "Config",
        "shortname": "Backlight mode",
        "inputType": "dropdown",
        "scale": 1.0,
        "offset": 0.0,
        "units": "s",
        "read": [
          "user01",
          "user02",
          "user03"
        ],
        "write": [
          "user01"
        ],
        "enumRef": "BATTMON.DISPLAY.CFG_BACKLIGHT_DURATION.ENUM",
        "nameRef": "BATTMON.DISPLAY.CFG_BACKLIGHT_DURATION.SHORTNAME",
        "infoRef": "BATTMON.DISPLAY.CFG_BACKLIGHT_DURATION.INFO",
        "dataNotAvailable": 65535
      }
    ]
  }
}