{
  "region": {
    "value": "1"
  },
  "qv": {
    "enabled": 0,
    "data": [{
        "x": 92,
        "y": 30,
        "xmax": 98.75,
        "xmin": 85,
        "ymax": 60,
        "ymin": 15,
        "conditions": ["x<1"]
      },
      {
        "x": 96.7,
        "y": 0,
        "xmax": 100,
        "xmin": 90,
        "ymax": 0,
        "ymin": 0,
        "yCor": 2,
        "conditions": ["x>0", "x<2"]
      },
      {
        "x": 103.3,
        "y": 0,
        "xmax": 110,
        "xmin": 100,
        "ymax": 0,
        "ymin": 0,
        "yCor": 1,
        "conditions": ["x>1", "x<3"]
      },
      {
        "x": 107,
        "y": -30,
        "xmax": 112.5,
        "xmin": 101.25,
        "ymax": -15,
        "ymin": -60,
        "conditions": ["x>2"]
      }
    ]
  },
  "pw": {
    "enabled": 0,
    "data": [{
        "x": 92.9,
        "y": 100,
        "xmax": 98,
        "xmin": 85,
        "ymax": 100,
        "ymin": 100,
        "conditions": ["x<1"]
      },
      {
        "x": 95,
        "y": 50,
        "xmax": 98,
        "xmin": 90,
        "ymax": 100,
        "ymin": 0,
        "yCor": [2, 3, 4],
        "conditions": ["x>0", "x<2"]
      },
      {
        "x": 97,
        "y": 50,
        "xmax": 98,
        "xmin": 90,
        "ymax": 100,
        "ymin": 0,
        "yCor": [1, 3, 4],
        "conditions": ["x>1", "x<3"]
      },
      {
        "x": 103,
        "y": 50,
        "xmax": 110,
        "xmin": 102,
        "ymax": 100,
        "ymin": 0,
        "yCor": [1, 2, 4],
        "conditions": ["x>2", "x<4"]
      },
      {
        "x": 105,
        "y": 50,
        "xmax": 110,
        "xmin": 102,
        "ymax": 100,
        "ymin": 0,
        "yCor": [1, 2, 3],
        "conditions": ["x>3", "x<5"]
      },
      {
        "x": 107.1,
        "y": 0,
        "xmax": 112.5,
        "xmin": 102,
        "ymax": 0,
        "ymin": 0,
        "conditions": ["x>4"]
      }
    ]
  },
  "lfrt": {
    "enabled": 1,
    "data": [{
        "x": 0.16,
        "y": 57,
        "xmax": 1,
        "xmin": 0,
        "ymax": 57,
        "ymin": 53,
        "yCor": 1,
        "conditions": ["x<1"]
      },
      {
        "x": 300,
        "y": 57,
        "xmax": 1000,
        "xmin": 1,
        "ymax": 57,
        "ymin": 53,
        "yCor": 0,
        "xCor": 2,
        "conditions": ["x>0", "y<2"]
      },
      {
        "x": 300,
        "y": 58.5,
        "xmax": 1000,
        "xmin": 1,
        "ymax": 59.9,
        "ymin": 57,
        "xCor": 1,
        "conditions": ["y>1"]
      }
    ]
  },
  "hfrt": {
    "enabled": 1,
    "data": [{
        "x": 0.16,
        "y": 62,
        "xmax": 1,
        "xmin": 0,
        "ymax": 64,
        "ymin": 62,
        "yCor": 1,
        "conditions": ["x<1"]
      },
      {
        "x": 300,
        "y": 62,
        "xmax": 1000,
        "xmin": 1,
        "ymax": 64,
        "ymin": 62,
        "yCor": 0,
        "xCor": 2,
        "conditions": ["x>0", "y>2"]
      },
      {
        "x": 300,
        "y": 60.5,
        "xmax": 1000,
        "xmin": 1,
        "ymax": 62,
        "ymin": 60.1,
        "xCor": 1,
        "conditions": ["y<1"]
      }
    ]
  },
  "lvrt": {
    "enabled": 1,
    "data": [{
        "x": 1.5,
        "y": 50,
        "xmax": 10,
        "xmin": 0,
        "ymax": 50,
        "ymin": 0,
        "yCor": 1,
        "conditions": ["x<1"]
      },
      {
        "x": 11,
        "y": 50,
        "xmax": 1000,
        "xmin": 1,
        "ymax": 50,
        "ymin": 0,
        "yCor": 0,
        "xCor": 2,
        "conditions": ["x>0", "y<2"]
      },
      {
        "x": 11,
        "y": 70,
        "xmax": 1000,
        "xmin": 1,
        "ymax": 80,
        "ymin": 50,
        "yCor": 3,
        "xCor": 1,
        "conditions": ["x<3", "y>1"]
      },
      {
        "x": 21,
        "y": 70,
        "xmax": 1000,
        "xmin": 1,
        "ymax": 80,
        "ymin": 50,
        "yCor": 2,
        "xCor": 4,
        "conditions": ["x>2", "y<4"]
      },
      {
        "x": 21,
        "y": 88,
        "xmax": 1000,
        "xmin": 1,
        "ymax": 100,
        "ymin": 80,
        "xCor": 3,
        "conditions": ["y>3"]
      }
    ]
  },
  "hvrt": {
    "enabled": 1,
    "data": [{
        "x": 0.16,
        "y": 120,
        "xmax": 1,
        "xmin": 0,
        "ymax": 125,
        "ymin": 115,
        "yCor": 1,
        "conditions": ["x<1"]
      },
      {
        "x": 13,
        "y": 120,
        "xmax": 1000,
        "xmin": 1,
        "ymax": 125,
        "ymin": 115,
        "yCor": 0,
        "xCor": 2,
        "conditions": ["x>0", "y>2"]
      },
      {
        "x": 13,
        "y": 110,
        "xmax": 1000,
        "xmin": 1,
        "ymax": 115,
        "ymin": 100,
        "xCor": 1,
        "conditions": ["y<1"]
      }
    ]
  },
  "pf": {
    "enabled": 0,
    "data": [{
        "x": 58.9,
        "y": 100,
        "xmax": 59.9,
        "xmin": 57,
        "ymax": 100,
        "ymin": 100,
        "conditions": ["x<1"]
      },
      {
        "x": 59.9,
        "y": 50,
        "xmax": 59.9,
        "xmin": 59,
        "ymax": 100,
        "ymin": 0,
        "yCor": 2,
        "conditions": ["x>0", "x<2"]
      },
      {
        "x": 60.1,
        "y": 50,
        "xmax": 61,
        "xmin": 60.1,
        "ymax": 100,
        "ymin": 0,
        "yCor": 1,
        "conditions": ["x>1", "x<3"]
      },
      {
        "x": 61.1,
        "y": 0,
        "xmax": 63,
        "xmin": 60.1,
        "ymax": 0,
        "ymin": 0,
        "conditions": ["x>2", "x<4"]
      }
    ]
  },
  "ss": {
    "slope": {
      "value": 2
    },
    "data": [{
      "x": 0,
      "y": 0,
      "xmax": 0,
      "xmin": 0,
      "ymax": 0,
      "ymin": 0,
      "conditions": ["y<1"]
    }, {
      "x": 50,
      "y": 100,
      "xmax": 1000,
      "xmin": 1,
      "ymax": 100,
      "ymin": 100,
      "conditions": ["y>0"]
    }]
  },
  "rr": {
    "slope": {
      "value": 50,
      "min": 1,
      "max": 100
    },
    "data": [{
      "x": 0,
      "y": 0,
      "xmax": 0,
      "xmin": 0,
      "ymax": 0,
      "ymin": 0,
      "conditions": ["y<1", "x<1"]
    }, {
      "x": 2,
      "y": 100,
      "xmax": 1000,
      "xmin": 1,
      "ymax": 100,
      "ymin": 100,
      "conditions": ["y>0", "x>0"]
    }]
  },
  "powerfactor": {
    "enabled": 0,
    "value": 1,
    "data": [{
      "x": 0,
      "y": 0
    }, {
      "x": 100,
      "y": 0
    }]
  }
}
