{
  "CL40": {
    "AC": [
      {
        "name": "/CL40/AC/CFG_AP_CTRL_EN",
        "regtype": "uint16",
        "access": "rw",
        "type": "Control",
        "shortname": "Active power control",
        "inputType": "textbox",
        "scale": 1.0,
        "offset": 0.0,
        "read": [
          "user01",
          "user02",
          "user03"
        ],
        "write": [
          "user01"
        ],
        "nameRef": "CL40.AC.CFG_AP_CTRL_EN.SHORTNAME",
        "infoRef": "CL40.AC.CFG_AP_CTRL_EN.INFO",
        "dataNotAvailable": 65535
      },
      {
        "name": "/CL40/AC/CFG_AP_PER",
        "regtype": "uint16",
        "access": "rw",
        "type": "Control",
        "shortname": "Active power derating ( %)",
        "inputType": "textbox",
        "scale": 1.0,
        "offset": 0.0,
        "units": "%",
        "read": [
          "user01",
          "user02",
          "user03"
        ],
        "write": [
          "user01"
        ],
        "nameRef": "CL40.AC.CFG_AP_PER.SHORTNAME",
        "infoRef": "CL40.AC.CFG_AP_PER.INFO",
        "dataNotAvailable": 65535
      },
      {
        "name": "/CL40/AC/CFG_AP_VAL",
        "regtype": "uint16",
        "access": "rw",
        "type": "Control",
        "shortname": "Active power derating (fixed value)",
        "inputType": "textbox",
        "scale": 0.1,
        "offset": 0.0,
        "units": "kW",
        "read": [
          "user01",
          "user02",
          "user03"
        ],
        "write": [
          "user01"
        ],
        "nameRef": "CL40.AC.CFG_AP_VAL.SHORTNAME",
        "infoRef": "CL40.AC.CFG_AP_VAL.INFO",
        "dataNotAvailable": 65535
      },
      {
        "name": "/CL40/AC/CFG_AP_GRAD",
        "regtype": "uint16",
        "access": "rw",
        "type": "Control",
        "shortname": "Active power deration gradient",
        "inputType": "textbox",
        "scale": 0.1,
        "offset": 0.0,
        "units": "%/s",
        "read": [
          "user01",
          "user02",
          "user03"
        ],
        "write": [
          "user01"
        ],
        "nameRef": "CL40.AC.CFG_AP_GRAD.SHORTNAME",
        "infoRef": "CL40.AC.CFG_AP_GRAD.INFO",
        "dataNotAvailable": 65535
      },
      {
        "name": "/CL40/AC/CFG_RP_PF",
        "regtype": "sint16",
        "access": "rw",
        "type": "Control",
        "shortname": "Reactive power compensation (PF)",
        "inputType": "textbox",
        "scale": 0.001,
        "offset": 0.0,
        "read": [
          "user01",
          "user02",
          "user03"
        ],
        "write": [
          "user01"
        ],
        "nameRef": "CL40.AC.CFG_RP_PF.SHORTNAME",
        "infoRef": "CL40.AC.CFG_RP_PF.INFO",
        "dataNotAvailable": 32767
      },
      {
        "name": "/CL40/AC/CFG_RP_QS",
        "regtype": "sint16",
        "access": "rw",
        "type": "Control",
        "shortname": "Reactive power compensation( /S)",
        "inputType": "textbox",
        "scale": 0.001,
        "offset": 0.0,
        "read": [
          "user01",
          "user02",
          "user03"
        ],
        "write": [
          "user01"
        ],
        "nameRef": "CL40.AC.CFG_RP_QS.SHORTNAME",
        "infoRef": "CL40.AC.CFG_RP_QS.INFO",
        "dataNotAvailable": 32767
      },
      {
        "name": "/CL40/AC/CFG_RP_TIME",
        "regtype": "uint16",
        "access": "rw",
        "type": "Control",
        "shortname": "Reactive power adjustment time",
        "inputType": "textbox",
        "scale": 1.0,
        "offset": 0.0,
        "units": "s",
        "read": [
          "user01",
          "user02",
          "user03"
        ],
        "write": [
          "user01"
        ],
        "nameRef": "CL40.AC.CFG_RP_TIME.SHORTNAME",
        "infoRef": "CL40.AC.CFG_RP_TIME.INFO",
        "dataNotAvailable": 65535
      },
      {
        "name": "/CL40/AC/CFG_AP_PER_1",
        "regtype": "uint16",
        "access": "rw",
        "type": "Control",
        "shortname": "Active power derating percent(0.1%)",
        "inputType": "textbox",
        "scale": 0.1,
        "offset": 0.0,
        "read": [
          "user01",
          "user02",
          "user03"
        ],
        "write": [
          "user01"
        ],
        "nameRef": "CL40.AC.CFG_AP_PER_1.SHORTNAME",
        "infoRef": "CL40.AC.CFG_AP_PER_1.INFO",
        "dataNotAvailable": 65535
      },
      {
        "name": "/CL40/AC/CFG_INV_ON",
        "regtype": "uint16",
        "access": "rw",
        "type": "Control",
        "shortname": "Power on",
        "inputType": "textbox",
        "scale": 1.0,
        "offset": 0.0,
        "units": "%",
        "read": [
          "user01",
          "user02",
          "user03"
        ],
        "write": [
          "user01"
        ],
        "nameRef": "CL40.AC.CFG_INV_ON.SHORTNAME",
        "infoRef": "CL40.AC.CFG_INV_ON.INFO",
        "dataNotAvailable": 65535
      },
      {
        "name": "/CL40/AC/CFG_INV_OFF",
        "regtype": "uint16",
        "access": "rw",
        "type": "Control",
        "shortname": "Power off",
        "inputType": "textbox",
        "scale": 1.0,
        "offset": 0.0,
        "read": [
          "user01",
          "user02",
          "user03"
        ],
        "write": [
          "user01"
        ],
        "nameRef": "CL40.AC.CFG_INV_OFF.SHORTNAME",
        "infoRef": "CL40.AC.CFG_INV_OFF.INFO",
        "dataNotAvailable": 65535
      },
      {
        "name": "/CL40/AC/CFG_AP_HS_PER",
        "regtype": "uint16",
        "access": "rw",
        "type": "Control",
        "shortname": "Active power derating percent(0.1%)",
        "inputType": "textbox",
        "scale": 1.0,
        "offset": 0.0,
        "units": "%",
        "read": [
          "user01",
          "user02",
          "user03"
        ],
        "write": [
          "user01"
        ],
        "nameRef": "CL40.AC.CFG_AP_HS_PER.SHORTNAME",
        "infoRef": "CL40.AC.CFG_AP_HS_PER.INFO",
        "dataNotAvailable": 65535
      },
      {
        "name": "/CL40/AC/CFG_AP_HS_PER1",
        "regtype": "uint16",
        "access": "rw",
        "type": "Control",
        "shortname": "Active power deration percent(1%)",
        "inputType": "textbox",
        "scale": 1.0,
        "offset": 0.0,
        "units": "%",
        "read": [
          "user01",
          "user02",
          "user03"
        ],
        "write": [
          "user01"
        ],
        "nameRef": "CL40.AC.CFG_AP_HS_PER1.SHORTNAME",
        "infoRef": "CL40.AC.CFG_AP_HS_PER1.INFO",
        "dataNotAvailable": 65535
      },
      {
        "name": "/CL40/AC/CFG_AP_HS_VAL",
        "regtype": "uint16",
        "access": "rw",
        "type": "Control",
        "shortname": "Active power deration fixed value",
        "inputType": "textbox",
        "scale": 0.1,
        "offset": 0.0,
        "units": "kW",
        "read": [
          "user01",
          "user02",
          "user03"
        ],
        "write": [
          "user01"
        ],
        "nameRef": "CL40.AC.CFG_AP_HS_VAL.SHORTNAME",
        "infoRef": "CL40.AC.CFG_AP_HS_VAL.INFO",
        "dataNotAvailable": 65535
      },
      {
        "name": "/CL40/AC/CFG_RP_HS_QS",
        "regtype": "sint16",
        "access": "rw",
        "type": "Control",
        "shortname": "Reactive power compensation Q/S",
        "inputType": "textbox",
        "scale": 0.001,
        "offset": 0.0,
        "read": [
          "user01",
          "user02",
          "user03"
        ],
        "write": [
          "user01"
        ],
        "nameRef": "CL40.AC.CFG_RP_HS_QS.SHORTNAME",
        "infoRef": "CL40.AC.CFG_RP_HS_QS.INFO",
        "dataNotAvailable": 32767
      },
      {
        "name": "/CL40/AC/CFG_RP_HS_PF",
        "regtype": "sint16",
        "access": "rw",
        "type": "Control",
        "shortname": "Reactive power compensation factor instruction(PF)",
        "inputType": "textbox",
        "scale": 0.001,
        "offset": 0.0,
        "read": [
          "user01",
          "user02",
          "user03"
        ],
        "write": [
          "user01"
        ],
        "nameRef": "CL40.AC.CFG_RP_HS_PF.SHORTNAME",
        "infoRef": "CL40.AC.CFG_RP_HS_PF.INFO",
        "dataNotAvailable": 32767
      },
      {
        "name": "/CL40/AC/CFG_GRIDCODE",
        "regtype": "uint16",
        "access": "rw",
        "type": "Control",
        "shortname": "Grid code",
        "inputType": "textbox",
        "scale": "1",
        "offset": 0.0,
        "read": [
          "user01",
          "user02",
          "user03"
        ],
        "write": [
          "user01"
        ],
        "nameRef": "CL40.AC.CFG_GRIDCODE.SHORTNAME",
        "infoRef": "CL40.AC.CFG_GRIDCODE.INFO",
        "dataNotAvailable": 65535
      },
      {
        "name": "/CL40/AC/CFG_FW_START_F",
        "regtype": "uint16",
        "access": "rw",
        "type": "Control",
        "shortname": "Overfrequency deration trigger threshold",
        "inputType": "textbox",
        "scale": 0.01,
        "offset": 0.0,
        "units": "Hz",
        "read": [
          "user01",
          "user02",
          "user03"
        ],
        "write": [
          "user01"
        ],
        "nameRef": "CL40.AC.CFG_FW_START_F.SHORTNAME",
        "infoRef": "CL40.AC.CFG_FW_START_F.INFO",
        "dataNotAvailable": 65535
      },
      {
        "name": "/CL40/AC/CFG_FW_STOP_F",
        "regtype": "uint16",
        "access": "rw",
        "type": "Control",
        "shortname": "Overfrequency deration exit threshold",
        "inputType": "textbox",
        "scale": 0.01,
        "offset": 0.0,
        "units": "Hz",
        "read": [
          "user01",
          "user02",
          "user03"
        ],
        "write": [
          "user01"
        ],
        "nameRef": "CL40.AC.CFG_FW_STOP_F.SHORTNAME",
        "infoRef": "CL40.AC.CFG_FW_STOP_F.INFO",
        "dataNotAvailable": 65535
      },
      {
        "name": "/CL40/AC/CFG_FW_GRAD_F",
        "regtype": "uint16",
        "access": "rw",
        "type": "Control",
        "shortname": "Overfrequency deration recovery gradient",
        "inputType": "textbox",
        "scale": 1.0,
        "offset": 0.0,
        "units": "%/mi",
        "read": [
          "user01",
          "user02",
          "user03"
        ],
        "write": [
          "user01"
        ],
        "nameRef": "CL40.AC.CFG_FW_GRAD_F.SHORTNAME",
        "infoRef": "CL40.AC.CFG_FW_GRAD_F.INFO",
        "dataNotAvailable": 65535
      }
    ],
    "PV": [
      {
        "name": "/CL40/PV/CFG_MPPT_SCAN_EN",
        "regtype": "uint16",
        "access": "rw",
        "type": "Control",
        "shortname": "MPPT multi-peak scanning",
        "inputType": "textbox",
        "scale": "1",
        "offset": 0.0,
        "read": [
          "user01",
          "user02",
          "user03"
        ],
        "write": [
          "user01"
        ],
        "nameRef": "CL40.PV.CFG_MPPT_SCAN_EN.SHORTNAME",
        "infoRef": "CL40.PV.CFG_MPPT_SCAN_EN.INFO",
        "dataNotAvailable": 65535
      },
      {
        "name": "/CL40/PV/CFG_MPPT_INTERVAL",
        "regtype": "uint16",
        "access": "rw",
        "type": "Control",
        "shortname": "MPPT scanning interval",
        "inputType": "textbox",
        "scale": "1",
        "offset": 0.0,
        "units": "Min",
        "read": [
          "user01",
          "user02",
          "user03"
        ],
        "write": [
          "user01"
        ],
        "nameRef": "CL40.PV.CFG_MPPT_INTERVAL.SHORTNAME",
        "infoRef": "CL40.PV.CFG_MPPT_INTERVAL.INFO",
        "dataNotAvailable": 65535
      }
    ],
    "DEV": [
      {
        "name": "/CL40/ASSOC/CFG_AC_OUTPUT",
        "regtype": "uint16",
        "access": "rw",
        "type": "Config",
        "shortname": "Device Association",
        "inputType": "dropdown",
        "scale": 1.0,
        "offset": 0.0,
        "read": [
          "user01",
          "user02",
          "user03"
        ],
        "write": [
          "user01"
        ],
        "basic": true,
        "enumRef": "CL40.ASSOC.CFG_AC_OUTPUT.ENUM",
        "nameRef": "CL40.ASSOC.CFG_AC_OUTPUT.SHORTNAME",
        "infoRef": "CL40.ASSOC.CFG_AC_OUTPUT.INFO",
        "dataNotAvailable": 65535
      },
      {
        "name": "/CL40/LPHD/CFG_DEVICE_NAME",
        "regtype": "str16",
        "access": "rw",
        "type": "Config",
        "shortname": "Device Name",
        "inputType": "textbox",
        "scale": 1.0,
        "offset": 0.0,
        "read": [
          "user01",
          "user02",
          "user03"
        ],
        "write": [
          "user01"
        ],
        "basic": true,
        "nameRef": "CL40.LPHD.CFG_DEVICE_NAME.SHORTNAME",
        "infoRef": "CL40.LPHD.CFG_DEVICE_NAME.INFO"
      },
      {
        "name": "/CL40/LPHD/CFG_DEVICE_INSTANCE",
        "regtype": "uint16",
        "access": "rw",
        "type": "Config",
        "shortname": "Device Number",
        "inputType": "textbox",
        "scale": 1.0,
        "offset": 0.0,
        "read": [
          "user01",
          "user02",
          "user03"
        ],
        "write": [
          "user01"
        ],
        "basic": true,
        "nameRef": "CL40.LPHD.CFG_DEVICE_INSTANCE.SHORTNAME",
        "infoRef": "CL40.LPHD.CFG_DEVICE_INSTANCE.INFO",
        "dataNotAvailable": 65535
      }
    ]
  }
}