{
  "CSW": {
    "Control": [
      {
        "name": "/CSW/INV/CFG_ENABLE",
        "regtype": "uint16",
        "access": "rw",
        "type": "Control",
        "shortname": "Inverter Enable/Disable",
        "inputType": "switch",
        "scale": 1.0,
        "offset": 0.0,
        "read": [
          "user01",
          "user02",
          "user03"
        ],
        "write": [
          "user01"
        ],
        "basic": true,
        "enumRef": "CSW.INV.CFG_ENABLE.ENUM",
        "nameRef": "CSW.INV.CFG_ENABLE.SHORTNAME",
        "infoRef": "CSW.INV.CFG_ENABLE.INFO",
        "dataNotAvailable": 65535
      },
      {
        "name": "/CSW/CHG/CFG_ENABLE",
        "regtype": "uint16",
        "access": "rw",
        "type": "Control",
        "shortname": "Charger Enable/Disable",
        "inputType": "switch",
        "scale": 1.0,
        "offset": 0.0,
        "read": [
          "user01",
          "user02",
          "user03"
        ],
        "write": [
          "user01"
        ],
        "basic": true,
        "enumRef": "CSW.CHG.CFG_ENABLE.ENUM",
        "nameRef": "CSW.CHG.CFG_ENABLE.SHORTNAME",
        "infoRef": "CSW.CHG.CFG_ENABLE.INFO",
        "dataNotAvailable": 65535
      },
      {
        "name": "/CSW/CHG/CFG_FORCE_CHARGE",
        "regtype": "uint16",
        "access": "rw",
        "type": "Control",
        "shortname": "Force Charger State",
        "inputType": "dropdown",
        "scale": 1.0,
        "offset": 0.0,
        "read": [
          "user01",
          "user02",
          "user03"
        ],
        "write": [
          "user01"
        ],
        "basic": true,
        "enumRef": "CSW.CHG.CFG_FORCE_CHARGE.ENUM",
        "nameRef": "CSW.CHG.CFG_FORCE_CHARGE.SHORTNAME",
        "infoRef": "CSW.CHG.CFG_FORCE_CHARGE.INFO",
        "dataNotAvailable": 65535
      },
      {
        "name": "/CSW/DEV/CFG_OPMODE",
        "regtype": "uint16",
        "access": "rw",
        "type": "Control",
        "shortname": "Operating Mode",
        "inputType": "dropdown",
        "scale": 1.0,
        "offset": 0.0,
        "read": [
          "user01",
          "user02",
          "user03"
        ],
        "write": [
          "user01"
        ],
        "basic": true,
        "enumRef": "CSW.DEV.CFG_OPMODE.ENUM",
        "nameRef": "CSW.DEV.CFG_OPMODE.SHORTNAME",
        "infoRef": "CSW.DEV.CFG_OPMODE.INFO",
        "dataNotAvailable": 65535
      },
      {
        "name": "/CSW/DEV/CFG_RESET",
        "regtype": "uint16",
        "access": "rw",
        "type": "Control",
        "shortname": "Reset",
        "inputType": "dropdown",
        "scale": 1.0,
        "offset": 0.0,
        "read": [
          "user01",
          "user02",
          "user03"
        ],
        "write": [
          "user01"
        ],
        "enumRef": "CSW.DEV.CFG_RESET.ENUM",
        "nameRef": "CSW.DEV.CFG_RESET.SHORTNAME",
        "infoRef": "CSW.DEV.CFG_RESET.INFO",
        "dataNotAvailable": 65535
      },
      {
        "name": "/CSW/DEV/CFG_CLEAR",
        "regtype": "uint16",
        "access": "rw",
        "type": "Control",
        "shortname": "Clear",
        "inputType": "dropdown",
        "scale": 1.0,
        "offset": 0.0,
        "read": [
          "user01",
          "user02",
          "user03"
        ],
        "write": [
          "user01"
        ],
        "enumRef": "CSW.DEV.CFG_CLEAR.ENUM",
        "nameRef": "CSW.DEV.CFG_CLEAR.SHORTNAME",
        "infoRef": "CSW.DEV.CFG_CLEAR.INFO",
        "dataNotAvailable": 65535
      },
      {
        "name": "/CSW/CFG/REFRESH",
        "regtype": "uint16",
        "access": "rw",
        "type": "Control",
        "shortname": "Refresh Configuration Data",
        "inputType": "dropdown",
        "scale": 1.0,
        "offset": 0.0,
        "read": [
          "user01",
          "user02",
          "user03"
        ],
        "write": [
          "user01"
        ],
        "enumRef": "CSW.CFG.REFRESH.ENUM",
        "nameRef": "CSW.CFG.REFRESH.SHORTNAME",
        "infoRef": "CSW.CFG.REFRESH.INFO",
        "dataNotAvailable": 65535
      }
    ],
    "LOAD": [
      {
        "name": "/CSW/LOAD/CFG_LOAD_SHAVING_BLOCK_START",
        "regtype": "uint16",
        "access": "rw",
        "type": "Config",
        "shortname": "Load Shave Block Start",
        "inputType": "timeofday",
        "scale": 1.0,
        "offset": 0.0,
        "units": "min",
        "cascade": true,
        "read": [
          "user01",
          "user02",
          "user03"
        ],
        "write": [
          "user01"
        ],
        "nameRef": "CSW.LOAD.CFG_LOAD_SHAVING_BLOCK_START.SHORTNAME",
        "infoRef": "CSW.LOAD.CFG_LOAD_SHAVING_BLOCK_START.INFO",
        "dataNotAvailable": 65535
      },
      {
        "name": "/CSW/LOAD/CFG_LOAD_SHAVING_BLOCK_END",
        "regtype": "uint16",
        "access": "rw",
        "type": "Config",
        "shortname": "Load Shave Block Stop",
        "inputType": "timeofday",
        "scale": 1.0,
        "offset": 0.0,
        "units": "min",
        "cascade": true,
        "read": [
          "user01",
          "user02",
          "user03"
        ],
        "write": [
          "user01"
        ],
        "nameRef": "CSW.LOAD.CFG_LOAD_SHAVING_BLOCK_END.SHORTNAME",
        "infoRef": "CSW.LOAD.CFG_LOAD_SHAVING_BLOCK_END.INFO",
        "dataNotAvailable": 65535
      }
    ],
    "BAT": [
      {
        "name": "/CSW/BATT/CFG_LOW_BATT_CUT_OUT_V_HYST",
        "regtype": "uint32",
        "access": "rw",
        "type": "Config",
        "shortname": "Low Battery Cut Out Hysteresis",
        "inputType": "slider",
        "scale": 0.001,
        "offset": 0.0,
        "units": "V",
        "cascade": true,
        "read": [
          "user01",
          "user02",
          "user03"
        ],
        "write": [
          "user01"
        ],
        "sliderStep": 0.001,
        "min": "/CSW/BATT/CFG_LOW_BATT_CUT_OUT_V_HYST_MIN",
        "max": "/CSW/BATT/CFG_LOW_BATT_CUT_OUT_V_HYST_MAX",
        "nameRef": "CSW.BATT.CFG_LOW_BATT_CUT_OUT_V_HYST.SHORTNAME",
        "infoRef": "CSW.BATT.CFG_LOW_BATT_CUT_OUT_V_HYST.INFO",
        "dataNotAvailable": 4294967295
      }
    ],
    "CHG": [
      {
        "name": "/CSW/CHG/CFG_ALGORITHM",
        "regtype": "uint16",
        "access": "rw",
        "type": "Config",
        "shortname": "Charge Cycle",
        "inputType": "dropdown",
        "scale": 1.0,
        "offset": 0.0,
        "cascade": true,
        "read": [
          "user01",
          "user02",
          "user03"
        ],
        "write": [
          "user01"
        ],
        "basic": true,
        "enumRef": "CSW.CHG.CFG_ALGORITHM.ENUM",
        "nameRef": "CSW.CHG.CFG_ALGORITHM.SHORTNAME",
        "infoRef": "CSW.CHG.CFG_ALGORITHM.INFO",
        "dataNotAvailable": 65535
      },
      {
        "name": "/CSW/CHG/CFG_I_LIMIT",
        "regtype": "uint16",
        "access": "rw",
        "type": "Config",
        "shortname": "Maximum Charge Rate",
        "inputType": "slider",
        "scale": 1.0,
        "offset": 0.0,
        "units": "%",
        "cascade": true,
        "read": [
          "user01",
          "user02",
          "user03"
        ],
        "write": [
          "user01"
        ],
        "basic": true,
        "sliderStep": 1.0,
        "min": "/CSW/CHG/CFG_I_LIMIT_MIN",
        "max": "/CSW/CHG/CFG_I_LIMIT_MAX",
        "nameRef": "CSW.CHG.CFG_I_LIMIT.SHORTNAME",
        "infoRef": "CSW.CHG.CFG_I_LIMIT.INFO",
        "dataNotAvailable": 65535
      },
      {
        "name": "/CSW/CHG/CFG_EQLZ_ONE_TIME_EN",
        "regtype": "uint16",
        "access": "rw",
        "type": "Config",
        "shortname": "Equalize Now",
        "inputType": "switch",
        "scale": 1.0,
        "offset": 0.0,
        "read": [
          "user01",
          "user02",
          "user03"
        ],
        "write": [
          "user01"
        ],
        "basic": true,
        "enumRef": "CSW.CHG.CFG_EQLZ_ONE_TIME_EN.ENUM",
        "nameRef": "CSW.CHG.CFG_EQLZ_ONE_TIME_EN.SHORTNAME",
        "infoRef": "CSW.CHG.CFG_EQLZ_ONE_TIME_EN.INFO",
        "dataNotAvailable": 65535
      },
      {
        "name": "/CSW/CHG/CFG_OVERRIDE_EN",
        "regtype": "uint16",
        "access": "rw",
        "type": "Config",
        "shortname": "Charger Override Enable/Disable",
        "inputType": "switch",
        "scale": 1.0,
        "offset": 0.0,
        "critical": true,
        "read": [
          "user01",
          "user02",
          "user03"
        ],
        "write": [
          "user01"
        ],
        "enumRef": "CSW.CHG.CFG_OVERRIDE_EN.ENUM",
        "nameRef": "CSW.CHG.CFG_OVERRIDE_EN.SHORTNAME",
        "infoRef": "CSW.CHG.CFG_OVERRIDE_EN.INFO",
        "dataNotAvailable": 65535
      },
      {
        "name": "/CSW/CHG/CFG_TEMP_NO_SENSOR",
        "regtype": "uint16",
        "access": "rw",
        "type": "Config",
        "shortname": "Default Battery Temperature",
        "inputType": "dropdown",
        "scale": 1.0,
        "offset": 0.0,
        "cascade": true,
        "read": [
          "user01",
          "user02",
          "user03"
        ],
        "write": [
          "user01"
        ],
        "enumRef": "CSW.CHG.CFG_TEMP_NO_SENSOR.ENUM",
        "nameRef": "CSW.CHG.CFG_TEMP_NO_SENSOR.SHORTNAME",
        "infoRef": "CSW.CHG.CFG_TEMP_NO_SENSOR.INFO",
        "dataNotAvailable": 65535
      },
      {
        "name": "/CSW/CHG/CFG_EQLZ_V",
        "regtype": "uint32",
        "access": "rw",
        "type": "Config",
        "shortname": "Equalize Voltage Set Point",
        "inputType": "slider",
        "scale": 0.001,
        "offset": 0.0,
        "units": "V",
        "cascade": true,
        "read": [
          "user01",
          "user02",
          "user03"
        ],
        "write": [
          "user01"
        ],
        "sliderStep": 0.001,
        "min": "/CSW/CHG/CFG_EQLZ_V_MIN",
        "max": "/CSW/CHG/CFG_EQLZ_V_MAX",
        "nameRef": "CSW.CHG.CFG_EQLZ_V.SHORTNAME",
        "infoRef": "CSW.CHG.CFG_EQLZ_V.INFO",
        "dataNotAvailable": 4294967295
      },
      {
        "name": "/CSW/CHG/CFG_EQLZ_SUPP_EN",
        "regtype": "uint16",
        "access": "rw",
        "type": "Config",
        "shortname": "Equalize Support",
        "inputType": "switch",
        "scale": 1.0,
        "offset": 0.0,
        "cascade": true,
        "read": [
          "user01",
          "user02",
          "user03"
        ],
        "enumRef": "CSW.CHG.CFG_EQLZ_SUPP_EN.ENUM",
        "nameRef": "CSW.CHG.CFG_EQLZ_SUPP_EN.SHORTNAME",
        "infoRef": "CSW.CHG.CFG_EQLZ_SUPP_EN.INFO",
        "dataNotAvailable": 65535
      },
      {
        "name": "/CSW/CHG/CFG_BULK_V",
        "regtype": "uint32",
        "access": "rw",
        "type": "Config",
        "shortname": "Bulk/Boost Voltage Set Point",
        "inputType": "slider",
        "scale": 0.001,
        "offset": 0.0,
        "units": "V",
        "cascade": true,
        "read": [
          "user01",
          "user02",
          "user03"
        ],
        "write": [
          "user01"
        ],
        "sliderStep": 0.001,
        "min": "/CSW/CHG/CFG_BULK_V_MIN",
        "max": "/CSW/CHG/CFG_BULK_V_MAX",
        "nameRef": "CSW.CHG.CFG_BULK_V.SHORTNAME",
        "infoRef": "CSW.CHG.CFG_BULK_V.INFO",
        "dataNotAvailable": 4294967295
      },
      {
        "name": "/CSW/CHG/CFG_MAX_BULK_I",
        "regtype": "uint32",
        "access": "rw",
        "type": "Config",
        "shortname": "Maximum Bulk Charge Current",
        "inputType": "slider",
        "scale": 0.001,
        "offset": 0.0,
        "units": "A",
        "cascade": true,
        "read": [
          "user01",
          "user02",
          "user03"
        ],
        "write": [
          "user01"
        ],
        "sliderStep": 0.001,
        "min": "/CSW/CHG/CFG_MAX_BULK_I_MIN",
        "max": "/CSW/CHG/CFG_MAX_BULK_I_MAX",
        "nameRef": "CSW.CHG.CFG_MAX_BULK_I.SHORTNAME",
        "infoRef": "CSW.CHG.CFG_MAX_BULK_I.INFO",
        "dataNotAvailable": 4294967295
      },
      {
        "name": "/CSW/CHG/CFG_ABS_V",
        "regtype": "uint32",
        "access": "rw",
        "type": "Config",
        "shortname": "Absorption Voltage Set Point",
        "inputType": "slider",
        "scale": 0.001,
        "offset": 0.0,
        "units": "V",
        "cascade": true,
        "read": [
          "user01",
          "user02",
          "user03"
        ],
        "write": [
          "user01"
        ],
        "sliderStep": 0.001,
        "min": "/CSW/CHG/CFG_ABS_V_MIN",
        "max": "/CSW/CHG/CFG_ABS_V_MAX",
        "nameRef": "CSW.CHG.CFG_ABS_V.SHORTNAME",
        "infoRef": "CSW.CHG.CFG_ABS_V.INFO",
        "dataNotAvailable": 4294967295
      },
      {
        "name": "/CSW/CHG/CFG_MAX_ABS_I",
        "regtype": "uint32",
        "access": "rw",
        "type": "Config",
        "shortname": "Maximum Absorption Charge Current",
        "inputType": "slider",
        "scale": 0.001,
        "offset": 0.0,
        "units": "A",
        "cascade": true,
        "read": [
          "user01",
          "user02",
          "user03"
        ],
        "write": [
          "user01"
        ],
        "sliderStep": 0.001,
        "min": "/CSW/CHG/CFG_MAX_ABS_I_MIN",
        "max": "/CSW/CHG/CFG_MAX_ABS_I_MAX",
        "nameRef": "CSW.CHG.CFG_MAX_ABS_I.SHORTNAME",
        "infoRef": "CSW.CHG.CFG_MAX_ABS_I.INFO",
        "dataNotAvailable": 4294967295
      },
      {
        "name": "/CSW/CHG/CFG_ABS_TERM_TIME_CONST_V",
        "regtype": "uint16",
        "access": "rw",
        "type": "Config",
        "shortname": "Absorption Time",
        "inputType": "slider",
        "scale": 0.016666666666666666,
        "offset": 0.0,
        "units": "min",
        "cascade": true,
        "read": [
          "user01",
          "user02",
          "user03"
        ],
        "write": [
          "user01"
        ],
        "sliderStep": 0.01,
        "min": "/CSW/CHG/CFG_ABS_TERM_TIME_CONST_V_MIN",
        "max": "/CSW/CHG/CFG_ABS_TERM_TIME_CONST_V_MAX",
        "nameRef": "CSW.CHG.CFG_ABS_TERM_TIME_CONST_V.SHORTNAME",
        "infoRef": "CSW.CHG.CFG_ABS_TERM_TIME_CONST_V.INFO",
        "dataNotAvailable": 65535
      },
      {
        "name": "/CSW/CHG/CFG_FLOAT_V",
        "regtype": "uint32",
        "access": "rw",
        "type": "Config",
        "shortname": "Float Voltage Set Point",
        "inputType": "slider",
        "scale": 0.001,
        "offset": 0.0,
        "units": "V",
        "cascade": true,
        "read": [
          "user01",
          "user02",
          "user03"
        ],
        "write": [
          "user01"
        ],
        "sliderStep": 0.001,
        "min": "/CSW/CHG/CFG_FLOAT_V_MIN",
        "max": "/CSW/CHG/CFG_FLOAT_V_MAX",
        "nameRef": "CSW.CHG.CFG_FLOAT_V.SHORTNAME",
        "infoRef": "CSW.CHG.CFG_FLOAT_V.INFO",
        "dataNotAvailable": 4294967295
      },
      {
        "name": "/CSW/CHG/CFG_MAX_FLOAT_I",
        "regtype": "uint32",
        "access": "rw",
        "type": "Config",
        "shortname": "Maximum Float Charge Current",
        "inputType": "slider",
        "scale": 0.001,
        "offset": 0.0,
        "units": "A",
        "cascade": true,
        "read": [
          "user01",
          "user02",
          "user03"
        ],
        "write": [
          "user01"
        ],
        "sliderStep": 0.001,
        "min": "/CSW/CHG/CFG_MAX_FLOAT_I_MIN",
        "max": "/CSW/CHG/CFG_MAX_FLOAT_I_MAX",
        "nameRef": "CSW.CHG.CFG_MAX_FLOAT_I.SHORTNAME",
        "infoRef": "CSW.CHG.CFG_MAX_FLOAT_I.INFO",
        "dataNotAvailable": 4294967295
      },
      {
        "name": "/CSW/CHG/CFG_BLOCK_START",
        "regtype": "uint16",
        "access": "rw",
        "type": "Config",
        "shortname": "Charge Block Start",
        "inputType": "timeofday",
        "scale": 1.0,
        "offset": 0.0,
        "units": "min",
        "cascade": true,
        "read": [
          "user01",
          "user02",
          "user03"
        ],
        "write": [
          "user01"
        ],
        "nameRef": "CSW.CHG.CFG_BLOCK_START.SHORTNAME",
        "infoRef": "CSW.CHG.CFG_BLOCK_START.INFO",
        "dataNotAvailable": 65535
      },
      {
        "name": "/CSW/CHG/CFG_BLOCK_END",
        "regtype": "uint16",
        "access": "rw",
        "type": "Config",
        "shortname": "Charge Block Stop",
        "inputType": "timeofday",
        "scale": 1.0,
        "offset": 0.0,
        "units": "min",
        "cascade": true,
        "read": [
          "user01",
          "user02",
          "user03"
        ],
        "write": [
          "user01"
        ],
        "nameRef": "CSW.CHG.CFG_BLOCK_END.SHORTNAME",
        "infoRef": "CSW.CHG.CFG_BLOCK_END.INFO",
        "dataNotAvailable": 65535
      }
    ],
    "INV": [
      {
        "name": "/CSW/INV/CFG_LOAD_SENSE_EN",
        "regtype": "uint16",
        "access": "rw",
        "type": "Config",
        "shortname": "Search Mode",
        "inputType": "switch",
        "scale": 1.0,
        "offset": 0.0,
        "cascade": true,
        "critical": true,
        "read": [
          "user01",
          "user02",
          "user03"
        ],
        "write": [
          "user01"
        ],
        "basic": true,
        "enumRef": "CSW.INV.CFG_LOAD_SENSE_EN.ENUM",
        "nameRef": "CSW.INV.CFG_LOAD_SENSE_EN.SHORTNAME",
        "infoRef": "CSW.INV.CFG_LOAD_SENSE_EN.INFO",
        "dataNotAvailable": 65535
      },
      {
        "name": "/CSW/INV/CFG_MODE",
        "regtype": "uint16",
        "access": "rw",
        "type": "Config",
        "shortname": "Inverter Mode",
        "inputType": "dropdown",
        "scale": 1.0,
        "offset": 0.0,
        "critical": true,
        "read": [
          "user01",
          "user02",
          "user03"
        ],
        "write": [
          "user01"
        ],
        "basic": true,
        "enumRef": "CSW.INV.CFG_MODE.ENUM",
        "nameRef": "CSW.INV.CFG_MODE.SHORTNAME",
        "infoRef": "CSW.INV.CFG_MODE.INFO",
        "dataNotAvailable": 65535
      },
      {
        "name": "/CSW/INV/CFG_LOAD_SENSE_POWER_THRESHOLD",
        "regtype": "uint16",
        "access": "rw",
        "type": "Config",
        "shortname": "Maximum Search Watts",
        "inputType": "slider",
        "scale": 1.0,
        "offset": 0.0,
        "units": "W",
        "cascade": true,
        "read": [
          "user01",
          "user02",
          "user03"
        ],
        "write": [
          "user01"
        ],
        "sliderStep": 1.0,
        "min": "/CSW/INV/CFG_LOAD_SENSE_POWER_THRESHOLD_MIN",
        "max": "/CSW/INV/CFG_LOAD_SENSE_POWER_THRESHOLD_MAX",
        "nameRef": "CSW.INV.CFG_LOAD_SENSE_POWER_THRESHOLD.SHORTNAME",
        "infoRef": "CSW.INV.CFG_LOAD_SENSE_POWER_THRESHOLD.INFO",
        "dataNotAvailable": 65535
      },
      {
        "name": "/CSW/INV/CFG_LOAD_SENSE_INTERVAL",
        "regtype": "uint16",
        "access": "rw",
        "type": "Config",
        "shortname": "Search Delay",
        "inputType": "slider",
        "scale": 0.01,
        "offset": 0.0,
        "units": "s",
        "cascade": true,
        "read": [
          "user01",
          "user02",
          "user03"
        ],
        "write": [
          "user01"
        ],
        "sliderStep": 0.01,
        "min": "/CSW/INV/CFG_LOAD_SENSE_INTERVAL_MIN",
        "max": "/CSW/INV/CFG_LOAD_SENSE_INTERVAL_MAX",
        "nameRef": "CSW.INV.CFG_LOAD_SENSE_INTERVAL.SHORTNAME",
        "infoRef": "CSW.INV.CFG_LOAD_SENSE_INTERVAL.INFO",
        "dataNotAvailable": 65535
      },
      {
        "name": "/CSW/INV/CFG_BLOCK_START",
        "regtype": "uint16",
        "access": "rw",
        "type": "Config",
        "shortname": "Invert Block Start",
        "inputType": "timeofday",
        "scale": 1.0,
        "offset": 0.0,
        "units": "min",
        "read": [
          "user01",
          "user02",
          "user03"
        ],
        "write": [
          "user01"
        ],
        "nameRef": "CSW.INV.CFG_BLOCK_START.SHORTNAME",
        "infoRef": "CSW.INV.CFG_BLOCK_START.INFO",
        "dataNotAvailable": 65535
      },
      {
        "name": "/CSW/INV/CFG_BLOCK_END",
        "regtype": "uint16",
        "access": "rw",
        "type": "Config",
        "shortname": "Invert Block Stop",
        "inputType": "timeofday",
        "scale": 1.0,
        "offset": 0.0,
        "units": "min",
        "read": [
          "user01",
          "user02",
          "user03"
        ],
        "write": [
          "user01"
        ],
        "nameRef": "CSW.INV.CFG_BLOCK_END.SHORTNAME",
        "infoRef": "CSW.INV.CFG_BLOCK_END.INFO",
        "dataNotAvailable": 65535
      },
      {
        "name": "/CSW/INV/CFG_EURO_FREQ",
        "regtype": "uint16",
        "access": "rw",
        "type": "Config",
        "shortname": "European Frequency",
        "inputType": "switch",
        "scale": 1.0,
        "offset": 0.0,
        "read": [
          "user01",
          "user02",
          "user03"
        ],
        "write": [
          "user01"
        ],
        "enumRef": "CSW.INV.CFG_EURO_FREQ.ENUM",
        "nameRef": "CSW.INV.CFG_EURO_FREQ.SHORTNAME",
        "infoRef": "CSW.INV.CFG_EURO_FREQ.INFO",
        "dataNotAvailable": 65535
      },
      {
        "name": "/CSW/INV/CFG_STORE_INVERT_STATE",
        "regtype": "uint16",
        "access": "rw",
        "type": "Config",
        "shortname": "Store Invert State",
        "inputType": "switch",
        "scale": 1.0,
        "offset": 0.0,
        "read": [
          "user01",
          "user02",
          "user03"
        ],
        "write": [
          "user01"
        ],
        "enumRef": "CSW.INV.CFG_STORE_INVERT_STATE.ENUM",
        "nameRef": "CSW.INV.CFG_STORE_INVERT_STATE.SHORTNAME",
        "infoRef": "CSW.INV.CFG_STORE_INVERT_STATE.INFO",
        "dataNotAvailable": 65535
      },
      {
        "name": "/CSW/INV/CFG_AC_COUPLING",
        "regtype": "uint16",
        "access": "rw",
        "type": "Config",
        "shortname": "AC Coupling",
        "inputType": "switch",
        "scale": 1.0,
        "offset": 0.0,
        "read": [
          "user01",
          "user02",
          "user03"
        ],
        "write": [
          "user01"
        ],
        "enumRef": "CSW.INV.CFG_AC_COUPLING.ENUM",
        "nameRef": "CSW.INV.CFG_AC_COUPLING.SHORTNAME",
        "infoRef": "CSW.INV.CFG_AC_COUPLING.INFO",
        "dataNotAvailable": 65535
      },
      {
        "name": "/CSW/INV/CFG_PLS_DELAY",
        "regtype": "uint16",
        "access": "rw",
        "type": "Config",
        "shortname": "Peak Load Shaving Delay",
        "inputType": "switch",
        "scale": 1.0,
        "offset": 0.0,
        "read": [
          "user01",
          "user02",
          "user03"
        ],
        "write": [
          "user01"
        ],
        "enumRef": "CSW.INV.CFG_PLS_DELAY.ENUM",
        "nameRef": "CSW.INV.CFG_PLS_DELAY.SHORTNAME",
        "infoRef": "CSW.INV.CFG_PLS_DELAY.INFO",
        "dataNotAvailable": 65535
      },
      {
        "name": "/CSW/INV/CFG_ENHANCED_AC_SUPPORT",
        "regtype": "uint16",
        "access": "rw",
        "type": "Config",
        "shortname": "Enhanced AC Support",
        "inputType": "switch",
        "scale": 1.0,
        "offset": 0.0,
        "read": [
          "user01",
          "user02",
          "user03"
        ],
        "write": [
          "user01"
        ],
        "enumRef": "CSW.INV.CFG_ENHANCED_AC_SUPPORT.ENUM",
        "nameRef": "CSW.INV.CFG_ENHANCED_AC_SUPPORT.SHORTNAME",
        "infoRef": "CSW.INV.CFG_ENHANCED_AC_SUPPORT.INFO",
        "dataNotAvailable": 65535
      },
      {
        "name": "/CSW/INV/CFG_NO_LOAD_V_DERATING",
        "regtype": "uint16",
        "access": "rw",
        "type": "Config",
        "shortname": "No Load Voltage Derating",
        "inputType": "switch",
        "scale": 1.0,
        "offset": 0.0,
        "read": [
          "user01",
          "user02",
          "user03"
        ],
        "write": [
          "user01"
        ],
        "enumRef": "CSW.INV.CFG_NO_LOAD_V_DERATING.ENUM",
        "nameRef": "CSW.INV.CFG_NO_LOAD_V_DERATING.SHORTNAME",
        "infoRef": "CSW.INV.CFG_NO_LOAD_V_DERATING.INFO",
        "dataNotAvailable": 65535
      }
    ],
    "DEV": [
      {
        "name": "/CSW/DEV/CFG_PERIODIC_TRANSMIT_ENABLE",
        "regtype": "uint16",
        "access": "rw",
        "type": "Config",
        "shortname": "Periodic Transmit Enable",
        "inputType": "switch",
        "scale": 1.0,
        "offset": 0.0,
        "read": [
          "user01",
          "user02",
          "user03"
        ],
        "write": [
          "user01"
        ],
        "enumRef": "CSW.DEV.CFG_PERIODIC_TRANSMIT_ENABLE.ENUM",
        "nameRef": "CSW.DEV.CFG_PERIODIC_TRANSMIT_ENABLE.SHORTNAME",
        "infoRef": "CSW.DEV.CFG_PERIODIC_TRANSMIT_ENABLE.INFO",
        "dataNotAvailable": 65535
      },
      {
        "name": "/CSW/DEV/CFG_IDENTIFY_ENABLE",
        "regtype": "uint16",
        "access": "rw",
        "type": "Config",
        "shortname": "Identify Enable",
        "inputType": "switch",
        "scale": 1.0,
        "offset": 0.0,
        "read": [
          "user01",
          "user02",
          "user03"
        ],
        "write": [
          "user01"
        ],
        "enumRef": "CSW.DEV.CFG_IDENTIFY_ENABLE.ENUM",
        "nameRef": "CSW.DEV.CFG_IDENTIFY_ENABLE.SHORTNAME",
        "infoRef": "CSW.DEV.CFG_IDENTIFY_ENABLE.INFO",
        "dataNotAvailable": 65535
      }
    ],
    "BMS": [
      {
        "name": "/CSW/BMS/CFG_MAX_DISCHARGE_I",
        "regtype": "uint16",
        "access": "rw",
        "type": "Config",
        "shortname": "Maximum Discharge Current",
        "inputType": "slider",
        "scale": 1.0,
        "offset": 0.0,
        "units": "A",
        "read": [
          "user01",
          "user02",
          "user03"
        ],
        "write": [
          "user01"
        ],
        "sliderStep": 1.0,
        "min": "/CSW/BMS/CFG_MAX_DISCHARGE_I_MIN",
        "max": "/CSW/BMS/CFG_MAX_DISCHARGE_I_MAX",
        "nameRef": "CSW.BMS.CFG_MAX_DISCHARGE_I.SHORTNAME",
        "infoRef": "CSW.BMS.CFG_MAX_DISCHARGE_I.INFO",
        "dataNotAvailable": 65535
      },
      {
        "name": "/CSW/BMS/CFG_MAX_DISCHARGE_TIME_INTERVAL",
        "regtype": "uint16",
        "access": "rw",
        "type": "Config",
        "shortname": "Maximum Discharge Time Interval",
        "inputType": "slider",
        "scale": 0.01,
        "offset": 0.0,
        "units": "s",
        "read": [
          "user01",
          "user02",
          "user03"
        ],
        "write": [
          "user01"
        ],
        "sliderStep": 0.01,
        "min": "/CSW/BMS/CFG_MAX_DISCHARGE_TIME_INTERVAL_MIN",
        "max": "/CSW/BMS/CFG_MAX_DISCHARGE_TIME_INTERVAL_MAX",
        "nameRef": "CSW.BMS.CFG_MAX_DISCHARGE_TIME_INTERVAL.SHORTNAME",
        "infoRef": "CSW.BMS.CFG_MAX_DISCHARGE_TIME_INTERVAL.INFO",
        "dataNotAvailable": 65535
      }
    ],
    "AC1": [
      {
        "name": "/CSW/AC1/CFG_SUPPORT_V",
        "regtype": "uint32",
        "access": "rw",
        "type": "Config",
        "shortname": "AC Support Voltage",
        "inputType": "slider",
        "scale": 0.001,
        "offset": 0.0,
        "units": "V",
        "cascade": true,
        "read": [
          "user01",
          "user02",
          "user03"
        ],
        "write": [
          "user01"
        ],
        "sliderStep": 0.001,
        "min": "/CSW/AC1/CFG_SUPPORT_V_MIN",
        "max": "/CSW/AC1/CFG_SUPPORT_V_MAX",
        "nameRef": "CSW.AC1.CFG_SUPPORT_V.SHORTNAME",
        "infoRef": "CSW.AC1.CFG_SUPPORT_V.INFO",
        "dataNotAvailable": 4294967295
      },
      {
        "name": "/CSW/AC1/CFG_BREAKER_SIZE",
        "regtype": "uint16",
        "access": "rw",
        "type": "Config",
        "shortname": "AC1 Breaker Size",
        "inputType": "slider",
        "scale": 0.01,
        "offset": 0.0,
        "units": "A",
        "cascade": true,
        "read": [
          "user01",
          "user02",
          "user03"
        ],
        "write": [
          "user01"
        ],
        "sliderStep": 0.01,
        "min": "/CSW/AC1/CFG_BREAKER_SIZE_MIN",
        "max": "/CSW/AC1/CFG_BREAKER_SIZE_MAX",
        "nameRef": "CSW.AC1.CFG_BREAKER_SIZE.SHORTNAME",
        "infoRef": "CSW.AC1.CFG_BREAKER_SIZE.INFO",
        "dataNotAvailable": 65535
      },
      {
        "name": "/CSW/AC1/CFG_LOW_V",
        "regtype": "uint32",
        "access": "rw",
        "type": "Config",
        "shortname": "AC1 Low Voltage",
        "inputType": "slider",
        "scale": 0.001,
        "offset": 0.0,
        "units": "V",
        "cascade": true,
        "read": [
          "user01",
          "user02",
          "user03"
        ],
        "write": [
          "user01"
        ],
        "sliderStep": 0.001,
        "min": "/CSW/AC1/CFG_LOW_V_MIN",
        "max": "/CSW/AC1/CFG_LOW_V_MAX",
        "nameRef": "CSW.AC1.CFG_LOW_V.SHORTNAME",
        "infoRef": "CSW.AC1.CFG_LOW_V.INFO",
        "dataNotAvailable": 4294967295
      },
      {
        "name": "/CSW/AC1/CFG_QUALIFY_TIME",
        "regtype": "uint16",
        "access": "rw",
        "type": "Config",
        "shortname": "AC Qualify Time",
        "inputType": "slider",
        "scale": 0.01,
        "offset": 0.0,
        "units": "s",
        "read": [
          "user01",
          "user02",
          "user03"
        ],
        "write": [
          "user01"
        ],
        "sliderStep": 0.01,
        "min": "/CSW/AC1/CFG_QUALIFY_TIME_MIN",
        "max": "/CSW/AC1/CFG_QUALIFY_TIME_MAX",
        "nameRef": "CSW.AC1.CFG_QUALIFY_TIME.SHORTNAME",
        "infoRef": "CSW.AC1.CFG_QUALIFY_TIME.INFO",
        "dataNotAvailable": 65535
      },
      {
        "name": "/CSW/AC1/CFG_HIGH_V",
        "regtype": "uint32",
        "access": "rw",
        "type": "Config",
        "shortname": "AC1 High Voltage",
        "inputType": "slider",
        "scale": 0.001,
        "offset": 0.0,
        "units": "V",
        "cascade": true,
        "read": [
          "user01",
          "user02",
          "user03"
        ],
        "write": [
          "user01"
        ],
        "sliderStep": 0.001,
        "min": "/CSW/AC1/CFG_HIGH_V_MIN",
        "max": "/CSW/AC1/CFG_HIGH_V_MAX",
        "nameRef": "CSW.AC1.CFG_HIGH_V.SHORTNAME",
        "infoRef": "CSW.AC1.CFG_HIGH_V.INFO",
        "dataNotAvailable": 4294967295
      },
      {
        "name": "/CSW/AC1/CFG_LOW_F",
        "regtype": "uint16",
        "access": "rw",
        "type": "Config",
        "shortname": "AC1 Low Frequency",
        "inputType": "slider",
        "scale": 0.01,
        "offset": 0.0,
        "units": "Hz",
        "cascade": true,
        "read": [
          "user01",
          "user02",
          "user03"
        ],
        "write": [
          "user01"
        ],
        "sliderStep": 0.01,
        "min": "/CSW/AC1/CFG_LOW_F_MIN",
        "max": "/CSW/AC1/CFG_LOW_F_MAX",
        "nameRef": "CSW.AC1.CFG_LOW_F.SHORTNAME",
        "infoRef": "CSW.AC1.CFG_LOW_F.INFO",
        "dataNotAvailable": 65535
      },
      {
        "name": "/CSW/AC1/CFG_HIGH_F",
        "regtype": "uint16",
        "access": "rw",
        "type": "Config",
        "shortname": "AC1 High Frequency",
        "inputType": "slider",
        "scale": 0.01,
        "offset": 0.0,
        "units": "Hz",
        "cascade": true,
        "read": [
          "user01",
          "user02",
          "user03"
        ],
        "write": [
          "user01"
        ],
        "sliderStep": 0.01,
        "min": "/CSW/AC1/CFG_HIGH_F_MIN",
        "max": "/CSW/AC1/CFG_HIGH_F_MAX",
        "nameRef": "CSW.AC1.CFG_HIGH_F.SHORTNAME",
        "infoRef": "CSW.AC1.CFG_HIGH_F.INFO",
        "dataNotAvailable": 65535
      },
      {
        "name": "/CSW/AC1/CFG_GRIDTIE_SUPPORT_ENABLE",
        "regtype": "uint16",
        "access": "rw",
        "type": "Config",
        "shortname": "AC Support Mode Enable",
        "inputType": "switch",
        "scale": 1.0,
        "offset": 0.0,
        "cascade": true,
        "read": [
          "user01",
          "user02",
          "user03"
        ],
        "write": [
          "user01"
        ],
        "enumRef": "CSW.AC1.CFG_GRIDTIE_SUPPORT_ENABLE.ENUM",
        "nameRef": "CSW.AC1.CFG_GRIDTIE_SUPPORT_ENABLE.SHORTNAME",
        "infoRef": "CSW.AC1.CFG_GRIDTIE_SUPPORT_ENABLE.INFO",
        "dataNotAvailable": 65535
      }
    ],
    "BATT": [
      {
        "name": "/CSW/BATT/CFG_TYPE",
        "regtype": "uint16",
        "access": "rw",
        "type": "Config",
        "shortname": "Battery Type",
        "inputType": "dropdown",
        "scale": 1.0,
        "offset": 0.0,
        "cascade": true,
        "critical": true,
        "read": [
          "user01",
          "user02",
          "user03"
        ],
        "write": [
          "user01"
        ],
        "enumRef": "CSW.BATT.CFG_TYPE.ENUM",
        "nameRef": "CSW.BATT.CFG_TYPE.SHORTNAME",
        "infoRef": "CSW.BATT.CFG_TYPE.INFO",
        "dataNotAvailable": 65535
      },
      {
        "name": "/CSW/BATT/CFG_AMP_HR_RATING",
        "regtype": "uint16",
        "access": "rw",
        "type": "Config",
        "shortname": "Battery Bank Capacity",
        "inputType": "slider",
        "scale": 1.0,
        "offset": 0.0,
        "units": "Ah",
        "cascade": true,
        "read": [
          "user01",
          "user02",
          "user03"
        ],
        "write": [
          "user01"
        ],
        "sliderStep": 1.0,
        "min": "/CSW/BATT/CFG_AMP_HR_RATING_MIN",
        "max": "/CSW/BATT/CFG_AMP_HR_RATING_MAX",
        "nameRef": "CSW.BATT.CFG_AMP_HR_RATING.SHORTNAME",
        "infoRef": "CSW.BATT.CFG_AMP_HR_RATING.INFO",
        "dataNotAvailable": 65535
      },
      {
        "name": "/CSW/BATT/CFG_TEMP_COEFF",
        "regtype": "uint16",
        "access": "rw",
        "type": "Config",
        "shortname": "Battery Temperature Coefficient",
        "inputType": "slider",
        "scale": -1.0,
        "offset": 0.0,
        "units": "mV/degC",
        "cascade": true,
        "read": [
          "user01",
          "user02",
          "user03"
        ],
        "write": [
          "user01"
        ],
        "sliderStep": 1.0,
        "min": "/CSW/BATT/CFG_TEMP_COEFF_MIN",
        "max": "/CSW/BATT/CFG_TEMP_COEFF_MAX",
        "nameRef": "CSW.BATT.CFG_TEMP_COEFF.SHORTNAME",
        "infoRef": "CSW.BATT.CFG_TEMP_COEFF.INFO",
        "dataNotAvailable": 65535
      },
      {
        "name": "/CSW/BATT/CFG_RECHARGE_V",
        "regtype": "uint32",
        "access": "rw",
        "type": "Config",
        "shortname": "Recharge Voltage",
        "inputType": "slider",
        "scale": 0.001,
        "offset": 0.0,
        "units": "V",
        "cascade": true,
        "read": [
          "user01",
          "user02",
          "user03"
        ],
        "write": [
          "user01"
        ],
        "sliderStep": 0.001,
        "min": "/CSW/BATT/CFG_RECHARGE_V_MIN",
        "max": "/CSW/BATT/CFG_RECHARGE_V_MAX",
        "nameRef": "CSW.BATT.CFG_RECHARGE_V.SHORTNAME",
        "infoRef": "CSW.BATT.CFG_RECHARGE_V.INFO",
        "dataNotAvailable": 4294967295
      },
      {
        "name": "/CSW/BATT/CFG_LOW_BATT_CUT_OUT_V",
        "regtype": "uint32",
        "access": "rw",
        "type": "Config",
        "shortname": "Low Battery Cut Out",
        "inputType": "slider",
        "scale": 0.001,
        "offset": 0.0,
        "units": "V",
        "cascade": true,
        "read": [
          "user01",
          "user02",
          "user03"
        ],
        "write": [
          "user01"
        ],
        "sliderStep": 0.001,
        "min": "/CSW/BATT/CFG_LOW_BATT_CUT_OUT_V_MIN",
        "max": "/CSW/BATT/CFG_LOW_BATT_CUT_OUT_V_MAX",
        "nameRef": "CSW.BATT.CFG_LOW_BATT_CUT_OUT_V.SHORTNAME",
        "infoRef": "CSW.BATT.CFG_LOW_BATT_CUT_OUT_V.INFO",
        "dataNotAvailable": 4294967295
      },
      {
        "name": "/CSW/BATT/CFG_LOW_BATT_CUT_OUT_DELAY",
        "regtype": "uint16",
        "access": "rw",
        "type": "Config",
        "shortname": "Low Battery Cut Out Delay",
        "inputType": "slider",
        "scale": 0.01,
        "offset": 0.0,
        "units": "s",
        "cascade": true,
        "read": [
          "user01",
          "user02",
          "user03"
        ],
        "write": [
          "user01"
        ],
        "sliderStep": 0.01,
        "min": "/CSW/BATT/CFG_LOW_BATT_CUT_OUT_DELAY_MIN",
        "max": "/CSW/BATT/CFG_LOW_BATT_CUT_OUT_DELAY_MAX",
        "nameRef": "CSW.BATT.CFG_LOW_BATT_CUT_OUT_DELAY.SHORTNAME",
        "infoRef": "CSW.BATT.CFG_LOW_BATT_CUT_OUT_DELAY.INFO",
        "dataNotAvailable": 65535
      },
      {
        "name": "/CSW/BATT/CFG_HIGH_BATT_CUT_OUT",
        "regtype": "uint32",
        "access": "rw",
        "type": "Config",
        "shortname": "High Battery Cut Out",
        "inputType": "slider",
        "scale": 0.001,
        "offset": 0.0,
        "units": "V",
        "cascade": true,
        "read": [
          "user01",
          "user02",
          "user03"
        ],
        "write": [
          "user01"
        ],
        "sliderStep": 0.001,
        "min": "/CSW/BATT/CFG_HIGH_BATT_CUT_OUT_MIN",
        "max": "/CSW/BATT/CFG_HIGH_BATT_CUT_OUT_MAX",
        "nameRef": "CSW.BATT.CFG_HIGH_BATT_CUT_OUT.SHORTNAME",
        "infoRef": "CSW.BATT.CFG_HIGH_BATT_CUT_OUT.INFO",
        "dataNotAvailable": 4294967295
      },
      {
        "name": "/CSW/BATT/CFG_GRID_TIE_SOC_ENABLE",
        "regtype": "uint16",
        "access": "rw",
        "type": "Config",
        "shortname": "AC Support on  Battery SOC Enable",
        "inputType": "switch",
        "scale": 1.0,
        "offset": 0.0,
        "cascade": true,
        "critical": true,
        "read": [
          "user01",
          "user02",
          "user03"
        ],
        "write": [
          "user01"
        ],
        "enumRef": "CSW.BATT.CFG_GRID_TIE_SOC_ENABLE.ENUM",
        "nameRef": "CSW.BATT.CFG_GRID_TIE_SOC_ENABLE.SHORTNAME",
        "infoRef": "CSW.BATT.CFG_GRID_TIE_SOC_ENABLE.INFO",
        "dataNotAvailable": 65535
      },
      {
        "name": "/CSW/BATT/CFG_SOC_LEVEL_TO_START_GRID_SUPPORT",
        "regtype": "uint16",
        "access": "rw",
        "type": "Config",
        "shortname": "State of Charge Level to Start AC Support",
        "inputType": "slider",
        "scale": 1.0,
        "offset": 0.0,
        "units": "%",
        "cascade": true,
        "read": [
          "user01",
          "user02",
          "user03"
        ],
        "write": [
          "user01"
        ],
        "sliderStep": 1.0,
        "min": "/CSW/BATT/CFG_SOC_LEVEL_TO_START_GRID_SUPPORT_MIN",
        "max": "/CSW/BATT/CFG_SOC_LEVEL_TO_START_GRID_SUPPORT_MAX",
        "nameRef": "CSW.BATT.CFG_SOC_LEVEL_TO_START_GRID_SUPPORT.SHORTNAME",
        "infoRef": "CSW.BATT.CFG_SOC_LEVEL_TO_START_GRID_SUPPORT.INFO",
        "dataNotAvailable": 65535
      },
      {
        "name": "/CSW/BATT/CFG_SOC_LEVEL_TO_STOP_GRID_SUPPORT",
        "regtype": "uint16",
        "access": "rw",
        "type": "Config",
        "shortname": "State of Charge Level to Stop AC Support",
        "inputType": "slider",
        "scale": 1.0,
        "offset": 0.0,
        "units": "%",
        "cascade": true,
        "read": [
          "user01",
          "user02",
          "user03"
        ],
        "write": [
          "user01"
        ],
        "sliderStep": 1.0,
        "min": "/CSW/BATT/CFG_SOC_LEVEL_TO_STOP_GRID_SUPPORT_MIN",
        "max": "/CSW/BATT/CFG_SOC_LEVEL_TO_STOP_GRID_SUPPORT_MAX",
        "nameRef": "CSW.BATT.CFG_SOC_LEVEL_TO_STOP_GRID_SUPPORT.SHORTNAME",
        "infoRef": "CSW.BATT.CFG_SOC_LEVEL_TO_STOP_GRID_SUPPORT.INFO",
        "dataNotAvailable": 65535
      },
      {
        "name": "/CSW/BATT/CFG_SOC_LEVEL_AC_SUPPORT_ENTRY_TIME",
        "regtype": "uint16",
        "access": "rw",
        "type": "Config",
        "shortname": "Time Delay to Enter AC Support on SOC",
        "inputType": "slider",
        "scale": 1.0,
        "offset": 0.0,
        "units": "s",
        "cascade": true,
        "read": [
          "user01",
          "user02",
          "user03"
        ],
        "write": [
          "user01"
        ],
        "sliderStep": 1.0,
        "min": "/CSW/BATT/CFG_SOC_LEVEL_AC_SUPPORT_ENTRY_TIME_MIN",
        "max": "/CSW/BATT/CFG_SOC_LEVEL_AC_SUPPORT_ENTRY_TIME_MAX",
        "nameRef": "CSW.BATT.CFG_SOC_LEVEL_AC_SUPPORT_ENTRY_TIME.SHORTNAME",
        "infoRef": "CSW.BATT.CFG_SOC_LEVEL_AC_SUPPORT_ENTRY_TIME.INFO",
        "dataNotAvailable": 65535
      },
      {
        "name": "/CSW/BATT/CFG_SOC_LEVEL_AC_SUPPORT_EXIT_TIME",
        "regtype": "uint16",
        "access": "rw",
        "type": "Config",
        "shortname": "Time Delay to Exit AC Support on SOC",
        "inputType": "slider",
        "scale": 1.0,
        "offset": 0.0,
        "units": "s",
        "cascade": true,
        "read": [
          "user01",
          "user02",
          "user03"
        ],
        "write": [
          "user01"
        ],
        "sliderStep": 1.0,
        "min": "/CSW/BATT/CFG_SOC_LEVEL_AC_SUPPORT_EXIT_TIME_MIN",
        "max": "/CSW/BATT/CFG_SOC_LEVEL_AC_SUPPORT_EXIT_TIME_MAX",
        "nameRef": "CSW.BATT.CFG_SOC_LEVEL_AC_SUPPORT_EXIT_TIME.SHORTNAME",
        "infoRef": "CSW.BATT.CFG_SOC_LEVEL_AC_SUPPORT_EXIT_TIME.INFO",
        "dataNotAvailable": 65535
      }
    ],
    "ASSOC": [
      {
        "name": "/CSW/ASSOC/CFG_AC_OUTPUT",
        "regtype": "uint16",
        "access": "rw",
        "type": "Config",
        "shortname": "AC Output Association (Loads)",
        "inputType": "dropdown",
        "scale": 1.0,
        "offset": 0.0,
        "cascade": true,
        "safeMode": true,
        "read": [
          "user01",
          "user02",
          "user03"
        ],
        "write": [
          "user01"
        ],
        "enumRef": "CSW.ASSOC.CFG_AC_OUTPUT.ENUM",
        "nameRef": "CSW.ASSOC.CFG_AC_OUTPUT.SHORTNAME",
        "infoRef": "CSW.ASSOC.CFG_AC_OUTPUT.INFO",
        "dataNotAvailable": 65535
      },
      {
        "name": "/CSW/ASSOC/CFG_AC_INPUT",
        "regtype": "uint16",
        "access": "rw",
        "type": "Config",
        "shortname": "AC Input Association ( Generator )",
        "inputType": "dropdown",
        "scale": 1.0,
        "offset": 0.0,
        "cascade": true,
        "safeMode": true,
        "read": [
          "user01",
          "user02",
          "user03"
        ],
        "write": [
          "user01"
        ],
        "enumRef": "CSW.ASSOC.CFG_AC_INPUT.ENUM",
        "nameRef": "CSW.ASSOC.CFG_AC_INPUT.SHORTNAME",
        "infoRef": "CSW.ASSOC.CFG_AC_INPUT.INFO",
        "dataNotAvailable": 65535
      },
      {
        "name": "/CSW/ASSOC/CFG_DC_INPUT_OUTPUT",
        "regtype": "uint16",
        "access": "rw",
        "type": "Config",
        "shortname": "DC Association (Battery)",
        "inputType": "dropdown",
        "scale": 1.0,
        "offset": 0.0,
        "cascade": true,
        "safeMode": true,
        "read": [
          "user01",
          "user02",
          "user03"
        ],
        "write": [
          "user01"
        ],
        "enumRef": "CSW.ASSOC.CFG_DC_INPUT_OUTPUT.ENUM",
        "nameRef": "CSW.ASSOC.CFG_DC_INPUT_OUTPUT.SHORTNAME",
        "infoRef": "CSW.ASSOC.CFG_DC_INPUT_OUTPUT.INFO",
        "dataNotAvailable": 65535
      }
    ],
    "LPHD": [
      {
        "name": "/CSW/LPHD/CFG_DEVICE_NAME",
        "regtype": "str16",
        "access": "rw",
        "type": "Config",
        "shortname": "Device Name",
        "inputType": "textbox",
        "read": [
          "user01",
          "user02",
          "user03"
        ],
        "write": [
          "user01"
        ],
        "nameRef": "CSW.LPHD.CFG_DEVICE_NAME.SHORTNAME",
        "infoRef": "CSW.LPHD.CFG_DEVICE_NAME.INFO"
      },
      {
        "name": "/CSW/LPHD/CFG_DEVICE_INSTANCE",
        "regtype": "uint16",
        "access": "rw",
        "type": "Config",
        "shortname": "Device Number",
        "inputType": "textbox",
        "scale": 1.0,
        "offset": 0.0,
        "read": [
          "user01",
          "user02",
          "user03"
        ],
        "write": [
          "user01"
        ],
        "nameRef": "CSW.LPHD.CFG_DEVICE_INSTANCE.SHORTNAME",
        "infoRef": "CSW.LPHD.CFG_DEVICE_INSTANCE.INFO",
        "dataNotAvailable": 65535
      },
      {
        "name": "/CSW/LPHD/CFG_SYSTEM_INSTANCE",
        "regtype": "uint16",
        "access": "rw",
        "type": "Config",
        "shortname": "System Instance",
        "inputType": "textbox",
        "scale": 1.0,
        "offset": 0.0,
        "read": [
          "user01",
          "user02",
          "user03"
        ],
        "write": [
          "user01"
        ],
        "nameRef": "CSW.LPHD.CFG_SYSTEM_INSTANCE.SHORTNAME",
        "infoRef": "CSW.LPHD.CFG_SYSTEM_INSTANCE.INFO",
        "dataNotAvailable": 65535
      }
    ],
    "GEN": [
      {
        "name": "/CSW/GEN/CFG_GEN_SUPPORT_ENABLE",
        "regtype": "uint16",
        "access": "rw",
        "type": "Config",
        "shortname": "Peak Load Shaving Enable",
        "inputType": "switch",
        "scale": 1.0,
        "offset": 0.0,
        "cascade": true,
        "read": [
          "user01",
          "user02",
          "user03"
        ],
        "write": [
          "user01"
        ],
        "enumRef": "CSW.GEN.CFG_GEN_SUPPORT_ENABLE.ENUM",
        "nameRef": "CSW.GEN.CFG_GEN_SUPPORT_ENABLE.SHORTNAME",
        "infoRef": "CSW.GEN.CFG_GEN_SUPPORT_ENABLE.INFO",
        "dataNotAvailable": 65535
      },
      {
        "name": "/CSW/GEN/CFG_SUPPORT_I",
        "regtype": "uint32",
        "access": "rw",
        "type": "Config",
        "shortname": "Peak Load Shaving Current",
        "inputType": "slider",
        "scale": 0.001,
        "offset": 0.0,
        "units": "A",
        "cascade": true,
        "read": [
          "user01",
          "user02",
          "user03"
        ],
        "write": [
          "user01"
        ],
        "sliderStep": 0.001,
        "min": "/CSW/GEN/CFG_SUPPORT_I_MIN",
        "max": "/CSW/GEN/CFG_SUPPORT_I_MAX",
        "nameRef": "CSW.GEN.CFG_SUPPORT_I.SHORTNAME",
        "infoRef": "CSW.GEN.CFG_SUPPORT_I.INFO",
        "dataNotAvailable": 4294967295
      }
    ]
  }
}