{
  "GT": {
    "Control": [
      {
        "name": "/GT/DEV/CFG_RESET",
        "regtype": "uint16",
        "access": "rw",
        "type": "Control",
        "shortname": "Reset",
        "inputType": "dropdown",
        "scale": 1.0,
        "offset": 0.0,
        "read": [
          "user01",
          "user02",
          "user03"
        ],
        "write": [
          "user01"
        ],
        "enumRef": "GT.DEV.CFG_RESET.ENUM",
        "nameRef": "GT.DEV.CFG_RESET.SHORTNAME",
        "infoRef": "GT.DEV.CFG_RESET.INFO",
        "dataNotAvailable": 65535
      },
      {
        "name": "/GT/DEV/CFG_OPMODE",
        "regtype": "uint16",
        "access": "rw",
        "type": "Control",
        "shortname": "Operating Mode",
        "inputType": "dropdown",
        "scale": 1.0,
        "offset": 0.0,
        "read": [
          "user01",
          "user02",
          "user03"
        ],
        "write": [
          "user01"
        ],
        "basic": true,
        "enumRef": "GT.DEV.CFG_OPMODE.ENUM",
        "nameRef": "GT.DEV.CFG_OPMODE.SHORTNAME",
        "infoRef": "GT.DEV.CFG_OPMODE.INFO",
        "dataNotAvailable": 65535
      },
      {
        "name": "/GT/DEV/CFG_CLEAR",
        "regtype": "uint16",
        "access": "rw",
        "type": "Control",
        "shortname": "Clear",
        "inputType": "dropdown",
        "scale": 1.0,
        "offset": 0.0,
        "read": [
          "user01",
          "user02",
          "user03"
        ],
        "write": [
          "user01"
        ],
        "enumRef": "GT.DEV.CFG_CLEAR.ENUM",
        "nameRef": "GT.DEV.CFG_CLEAR.SHORTNAME",
        "infoRef": "GT.DEV.CFG_CLEAR.INFO",
        "dataNotAvailable": 65535
      },
      {
        "name": "/GT/CFG/REFRESH",
        "regtype": "uint16",
        "access": "rw",
        "type": "Control",
        "shortname": "Refresh Configuration Data",
        "inputType": "dropdown",
        "scale": 1.0,
        "offset": 0.0,
        "read": [
          "user01",
          "user02",
          "user03"
        ],
        "write": [
          "user01"
        ],
        "enumRef": "GT.CFG.REFRESH.ENUM",
        "nameRef": "GT.CFG.REFRESH.SHORTNAME",
        "infoRef": "GT.CFG.REFRESH.INFO",
        "dataNotAvailable": 65535
      }
    ],
    "ASSOC": [
      {
        "name": "/GT/ASSOC/CFG_DC_INPUT",
        "regtype": "uint16",
        "access": "rw",
        "type": "Config",
        "shortname": "DC Input Association",
        "inputType": "dropdown",
        "scale": 1.0,
        "offset": 0.0,
        "safeMode": true,
        "read": [
          "user01",
          "user02",
          "user03"
        ],
        "write": [
          "user01"
        ],
        "enumRef": "GT.ASSOC.CFG_DC_INPUT.ENUM",
        "nameRef": "GT.ASSOC.CFG_DC_INPUT.SHORTNAME",
        "infoRef": "GT.ASSOC.CFG_DC_INPUT.INFO",
        "dataNotAvailable": 65535
      },
      {
        "name": "/GT/ASSOC/CFG_AC_OUTPUT",
        "regtype": "uint16",
        "access": "rw",
        "type": "Config",
        "shortname": "AC Output Association",
        "inputType": "dropdown",
        "scale": 1.0,
        "offset": 0.0,
        "safeMode": true,
        "read": [
          "user01",
          "user02",
          "user03"
        ],
        "write": [
          "user01"
        ],
        "enumRef": "GT.ASSOC.CFG_AC_OUTPUT.ENUM",
        "nameRef": "GT.ASSOC.CFG_AC_OUTPUT.SHORTNAME",
        "infoRef": "GT.ASSOC.CFG_AC_OUTPUT.INFO",
        "dataNotAvailable": 65535
      }
    ],
    "LPHD": [
      {
        "name": "/GT/LPHD/CFG_DEVICE_NAME",
        "regtype": "str16",
        "access": "rw",
        "type": "Config",
        "shortname": "Device Name",
        "inputType": "textbox",
        "read": [
          "user01",
          "user02",
          "user03"
        ],
        "write": [
          "user01"
        ],
        "nameRef": "GT.LPHD.CFG_DEVICE_NAME.SHORTNAME",
        "infoRef": "GT.LPHD.CFG_DEVICE_NAME.INFO"
      },
      {
        "name": "/GT/LPHD/CFG_DEVICE_INSTANCE",
        "regtype": "uint16",
        "access": "rw",
        "type": "Config",
        "shortname": "Device Number",
        "inputType": "textbox",
        "scale": 1.0,
        "offset": 0.0,
        "read": [
          "user01",
          "user02",
          "user03"
        ],
        "write": [
          "user01"
        ],
        "basic": true,
        "nameRef": "GT.LPHD.CFG_DEVICE_INSTANCE.SHORTNAME",
        "infoRef": "GT.LPHD.CFG_DEVICE_INSTANCE.INFO",
        "dataNotAvailable": 65535
      },
      {
        "name": "/GT/LPHD/CFG_SYSTEM_INSTANCE",
        "regtype": "uint16",
        "access": "rw",
        "type": "Config",
        "shortname": "System Instance",
        "inputType": "textbox",
        "scale": 1.0,
        "offset": 0.0,
        "read": [
          "user01",
          "user02",
          "user03"
        ],
        "write": [
          "user01"
        ],
        "nameRef": "GT.LPHD.CFG_SYSTEM_INSTANCE.SHORTNAME",
        "infoRef": "GT.LPHD.CFG_SYSTEM_INSTANCE.INFO",
        "dataNotAvailable": 65535
      }
    ],
    "DEV": [
      {
        "name": "/GT/DEV/CFG_PERIODIC_TRANSMIT_ENABLE",
        "regtype": "uint16",
        "access": "rw",
        "type": "Config",
        "shortname": "Periodic Transmit Enable",
        "inputType": "switch",
        "scale": 1.0,
        "offset": 0.0,
        "read": [
          "user01",
          "user02",
          "user03"
        ],
        "write": [
          "user01"
        ],
        "enumRef": "GT.DEV.CFG_PERIODIC_TRANSMIT_ENABLE.ENUM",
        "nameRef": "GT.DEV.CFG_PERIODIC_TRANSMIT_ENABLE.SHORTNAME",
        "infoRef": "GT.DEV.CFG_PERIODIC_TRANSMIT_ENABLE.INFO",
        "dataNotAvailable": 65535
      },
      {
        "name": "/GT/DEV/CFG_IDENTIFY_ENABLE",
        "regtype": "uint16",
        "access": "rw",
        "type": "Config",
        "shortname": "Identify Enable",
        "inputType": "switch",
        "scale": 1.0,
        "offset": 0.0,
        "read": [
          "user01",
          "user02",
          "user03"
        ],
        "write": [
          "user01"
        ],
        "enumRef": "GT.DEV.CFG_IDENTIFY_ENABLE.ENUM",
        "nameRef": "GT.DEV.CFG_IDENTIFY_ENABLE.SHORTNAME",
        "infoRef": "GT.DEV.CFG_IDENTIFY_ENABLE.INFO",
        "dataNotAvailable": 65535
      }
    ]
  }
}