{
  "MPPT": {
    "Control": [
      {
        "name": "/MPPT/CHG/CFG_ENABLE",
        "regtype": "uint16",
        "access": "rw",
        "type": "Control",
        "shortname": "Charger Enable/Disable",
        "inputType": "switch",
        "scale": 1.0,
        "offset": 0.0,
        "read": [
          "user01",
          "user02",
          "user03"
        ],
        "write": [
          "user01"
        ],
        "basic": true,
        "enumRef": "MPPT.CHG.CFG_ENABLE.ENUM",
        "nameRef": "MPPT.CHG.CFG_ENABLE.SHORTNAME",
        "infoRef": "MPPT.CHG.CFG_ENABLE.INFO",
        "dataNotAvailable": 65535
      },
      {
        "name": "/MPPT/CHG/CFG_FORCE_CHARGE",
        "regtype": "uint16",
        "access": "rw",
        "type": "Control",
        "shortname": "Force Charger State",
        "inputType": "dropdown",
        "scale": 1.0,
        "offset": 0.0,
        "read": [
          "user01",
          "user02",
          "user03"
        ],
        "write": [
          "user01"
        ],
        "basic": true,
        "enumRef": "MPPT.CHG.CFG_FORCE_CHARGE.ENUM",
        "nameRef": "MPPT.CHG.CFG_FORCE_CHARGE.SHORTNAME",
        "infoRef": "MPPT.CHG.CFG_FORCE_CHARGE.INFO",
        "dataNotAvailable": 65535
      },
      {
        "name": "/MPPT/DEV/CFG_RESET",
        "regtype": "uint16",
        "access": "rw",
        "type": "Control",
        "shortname": "Reset",
        "inputType": "dropdown",
        "scale": 1.0,
        "offset": 0.0,
        "read": [
          "user01",
          "user02",
          "user03"
        ],
        "write": [
          "user01"
        ],
        "enumRef": "MPPT.DEV.CFG_RESET.ENUM",
        "nameRef": "MPPT.DEV.CFG_RESET.SHORTNAME",
        "infoRef": "MPPT.DEV.CFG_RESET.INFO",
        "dataNotAvailable": 65535
      },
      {
        "name": "/MPPT/DEV/CFG_OPMODE",
        "regtype": "uint16",
        "access": "rw",
        "type": "Control",
        "shortname": "Operating Mode",
        "inputType": "dropdown",
        "scale": 1.0,
        "offset": 0.0,
        "read": [
          "user01",
          "user02",
          "user03"
        ],
        "write": [
          "user01"
        ],
        "basic": true,
        "enumRef": "MPPT.DEV.CFG_OPMODE.ENUM",
        "nameRef": "MPPT.DEV.CFG_OPMODE.SHORTNAME",
        "infoRef": "MPPT.DEV.CFG_OPMODE.INFO",
        "dataNotAvailable": 65535
      },
      {
        "name": "/MPPT/DEV/CFG_CLEAR",
        "regtype": "uint16",
        "access": "rw",
        "type": "Control",
        "shortname": "Clear",
        "inputType": "dropdown",
        "scale": 1.0,
        "offset": 0.0,
        "read": [
          "user01",
          "user02",
          "user03"
        ],
        "write": [
          "user01"
        ],
        "enumRef": "MPPT.DEV.CFG_CLEAR.ENUM",
        "nameRef": "MPPT.DEV.CFG_CLEAR.SHORTNAME",
        "infoRef": "MPPT.DEV.CFG_CLEAR.INFO",
        "dataNotAvailable": 65535
      },
      {
        "name": "/MPPT/AUX/CFG_MANUAL_STS",
        "regtype": "uint16",
        "access": "rw",
        "type": "Control",
        "shortname": "Manual Aux",
        "inputType": "dropdown",
        "scale": 1.0,
        "offset": 0.0,
        "read": [
          "user01",
          "user02",
          "user03"
        ],
        "write": [
          "user01"
        ],
        "basic": true,
        "enumRef": "MPPT.AUX.CFG_MANUAL_STS.ENUM",
        "nameRef": "MPPT.AUX.CFG_MANUAL_STS.SHORTNAME",
        "infoRef": "MPPT.AUX.CFG_MANUAL_STS.INFO",
        "dataNotAvailable": 65535
      },
      {
        "name": "/MPPT/CFG/REFRESH",
        "regtype": "uint16",
        "access": "rw",
        "type": "Control",
        "shortname": "Refresh Configuration Data",
        "inputType": "dropdown",
        "scale": 1.0,
        "offset": 0.0,
        "read": [
          "user01",
          "user02",
          "user03"
        ],
        "write": [
          "user01"
        ],
        "enumRef": "MPPT.CFG.REFRESH.ENUM",
        "nameRef": "MPPT.CFG.REFRESH.SHORTNAME",
        "infoRef": "MPPT.CFG.REFRESH.INFO",
        "dataNotAvailable": 65535
      }
    ],
    "PV": [
      {
        "name": "/MPPT/PV/CFG_EN",
        "regtype": "uint16",
        "access": "rw",
        "type": "Config",
        "shortname": "Maximum Power Point Tracking",
        "inputType": "switch",
        "scale": 1.0,
        "offset": 0.0,
        "critical": true,
        "read": [
          "user01",
          "user02",
          "user03"
        ],
        "write": [
          "user01"
        ],
        "basic": true,
        "enumRef": "MPPT.PV.CFG_EN.ENUM",
        "nameRef": "MPPT.PV.CFG_EN.SHORTNAME",
        "infoRef": "MPPT.PV.CFG_EN.INFO",
        "dataNotAvailable": 65535
      },
      {
        "name": "/MPPT/PV/CFG_REF_VOLTS",
        "regtype": "uint32",
        "access": "rw",
        "type": "Config",
        "shortname": "MPPT Reference Voltage",
        "inputType": "slider",
        "scale": 0.001,
        "offset": 0.0,
        "units": "V",
        "critical": true,
        "read": [
          "user01",
          "user02",
          "user03"
        ],
        "write": [
          "user01"
        ],
        "basic": true,
        "sliderStep": 0.001,
        "min": "/MPPT/PV/CFG_REF_VOLTS_MIN",
        "max": "/MPPT/PV/CFG_REF_VOLTS_MAX",
        "nameRef": "MPPT.PV.CFG_REF_VOLTS.SHORTNAME",
        "infoRef": "MPPT.PV.CFG_REF_VOLTS.INFO",
        "dataNotAvailable": 4294967295
      }
    ],
    "CHG": [
      {
        "name": "/MPPT/CHG/CFG_EQLZ_V",
        "regtype": "uint32",
        "access": "rw",
        "type": "Config",
        "shortname": "Equalize Voltage Set Point",
        "inputType": "slider",
        "scale": 0.001,
        "offset": 0.0,
        "units": "V",
        "cascade": true,
        "read": [
          "user01",
          "user02",
          "user03"
        ],
        "write": [
          "user01"
        ],
        "sliderStep": 0.001,
        "min": "/MPPT/CHG/CFG_EQLZ_V_MIN",
        "max": "/MPPT/CHG/CFG_EQLZ_V_MAX",
        "nameRef": "MPPT.CHG.CFG_EQLZ_V.SHORTNAME",
        "infoRef": "MPPT.CHG.CFG_EQLZ_V.INFO",
        "dataNotAvailable": 4294967295
      },
      {
        "name": "/MPPT/CHG/CFG_EQLZ_SUPP_EN",
        "regtype": "uint16",
        "access": "rw",
        "type": "Config",
        "shortname": "Equalize Support",
        "inputType": "switch",
        "scale": 1.0,
        "offset": 0.0,
        "cascade": true,
        "read": [
          "user01",
          "user02",
          "user03"
        ],
        "write": [
          "user01"
        ],
        "enumRef": "MPPT.CHG.CFG_EQLZ_SUPP_EN.ENUM",
        "nameRef": "MPPT.CHG.CFG_EQLZ_SUPP_EN.SHORTNAME",
        "infoRef": "MPPT.CHG.CFG_EQLZ_SUPP_EN.INFO",
        "dataNotAvailable": 65535
      },
      {
        "name": "/MPPT/CHG/CFG_BULK_V",
        "regtype": "uint32",
        "access": "rw",
        "type": "Config",
        "shortname": "Bulk/Boost Voltage Set Point",
        "inputType": "slider",
        "scale": 0.001,
        "offset": 0.0,
        "units": "V",
        "cascade": true,
        "read": [
          "user01",
          "user02",
          "user03"
        ],
        "write": [
          "user01"
        ],
        "sliderStep": 0.001,
        "min": "/MPPT/CHG/CFG_BULK_V_MIN",
        "max": "/MPPT/CHG/CFG_BULK_V_MAX",
        "nameRef": "MPPT.CHG.CFG_BULK_V.SHORTNAME",
        "infoRef": "MPPT.CHG.CFG_BULK_V.INFO",
        "dataNotAvailable": 4294967295
      },
      {
        "name": "/MPPT/CHG/CFG_FLOAT_V",
        "regtype": "uint32",
        "access": "rw",
        "type": "Config",
        "shortname": "Float Voltage Set Point",
        "inputType": "slider",
        "scale": 0.001,
        "offset": 0.0,
        "units": "V",
        "cascade": true,
        "read": [
          "user01",
          "user02",
          "user03"
        ],
        "write": [
          "user01"
        ],
        "sliderStep": 0.001,
        "min": "/MPPT/CHG/CFG_FLOAT_V_MIN",
        "max": "/MPPT/CHG/CFG_FLOAT_V_MAX",
        "nameRef": "MPPT.CHG.CFG_FLOAT_V.SHORTNAME",
        "infoRef": "MPPT.CHG.CFG_FLOAT_V.INFO",
        "dataNotAvailable": 4294967295
      },
      {
        "name": "/MPPT/CHG/CFG_FLOAT_TERM_V",
        "regtype": "uint32",
        "access": "rw",
        "type": "Config",
        "shortname": "Recharge Voltage",
        "inputType": "slider",
        "scale": 0.001,
        "offset": 0.0,
        "units": "V",
        "cascade": true,
        "read": [
          "user01",
          "user02",
          "user03"
        ],
        "write": [
          "user01"
        ],
        "basic": true,
        "sliderStep": 0.001,
        "min": "/MPPT/CHG/CFG_FLOAT_TERM_V_MIN",
        "max": "/MPPT/CHG/CFG_FLOAT_TERM_V_MAX",
        "nameRef": "MPPT.CHG.CFG_FLOAT_TERM_V.SHORTNAME",
        "infoRef": "MPPT.CHG.CFG_FLOAT_TERM_V.INFO",
        "dataNotAvailable": 4294967295
      },
      {
        "name": "/MPPT/CHG/CFG_ABS_V",
        "regtype": "uint32",
        "access": "rw",
        "type": "Config",
        "shortname": "Absorption Voltage Set Point",
        "inputType": "slider",
        "scale": 0.001,
        "offset": 0.0,
        "units": "V",
        "cascade": true,
        "read": [
          "user01",
          "user02",
          "user03"
        ],
        "write": [
          "user01"
        ],
        "sliderStep": 0.001,
        "min": "/MPPT/CHG/CFG_ABS_V_MIN",
        "max": "/MPPT/CHG/CFG_ABS_V_MAX",
        "nameRef": "MPPT.CHG.CFG_ABS_V.SHORTNAME",
        "infoRef": "MPPT.CHG.CFG_ABS_V.INFO",
        "dataNotAvailable": 4294967295
      },
      {
        "name": "/MPPT/CHG/CFG_ABS_TERM_TIME_CONST_V",
        "regtype": "uint16",
        "access": "rw",
        "type": "Config",
        "shortname": "Absorption Time",
        "inputType": "slider",
        "scale": 0.016666666666666666,
        "offset": 0.0,
        "units": "min",
        "cascade": true,
        "read": [
          "user01",
          "user02",
          "user03"
        ],
        "write": [
          "user01"
        ],
        "sliderStep": 0.01,
        "min": "/MPPT/CHG/CFG_ABS_TERM_TIME_CONST_V_MIN",
        "max": "/MPPT/CHG/CFG_ABS_TERM_TIME_CONST_V_MAX",
        "nameRef": "MPPT.CHG.CFG_ABS_TERM_TIME_CONST_V.SHORTNAME",
        "infoRef": "MPPT.CHG.CFG_ABS_TERM_TIME_CONST_V.INFO",
        "dataNotAvailable": 65535
      },
      {
        "name": "/MPPT/CHG/CFG_ALGORITHM",
        "regtype": "uint16",
        "access": "rw",
        "type": "Config",
        "shortname": "Charge Cycle",
        "inputType": "dropdown",
        "scale": 1.0,
        "offset": 0.0,
        "cascade": true,
        "read": [
          "user01",
          "user02",
          "user03"
        ],
        "write": [
          "user01"
        ],
        "basic": true,
        "enumRef": "MPPT.CHG.CFG_ALGORITHM.ENUM",
        "nameRef": "MPPT.CHG.CFG_ALGORITHM.SHORTNAME",
        "infoRef": "MPPT.CHG.CFG_ALGORITHM.INFO",
        "dataNotAvailable": 65535
      },
      {
        "name": "/MPPT/CHG/CFG_I_LIMIT",
        "regtype": "uint16",
        "access": "rw",
        "type": "Config",
        "shortname": "Maximum Charge Rate",
        "inputType": "slider",
        "scale": 1.0,
        "offset": 0.0,
        "units": "%",
        "cascade": true,
        "read": [
          "user01",
          "user02",
          "user03"
        ],
        "write": [
          "user01"
        ],
        "sliderStep": 1.0,
        "min": "/MPPT/CHG/CFG_I_LIMIT_MIN",
        "max": "/MPPT/CHG/CFG_I_LIMIT_MAX",
        "nameRef": "MPPT.CHG.CFG_I_LIMIT.SHORTNAME",
        "infoRef": "MPPT.CHG.CFG_I_LIMIT.INFO",
        "dataNotAvailable": 65535
      },
      {
        "name": "/MPPT/CHG/CFG_EQLZ_ONE_TIME_EN_DIS",
        "regtype": "uint16",
        "access": "rw",
        "type": "Config",
        "shortname": "Equalize Now",
        "inputType": "switch",
        "scale": 1.0,
        "offset": 0.0,
        "read": [
          "user01",
          "user02",
          "user03"
        ],
        "write": [
          "user01"
        ],
        "basic": true,
        "enumRef": "MPPT.CHG.CFG_EQLZ_ONE_TIME_EN_DIS.ENUM",
        "nameRef": "MPPT.CHG.CFG_EQLZ_ONE_TIME_EN_DIS.SHORTNAME",
        "infoRef": "MPPT.CHG.CFG_EQLZ_ONE_TIME_EN_DIS.INFO",
        "dataNotAvailable": 65535
      },
      {
        "name": "/MPPT/CHG/CFG_MODE",
        "regtype": "uint16",
        "access": "rw",
        "type": "Config",
        "shortname": "Charge Mode",
        "inputType": "dropdown",
        "scale": 1.0,
        "offset": 0.0,
        "critical": true,
        "read": [
          "user01",
          "user02",
          "user03"
        ],
        "write": [
          "user01"
        ],
        "basic": true,
        "enumRef": "MPPT.CHG.CFG_MODE.ENUM",
        "nameRef": "MPPT.CHG.CFG_MODE.SHORTNAME",
        "infoRef": "MPPT.CHG.CFG_MODE.INFO",
        "dataNotAvailable": 65535
      },
      {
        "name": "/MPPT/CHG/CFG_BATT_TEMP_NO_SENSOR",
        "regtype": "uint16",
        "access": "rw",
        "type": "Config",
        "shortname": "Default Battery Temperature",
        "inputType": "dropdown",
        "scale": 1.0,
        "offset": 0.0,
        "cascade": true,
        "read": [
          "user01",
          "user02",
          "user03"
        ],
        "write": [
          "user01"
        ],
        "enumRef": "MPPT.CHG.CFG_BATT_TEMP_NO_SENSOR.ENUM",
        "nameRef": "MPPT.CHG.CFG_BATT_TEMP_NO_SENSOR.SHORTNAME",
        "infoRef": "MPPT.CHG.CFG_BATT_TEMP_NO_SENSOR.INFO",
        "dataNotAvailable": 65535
      }
    ],
    "DEV": [
      {
        "name": "/MPPT/DEV/CFG_PERIODIC_TRANSMIT_ENABLE",
        "regtype": "uint16",
        "access": "rw",
        "type": "Config",
        "shortname": "Periodic Transmit Enable",
        "inputType": "switch",
        "scale": 1.0,
        "offset": 0.0,
        "read": [
          "user01",
          "user02",
          "user03"
        ],
        "write": [
          "user01"
        ],
        "enumRef": "MPPT.DEV.CFG_PERIODIC_TRANSMIT_ENABLE.ENUM",
        "nameRef": "MPPT.DEV.CFG_PERIODIC_TRANSMIT_ENABLE.SHORTNAME",
        "infoRef": "MPPT.DEV.CFG_PERIODIC_TRANSMIT_ENABLE.INFO",
        "dataNotAvailable": 65535
      },
      {
        "name": "/MPPT/DEV/CFG_IDENTIFY_ENABLE",
        "regtype": "uint16",
        "access": "rw",
        "type": "Config",
        "shortname": "Identify Enable",
        "inputType": "switch",
        "scale": 1.0,
        "offset": 0.0,
        "read": [
          "user01",
          "user02",
          "user03"
        ],
        "write": [
          "user01"
        ],
        "enumRef": "MPPT.DEV.CFG_IDENTIFY_ENABLE.ENUM",
        "nameRef": "MPPT.DEV.CFG_IDENTIFY_ENABLE.SHORTNAME",
        "infoRef": "MPPT.DEV.CFG_IDENTIFY_ENABLE.INFO",
        "dataNotAvailable": 65535
      }
    ],
    "BATT": [
      {
        "name": "/MPPT/BATT/CFG_TYPE",
        "regtype": "uint16",
        "access": "rw",
        "type": "Config",
        "shortname": "Battery Type",
        "inputType": "dropdown",
        "scale": 1.0,
        "offset": 0.0,
        "cascade": true,
        "critical": true,
        "read": [
          "user01",
          "user02",
          "user03"
        ],
        "write": [
          "user01"
        ],
        "basic": true,
        "enumRef": "MPPT.BATT.CFG_TYPE.ENUM",
        "nameRef": "MPPT.BATT.CFG_TYPE.SHORTNAME",
        "infoRef": "MPPT.BATT.CFG_TYPE.INFO",
        "dataNotAvailable": 65535
      },
      {
        "name": "/MPPT/BATT/CFG_NOM_V",
        "regtype": "uint32",
        "access": "rw",
        "type": "Config",
        "shortname": "Nominal Battery Voltage",
        "inputType": "dropdown",
        "scale": 0.001,
        "offset": 0.0,
        "units": "V",
        "cascade": true,
        "critical": true,
        "read": [
          "user01",
          "user02",
          "user03"
        ],
        "write": [
          "user01"
        ],
        "basic": true,
        "enumRef": "MPPT.BATT.CFG_NOM_V.ENUM",
        "nameRef": "MPPT.BATT.CFG_NOM_V.SHORTNAME",
        "infoRef": "MPPT.BATT.CFG_NOM_V.INFO",
        "dataNotAvailable": 4294967295
      },
      {
        "name": "/MPPT/BATT/CFG_AMP_HR_RATING",
        "regtype": "uint16",
        "access": "rw",
        "type": "Config",
        "shortname": "Battery Bank Capacity",
        "inputType": "slider",
        "scale": 1.0,
        "offset": 0.0,
        "units": "Ah",
        "cascade": true,
        "read": [
          "user01",
          "user02",
          "user03"
        ],
        "write": [
          "user01"
        ],
        "basic": true,
        "sliderStep": 1.0,
        "min": "/MPPT/BATT/CFG_AMP_HR_RATING_MIN",
        "max": "/MPPT/BATT/CFG_AMP_HR_RATING_MAX",
        "nameRef": "MPPT.BATT.CFG_AMP_HR_RATING.SHORTNAME",
        "infoRef": "MPPT.BATT.CFG_AMP_HR_RATING.INFO",
        "dataNotAvailable": 65535
      },
      {
        "name": "/MPPT/BATT/CFG_TEMP_COEFF",
        "regtype": "uint16",
        "access": "rw",
        "type": "Config",
        "shortname": "Battery Temperature Coefficient",
        "inputType": "slider",
        "scale": -1.0,
        "offset": 0.0,
        "units": "mV/degC",
        "cascade": true,
        "read": [
          "user01",
          "user02",
          "user03"
        ],
        "write": [
          "user01"
        ],
        "sliderStep": 1.0,
        "min": "/MPPT/BATT/CFG_TEMP_COEFF_MIN",
        "max": "/MPPT/BATT/CFG_TEMP_COEFF_MAX",
        "nameRef": "MPPT.BATT.CFG_TEMP_COEFF.SHORTNAME",
        "infoRef": "MPPT.BATT.CFG_TEMP_COEFF.INFO",
        "dataNotAvailable": 65535
      }
    ],
    "ASSOC": [
      {
        "name": "/MPPT/ASSOC/CFG_DC_INPUT",
        "regtype": "uint16",
        "access": "rw",
        "type": "Config",
        "shortname": "DC Input Association (PV)",
        "inputType": "dropdown",
        "scale": 1.0,
        "offset": 0.0,
        "safeMode": true,
        "read": [
          "user01",
          "user02",
          "user03"
        ],
        "write": [
          "user01"
        ],
        "enumRef": "MPPT.ASSOC.CFG_DC_INPUT.ENUM",
        "nameRef": "MPPT.ASSOC.CFG_DC_INPUT.SHORTNAME",
        "infoRef": "MPPT.ASSOC.CFG_DC_INPUT.INFO",
        "dataNotAvailable": 65535
      },
      {
        "name": "/MPPT/ASSOC/CFG_DC_OUTPUT",
        "regtype": "uint16",
        "access": "rw",
        "type": "Config",
        "shortname": "Battery Association",
        "inputType": "dropdown",
        "scale": 1.0,
        "offset": 0.0,
        "safeMode": true,
        "read": [
          "user01",
          "user02",
          "user03"
        ],
        "write": [
          "user01"
        ],
        "enumRef": "MPPT.ASSOC.CFG_DC_OUTPUT.ENUM",
        "nameRef": "MPPT.ASSOC.CFG_DC_OUTPUT.SHORTNAME",
        "infoRef": "MPPT.ASSOC.CFG_DC_OUTPUT.INFO",
        "dataNotAvailable": 65535
      }
    ],
    "AUX": [
      {
        "name": "/MPPT/AUX/CFG_ACTIVE_LEVEL",
        "regtype": "uint16",
        "access": "rw",
        "type": "Config",
        "shortname": "Auxiliary Output Active Level",
        "inputType": "switch",
        "scale": 1.0,
        "offset": 0.0,
        "read": [
          "user01",
          "user02",
          "user03"
        ],
        "write": [
          "user01"
        ],
        "enumRef": "MPPT.AUX.CFG_ACTIVE_LEVEL.ENUM",
        "nameRef": "MPPT.AUX.CFG_ACTIVE_LEVEL.SHORTNAME",
        "infoRef": "MPPT.AUX.CFG_ACTIVE_LEVEL.INFO",
        "dataNotAvailable": 65535
      },
      {
        "name": "/MPPT/AUX/CFG_V",
        "regtype": "uint32",
        "access": "rw",
        "type": "Config",
        "shortname": "Auxiliary Output Voltage",
        "inputType": "slider",
        "scale": 0.001,
        "offset": 0.0,
        "units": "V",
        "read": [
          "user01",
          "user02",
          "user03"
        ],
        "write": [
          "user01"
        ],
        "sliderStep": 0.001,
        "min": "/MPPT/AUX/CFG_V_MIN",
        "max": "/MPPT/AUX/CFG_V_MAX",
        "nameRef": "MPPT.AUX.CFG_V.SHORTNAME",
        "infoRef": "MPPT.AUX.CFG_V.INFO",
        "dataNotAvailable": 4294967295
      },
      {
        "name": "/MPPT/AUX/CFG_TRIGGER_SOURCE",
        "regtype": "uint16",
        "access": "rw",
        "type": "Config",
        "shortname": "Auxiliary Output Trigger Source",
        "inputType": "dropdown",
        "scale": 1.0,
        "offset": 0.0,
        "read": [
          "user01",
          "user02",
          "user03"
        ],
        "write": [
          "user01"
        ],
        "enumRef": "MPPT.AUX.CFG_TRIGGER_SOURCE.ENUM",
        "nameRef": "MPPT.AUX.CFG_TRIGGER_SOURCE.SHORTNAME",
        "infoRef": "MPPT.AUX.CFG_TRIGGER_SOURCE.INFO",
        "dataNotAvailable": 65535
      },
      {
        "name": "/MPPT/AUX/CFG_BATT_LOW_TRIG_SET_V",
        "regtype": "uint32",
        "access": "rw",
        "type": "Config",
        "shortname": "Low Battery Voltage Trigger Set",
        "inputType": "slider",
        "scale": 0.001,
        "offset": 0.0,
        "units": "V",
        "read": [
          "user01",
          "user02",
          "user03"
        ],
        "write": [
          "user01"
        ],
        "sliderStep": 0.001,
        "min": "/MPPT/AUX/CFG_BATT_LOW_TRIG_SET_V_MIN",
        "max": "/MPPT/AUX/CFG_BATT_LOW_TRIG_SET_V_MAX",
        "nameRef": "MPPT.AUX.CFG_BATT_LOW_TRIG_SET_V.SHORTNAME",
        "infoRef": "MPPT.AUX.CFG_BATT_LOW_TRIG_SET_V.INFO",
        "dataNotAvailable": 4294967295
      },
      {
        "name": "/MPPT/AUX/CFG_BATT_LOW_TRIG_SET_DELAY",
        "regtype": "uint16",
        "access": "rw",
        "type": "Config",
        "shortname": "Low Battery Voltage Trigger Set Delay",
        "inputType": "slider",
        "scale": 0.01,
        "offset": 0.0,
        "units": "s",
        "read": [
          "user01",
          "user02",
          "user03"
        ],
        "write": [
          "user01"
        ],
        "sliderStep": 0.01,
        "min": "/MPPT/AUX/CFG_BATT_LOW_TRIG_SET_DELAY_MIN",
        "max": "/MPPT/AUX/CFG_BATT_LOW_TRIG_SET_DELAY_MAX",
        "nameRef": "MPPT.AUX.CFG_BATT_LOW_TRIG_SET_DELAY.SHORTNAME",
        "infoRef": "MPPT.AUX.CFG_BATT_LOW_TRIG_SET_DELAY.INFO",
        "dataNotAvailable": 65535
      },
      {
        "name": "/MPPT/AUX/CFG_BATT_LOW_TRIG_CLEAR_V",
        "regtype": "uint32",
        "access": "rw",
        "type": "Config",
        "shortname": "Low Battery Voltage Trigger Clear",
        "inputType": "slider",
        "scale": 0.001,
        "offset": 0.0,
        "units": "V",
        "read": [
          "user01",
          "user02",
          "user03"
        ],
        "write": [
          "user01"
        ],
        "sliderStep": 0.001,
        "min": "/MPPT/AUX/CFG_BATT_LOW_TRIG_CLEAR_V_MIN",
        "max": "/MPPT/AUX/CFG_BATT_LOW_TRIG_CLEAR_V_MAX",
        "nameRef": "MPPT.AUX.CFG_BATT_LOW_TRIG_CLEAR_V.SHORTNAME",
        "infoRef": "MPPT.AUX.CFG_BATT_LOW_TRIG_CLEAR_V.INFO",
        "dataNotAvailable": 4294967295
      },
      {
        "name": "/MPPT/AUX/CFG_BATT_LOW_TRIG_CLEAR_DELAY",
        "regtype": "uint16",
        "access": "rw",
        "type": "Config",
        "shortname": "Low Battery Voltage Trigger Clear Delay",
        "inputType": "slider",
        "scale": 0.01,
        "offset": 0.0,
        "units": "s",
        "read": [
          "user01",
          "user02",
          "user03"
        ],
        "write": [
          "user01"
        ],
        "sliderStep": 0.01,
        "min": "/MPPT/AUX/CFG_BATT_LOW_TRIG_CLEAR_DELAY_MIN",
        "max": "/MPPT/AUX/CFG_BATT_LOW_TRIG_CLEAR_DELAY_MAX",
        "nameRef": "MPPT.AUX.CFG_BATT_LOW_TRIG_CLEAR_DELAY.SHORTNAME",
        "infoRef": "MPPT.AUX.CFG_BATT_LOW_TRIG_CLEAR_DELAY.INFO",
        "dataNotAvailable": 65535
      },
      {
        "name": "/MPPT/AUX/CFG_BATT_HIGH_TRIG_SET_V",
        "regtype": "uint32",
        "access": "rw",
        "type": "Config",
        "shortname": "High Battery Voltage Trigger Set",
        "inputType": "slider",
        "scale": 0.001,
        "offset": 0.0,
        "units": "V",
        "read": [
          "user01",
          "user02",
          "user03"
        ],
        "write": [
          "user01"
        ],
        "sliderStep": 0.001,
        "min": "/MPPT/AUX/CFG_BATT_HIGH_TRIG_SET_V_MIN",
        "max": "/MPPT/AUX/CFG_BATT_HIGH_TRIG_SET_V_MAX",
        "nameRef": "MPPT.AUX.CFG_BATT_HIGH_TRIG_SET_V.SHORTNAME",
        "infoRef": "MPPT.AUX.CFG_BATT_HIGH_TRIG_SET_V.INFO",
        "dataNotAvailable": 4294967295
      },
      {
        "name": "/MPPT/AUX/CFG_BATT_HIGH_TRIG_SET_DELAY",
        "regtype": "uint16",
        "access": "rw",
        "type": "Config",
        "shortname": "High Battery Voltage Trigger Set Delay",
        "inputType": "slider",
        "scale": 0.01,
        "offset": 0.0,
        "units": "s",
        "read": [
          "user01",
          "user02",
          "user03"
        ],
        "write": [
          "user01"
        ],
        "sliderStep": 0.01,
        "min": "/MPPT/AUX/CFG_BATT_HIGH_TRIG_SET_DELAY_MIN",
        "max": "/MPPT/AUX/CFG_BATT_HIGH_TRIG_SET_DELAY_MAX",
        "nameRef": "MPPT.AUX.CFG_BATT_HIGH_TRIG_SET_DELAY.SHORTNAME",
        "infoRef": "MPPT.AUX.CFG_BATT_HIGH_TRIG_SET_DELAY.INFO",
        "dataNotAvailable": 65535
      },
      {
        "name": "/MPPT/AUX/CFG_BATT_HIGH_TRIG_CLEAR_V",
        "regtype": "uint32",
        "access": "rw",
        "type": "Config",
        "shortname": "High Battery Voltage Trigger Clear",
        "inputType": "slider",
        "scale": 0.001,
        "offset": 0.0,
        "units": "V",
        "read": [
          "user01",
          "user02",
          "user03"
        ],
        "write": [
          "user01"
        ],
        "sliderStep": 0.001,
        "min": "/MPPT/AUX/CFG_BATT_HIGH_TRIG_CLEAR_V_MIN",
        "max": "/MPPT/AUX/CFG_BATT_HIGH_TRIG_CLEAR_V_MAX",
        "nameRef": "MPPT.AUX.CFG_BATT_HIGH_TRIG_CLEAR_V.SHORTNAME",
        "infoRef": "MPPT.AUX.CFG_BATT_HIGH_TRIG_CLEAR_V.INFO",
        "dataNotAvailable": 4294967295
      },
      {
        "name": "/MPPT/AUX/CFG_BATT_HIGH_TRIG_CLEAR_DELAY",
        "regtype": "uint16",
        "access": "rw",
        "type": "Config",
        "shortname": "High Battery Voltage Trigger Clear Delay",
        "inputType": "slider",
        "scale": 0.01,
        "offset": 0.0,
        "units": "s",
        "read": [
          "user01",
          "user02",
          "user03"
        ],
        "write": [
          "user01"
        ],
        "sliderStep": 0.01,
        "min": "/MPPT/AUX/CFG_BATT_HIGH_TRIG_CLEAR_DELAY_MIN",
        "max": "/MPPT/AUX/CFG_BATT_HIGH_TRIG_CLEAR_DELAY_MAX",
        "nameRef": "MPPT.AUX.CFG_BATT_HIGH_TRIG_CLEAR_DELAY.SHORTNAME",
        "infoRef": "MPPT.AUX.CFG_BATT_HIGH_TRIG_CLEAR_DELAY.INFO",
        "dataNotAvailable": 65535
      },
      {
        "name": "/MPPT/AUX/CFG_ARRAY_HIGH_TRIG_SET_V",
        "regtype": "uint32",
        "access": "rw",
        "type": "Config",
        "shortname": "High Array Voltage Trigger Set",
        "inputType": "slider",
        "scale": 0.001,
        "offset": 0.0,
        "units": "V",
        "read": [
          "user01",
          "user02",
          "user03"
        ],
        "write": [
          "user01"
        ],
        "sliderStep": 0.001,
        "min": "/MPPT/AUX/CFG_ARRAY_HIGH_TRIG_SET_V_MIN",
        "max": "/MPPT/AUX/CFG_ARRAY_HIGH_TRIG_SET_V_MAX",
        "nameRef": "MPPT.AUX.CFG_ARRAY_HIGH_TRIG_SET_V.SHORTNAME",
        "infoRef": "MPPT.AUX.CFG_ARRAY_HIGH_TRIG_SET_V.INFO",
        "dataNotAvailable": 4294967295
      },
      {
        "name": "/MPPT/AUX/CFG_ARRAY_HIGH_TRIG_SET_DELAY",
        "regtype": "uint16",
        "access": "rw",
        "type": "Config",
        "shortname": "High Array Voltage Trigger Set Delay",
        "inputType": "slider",
        "scale": 0.01,
        "offset": 0.0,
        "units": "s",
        "read": [
          "user01",
          "user02",
          "user03"
        ],
        "write": [
          "user01"
        ],
        "sliderStep": 0.01,
        "min": "/MPPT/AUX/CFG_ARRAY_HIGH_TRIG_SET_DELAY_MIN",
        "max": "/MPPT/AUX/CFG_ARRAY_HIGH_TRIG_SET_DELAY_MAX",
        "nameRef": "MPPT.AUX.CFG_ARRAY_HIGH_TRIG_SET_DELAY.SHORTNAME",
        "infoRef": "MPPT.AUX.CFG_ARRAY_HIGH_TRIG_SET_DELAY.INFO",
        "dataNotAvailable": 65535
      },
      {
        "name": "/MPPT/AUX/CFG_ARRAY_HIGH_TRIG_CLEAR_V",
        "regtype": "uint32",
        "access": "rw",
        "type": "Config",
        "shortname": "High Array Voltage Trigger Clear",
        "inputType": "slider",
        "scale": 0.001,
        "offset": 0.0,
        "units": "V",
        "read": [
          "user01",
          "user02",
          "user03"
        ],
        "write": [
          "user01"
        ],
        "sliderStep": 0.001,
        "min": "/MPPT/AUX/CFG_ARRAY_HIGH_TRIG_CLEAR_V_MIN",
        "max": "/MPPT/AUX/CFG_ARRAY_HIGH_TRIG_CLEAR_V_MAX",
        "nameRef": "MPPT.AUX.CFG_ARRAY_HIGH_TRIG_CLEAR_V.SHORTNAME",
        "infoRef": "MPPT.AUX.CFG_ARRAY_HIGH_TRIG_CLEAR_V.INFO",
        "dataNotAvailable": 4294967295
      },
      {
        "name": "/MPPT/AUX/CFG_ARRAY_HIGH_TRIG_CLEAR_DELAY",
        "regtype": "uint16",
        "access": "rw",
        "type": "Config",
        "shortname": "High Array Voltage Trigger Clear Delay",
        "inputType": "slider",
        "scale": 0.01,
        "offset": 0.0,
        "units": "s",
        "read": [
          "user01",
          "user02",
          "user03"
        ],
        "write": [
          "user01"
        ],
        "sliderStep": 0.01,
        "min": "/MPPT/AUX/CFG_ARRAY_HIGH_TRIG_CLEAR_DELAY_MIN",
        "max": "/MPPT/AUX/CFG_ARRAY_HIGH_TRIG_CLEAR_DELAY_MAX",
        "nameRef": "MPPT.AUX.CFG_ARRAY_HIGH_TRIG_CLEAR_DELAY.SHORTNAME",
        "infoRef": "MPPT.AUX.CFG_ARRAY_HIGH_TRIG_CLEAR_DELAY.INFO",
        "dataNotAvailable": 65535
      },
      {
        "name": "/MPPT/AUX/CFG_TEMP_LOW_TRIG_SET",
        "regtype": "uint32",
        "access": "rw",
        "type": "Config",
        "shortname": "Low Battery Temperature Trigger Set",
        "inputType": "slider",
        "scale": 0.001,
        "offset": -273.0,
        "units": "degC",
        "read": [
          "user01",
          "user02",
          "user03"
        ],
        "write": [
          "user01"
        ],
        "sliderStep": 0.001,
        "min": "/MPPT/AUX/CFG_TEMP_LOW_TRIG_SET_MIN",
        "max": "/MPPT/AUX/CFG_TEMP_LOW_TRIG_SET_MAX",
        "nameRef": "MPPT.AUX.CFG_TEMP_LOW_TRIG_SET.SHORTNAME",
        "infoRef": "MPPT.AUX.CFG_TEMP_LOW_TRIG_SET.INFO",
        "dataNotAvailable": 4294967295
      },
      {
        "name": "/MPPT/AUX/CFG_TEMP_LOW_TRIG_SET_DELAY",
        "regtype": "uint16",
        "access": "rw",
        "type": "Config",
        "shortname": "Low Battery Temperature Trigger Set Delay",
        "inputType": "slider",
        "scale": 0.01,
        "offset": 0.0,
        "units": "s",
        "read": [
          "user01",
          "user02",
          "user03"
        ],
        "write": [
          "user01"
        ],
        "sliderStep": 0.01,
        "min": "/MPPT/AUX/CFG_TEMP_LOW_TRIG_SET_DELAY_MIN",
        "max": "/MPPT/AUX/CFG_TEMP_LOW_TRIG_SET_DELAY_MAX",
        "nameRef": "MPPT.AUX.CFG_TEMP_LOW_TRIG_SET_DELAY.SHORTNAME",
        "infoRef": "MPPT.AUX.CFG_TEMP_LOW_TRIG_SET_DELAY.INFO",
        "dataNotAvailable": 65535
      },
      {
        "name": "/MPPT/AUX/CFG_TEMP_LOW_TRIG_CLEAR",
        "regtype": "uint32",
        "access": "rw",
        "type": "Config",
        "shortname": "Low Battery Temperature Trigger Clear",
        "inputType": "slider",
        "scale": 0.001,
        "offset": -273.0,
        "units": "degC",
        "read": [
          "user01",
          "user02",
          "user03"
        ],
        "write": [
          "user01"
        ],
        "sliderStep": 0.001,
        "min": "/MPPT/AUX/CFG_TEMP_LOW_TRIG_CLEAR_MIN",
        "max": "/MPPT/AUX/CFG_TEMP_LOW_TRIG_CLEAR_MAX",
        "nameRef": "MPPT.AUX.CFG_TEMP_LOW_TRIG_CLEAR.SHORTNAME",
        "infoRef": "MPPT.AUX.CFG_TEMP_LOW_TRIG_CLEAR.INFO",
        "dataNotAvailable": 4294967295
      },
      {
        "name": "/MPPT/AUX/CFG_TEMP_LOW_TRIG_CLEAR_DELAY",
        "regtype": "uint16",
        "access": "rw",
        "type": "Config",
        "shortname": "Low Battery Temperature Trigger Clear Delay",
        "inputType": "slider",
        "scale": 0.01,
        "offset": 0.0,
        "units": "s",
        "read": [
          "user01",
          "user02",
          "user03"
        ],
        "write": [
          "user01"
        ],
        "sliderStep": 0.01,
        "min": "/MPPT/AUX/CFG_TEMP_LOW_TRIG_CLEAR_DELAY_MIN",
        "max": "/MPPT/AUX/CFG_TEMP_LOW_TRIG_CLEAR_DELAY_MAX",
        "nameRef": "MPPT.AUX.CFG_TEMP_LOW_TRIG_CLEAR_DELAY.SHORTNAME",
        "infoRef": "MPPT.AUX.CFG_TEMP_LOW_TRIG_CLEAR_DELAY.INFO",
        "dataNotAvailable": 65535
      },
      {
        "name": "/MPPT/AUX/CFG_TEMP_HIGH_TRIG_SET",
        "regtype": "uint32",
        "access": "rw",
        "type": "Config",
        "shortname": "High Battery Temperature Trigger Set",
        "inputType": "slider",
        "scale": 0.001,
        "offset": -273.0,
        "units": "degC",
        "read": [
          "user01",
          "user02",
          "user03"
        ],
        "write": [
          "user01"
        ],
        "sliderStep": 0.001,
        "min": "/MPPT/AUX/CFG_TEMP_HIGH_TRIG_SET_MIN",
        "max": "/MPPT/AUX/CFG_TEMP_HIGH_TRIG_SET_MAX",
        "nameRef": "MPPT.AUX.CFG_TEMP_HIGH_TRIG_SET.SHORTNAME",
        "infoRef": "MPPT.AUX.CFG_TEMP_HIGH_TRIG_SET.INFO",
        "dataNotAvailable": 4294967295
      },
      {
        "name": "/MPPT/AUX/CFG_TEMP_HIGH_TRIG_SET_DELAY",
        "regtype": "uint16",
        "access": "rw",
        "type": "Config",
        "shortname": "High Battery Temperature Trigger Set Delay",
        "inputType": "slider",
        "scale": 0.01,
        "offset": 0.0,
        "units": "s",
        "read": [
          "user01",
          "user02",
          "user03"
        ],
        "write": [
          "user01"
        ],
        "sliderStep": 0.01,
        "min": "/MPPT/AUX/CFG_TEMP_HIGH_TRIG_SET_DELAY_MIN",
        "max": "/MPPT/AUX/CFG_TEMP_HIGH_TRIG_SET_DELAY_MAX",
        "nameRef": "MPPT.AUX.CFG_TEMP_HIGH_TRIG_SET_DELAY.SHORTNAME",
        "infoRef": "MPPT.AUX.CFG_TEMP_HIGH_TRIG_SET_DELAY.INFO",
        "dataNotAvailable": 65535
      },
      {
        "name": "/MPPT/AUX/CFG_TEMP_HIGH_TRIG_CLEAR",
        "regtype": "uint32",
        "access": "rw",
        "type": "Config",
        "shortname": "High Battery Temperature Trigger Clear",
        "inputType": "slider",
        "scale": 0.001,
        "offset": -273.0,
        "units": "degC",
        "read": [
          "user01",
          "user02",
          "user03"
        ],
        "write": [
          "user01"
        ],
        "sliderStep": 0.001,
        "min": "/MPPT/AUX/CFG_TEMP_HIGH_TRIG_CLEAR_MIN",
        "max": "/MPPT/AUX/CFG_TEMP_HIGH_TRIG_CLEAR_MAX",
        "nameRef": "MPPT.AUX.CFG_TEMP_HIGH_TRIG_CLEAR.SHORTNAME",
        "infoRef": "MPPT.AUX.CFG_TEMP_HIGH_TRIG_CLEAR.INFO",
        "dataNotAvailable": 4294967295
      },
      {
        "name": "/MPPT/AUX/CFG_TEMP_HIGH_TRIG_CLEAR_DELAY",
        "regtype": "uint16",
        "access": "rw",
        "type": "Config",
        "shortname": "High Battery Temperature Trigger Clear Delay",
        "inputType": "slider",
        "scale": 0.01,
        "offset": 0.0,
        "units": "s",
        "read": [
          "user01",
          "user02",
          "user03"
        ],
        "write": [
          "user01"
        ],
        "sliderStep": 0.01,
        "min": "/MPPT/AUX/CFG_TEMP_HIGH_TRIG_CLEAR_DELAY_MIN",
        "max": "/MPPT/AUX/CFG_TEMP_HIGH_TRIG_CLEAR_DELAY_MAX",
        "nameRef": "MPPT.AUX.CFG_TEMP_HIGH_TRIG_CLEAR_DELAY.SHORTNAME",
        "infoRef": "MPPT.AUX.CFG_TEMP_HIGH_TRIG_CLEAR_DELAY.INFO",
        "dataNotAvailable": 65535
      },
      {
        "name": "/MPPT/AUX/CFG_HS_TEMP_HIGH_TRIG_SET",
        "regtype": "uint32",
        "access": "rw",
        "type": "Config",
        "shortname": "High Heatsink Temperature Trigger Set",
        "inputType": "slider",
        "scale": 0.001,
        "offset": -273.0,
        "units": "degC",
        "read": [
          "user01",
          "user02",
          "user03"
        ],
        "write": [
          "user01"
        ],
        "sliderStep": 0.001,
        "min": "/MPPT/AUX/CFG_HS_TEMP_HIGH_TRIG_SET_MIN",
        "max": "/MPPT/AUX/CFG_HS_TEMP_HIGH_TRIG_SET_MAX",
        "nameRef": "MPPT.AUX.CFG_HS_TEMP_HIGH_TRIG_SET.SHORTNAME",
        "infoRef": "MPPT.AUX.CFG_HS_TEMP_HIGH_TRIG_SET.INFO",
        "dataNotAvailable": 4294967295
      },
      {
        "name": "/MPPT/AUX/CFG_HS_TEMP_HIGH_TRIG_SET_DELAY",
        "regtype": "uint16",
        "access": "rw",
        "type": "Config",
        "shortname": "High Heatsink Temperature Trigger Set Delay",
        "inputType": "slider",
        "scale": 0.01,
        "offset": 0.0,
        "units": "s",
        "read": [
          "user01",
          "user02",
          "user03"
        ],
        "write": [
          "user01"
        ],
        "sliderStep": 0.01,
        "min": "/MPPT/AUX/CFG_HS_TEMP_HIGH_TRIG_SET_DELAY_MIN",
        "max": "/MPPT/AUX/CFG_HS_TEMP_HIGH_TRIG_SET_DELAY_MAX",
        "nameRef": "MPPT.AUX.CFG_HS_TEMP_HIGH_TRIG_SET_DELAY.SHORTNAME",
        "infoRef": "MPPT.AUX.CFG_HS_TEMP_HIGH_TRIG_SET_DELAY.INFO",
        "dataNotAvailable": 65535
      },
      {
        "name": "/MPPT/AUX/CFG_HS_TEMP_HIGH_TRIG_CLEAR",
        "regtype": "uint32",
        "access": "rw",
        "type": "Config",
        "shortname": "High Heatsink Temperature Trigger Clear",
        "inputType": "slider",
        "scale": 0.001,
        "offset": -273.0,
        "units": "degC",
        "read": [
          "user01",
          "user02",
          "user03"
        ],
        "write": [
          "user01"
        ],
        "sliderStep": 0.001,
        "min": "/MPPT/AUX/CFG_HS_TEMP_HIGH_TRIG_CLEAR_MIN",
        "max": "/MPPT/AUX/CFG_HS_TEMP_HIGH_TRIG_CLEAR_MAX",
        "nameRef": "MPPT.AUX.CFG_HS_TEMP_HIGH_TRIG_CLEAR.SHORTNAME",
        "infoRef": "MPPT.AUX.CFG_HS_TEMP_HIGH_TRIG_CLEAR.INFO",
        "dataNotAvailable": 4294967295
      },
      {
        "name": "/MPPT/AUX/CFG_HS_TEMP_HIGH_TRIG_CLEAR_DELAY",
        "regtype": "uint16",
        "access": "rw",
        "type": "Config",
        "shortname": "High Heatsink Temperature Trigger Clear Delay",
        "inputType": "slider",
        "scale": 0.01,
        "offset": 0.0,
        "units": "s",
        "read": [
          "user01",
          "user02",
          "user03"
        ],
        "write": [
          "user01"
        ],
        "sliderStep": 0.01,
        "min": "/MPPT/AUX/CFG_HS_TEMP_HIGH_TRIG_CLEAR_DELAY_MIN",
        "max": "/MPPT/AUX/CFG_HS_TEMP_HIGH_TRIG_CLEAR_DELAY_MAX",
        "nameRef": "MPPT.AUX.CFG_HS_TEMP_HIGH_TRIG_CLEAR_DELAY.SHORTNAME",
        "infoRef": "MPPT.AUX.CFG_HS_TEMP_HIGH_TRIG_CLEAR_DELAY.INFO",
        "dataNotAvailable": 65535
      }
    ],
    "LPHD": [
      {
        "name": "/MPPT/LPHD/CFG_DEVICE_NAME",
        "regtype": "str16",
        "access": "rw",
        "type": "Config",
        "shortname": "Device Name",
        "inputType": "textbox",
        "read": [
          "user01",
          "user02",
          "user03"
        ],
        "write": [
          "user01"
        ],
        "nameRef": "MPPT.LPHD.CFG_DEVICE_NAME.SHORTNAME",
        "infoRef": "MPPT.LPHD.CFG_DEVICE_NAME.INFO"
      },
      {
        "name": "/MPPT/LPHD/CFG_DEVICE_INSTANCE",
        "regtype": "uint16",
        "access": "rw",
        "type": "Config",
        "shortname": "Device Number",
        "inputType": "textbox",
        "scale": 1.0,
        "offset": 0.0,
        "read": [
          "user01",
          "user02",
          "user03"
        ],
        "write": [
          "user01"
        ],
        "nameRef": "MPPT.LPHD.CFG_DEVICE_INSTANCE.SHORTNAME",
        "infoRef": "MPPT.LPHD.CFG_DEVICE_INSTANCE.INFO",
        "dataNotAvailable": 65535
      },
      {
        "name": "/MPPT/LPHD/CFG_SYSTEM_INSTANCE",
        "regtype": "uint16",
        "access": "rw",
        "type": "Config",
        "shortname": "System Instance",
        "inputType": "textbox",
        "scale": 1.0,
        "offset": 0.0,
        "read": [
          "user01",
          "user02",
          "user03"
        ],
        "write": [
          "user01"
        ],
        "nameRef": "MPPT.LPHD.CFG_SYSTEM_INSTANCE.SHORTNAME",
        "infoRef": "MPPT.LPHD.CFG_SYSTEM_INSTANCE.INFO",
        "dataNotAvailable": 65535
      }
    ]
  }
}