{
  "SCP2": {
    "Control": [
      {
        "name": "/SCP2/DEV/CFG_RESET",
        "regtype": "uint16",
        "access": "rw",
        "type": "Control",
        "shortname": "Reset",
        "inputType": "dropdown",
        "scale": 1.0,
        "offset": 0.0,
        "read": [
          "user01",
          "user02",
          "user03"
        ],
        "write": [
          "user01"
        ],
        "enumRef": "SCP2.DEV.CFG_RESET.ENUM",
        "nameRef": "SCP2.DEV.CFG_RESET.SHORTNAME",
        "infoRef": "SCP2.DEV.CFG_RESET.INFO",
        "dataNotAvailable": 65535
      },
      {
        "name": "/SCP2/DEV/CFG_OPMODE",
        "regtype": "uint16",
        "access": "rw",
        "type": "Control",
        "shortname": "Operating Mode",
        "inputType": "dropdown",
        "scale": 1.0,
        "offset": 0.0,
        "read": [
          "user01",
          "user02",
          "user03"
        ],
        "write": [
          "user01"
        ],
        "basic": true,
        "enumRef": "SCP2.DEV.CFG_OPMODE.ENUM",
        "nameRef": "SCP2.DEV.CFG_OPMODE.SHORTNAME",
        "infoRef": "SCP2.DEV.CFG_OPMODE.INFO",
        "dataNotAvailable": 65535
      },
      {
        "name": "/SCP2/DEV/CFG_CLEAR",
        "regtype": "uint16",
        "access": "rw",
        "type": "Control",
        "shortname": "Clear",
        "inputType": "dropdown",
        "scale": 1.0,
        "offset": 0.0,
        "read": [
          "user01",
          "user02",
          "user03"
        ],
        "write": [
          "user01"
        ],
        "enumRef": "SCP2.DEV.CFG_CLEAR.ENUM",
        "nameRef": "SCP2.DEV.CFG_CLEAR.SHORTNAME",
        "infoRef": "SCP2.DEV.CFG_CLEAR.INFO",
        "dataNotAvailable": 65535
      },
      {
        "name": "/SCP2/CFG/REFRESH",
        "regtype": "uint16",
        "access": "rw",
        "type": "Control",
        "shortname": "Refresh Configuration Data",
        "inputType": "dropdown",
        "scale": 1.0,
        "offset": 0.0,
        "read": [
          "user01",
          "user02",
          "user03"
        ],
        "write": [
          "user01"
        ],
        "enumRef": "SCP2.CFG.REFRESH.ENUM",
        "nameRef": "SCP2.CFG.REFRESH.SHORTNAME",
        "infoRef": "SCP2.CFG.REFRESH.INFO",
        "dataNotAvailable": 65535
      }
    ],
    "BUTTON": [
      {
        "name": "/SCP2/BUTTON/CFG_BEEP",
        "regtype": "uint16",
        "access": "rw",
        "type": "Config",
        "shortname": "Button Beep",
        "inputType": "switch",
        "scale": 1.0,
        "offset": 0.0,
        "critical": true,
        "read": [
          "user01",
          "user02",
          "user03"
        ],
        "write": [
          "user01"
        ],
        "enumRef": "SCP2.BUTTON.CFG_BEEP.ENUM",
        "nameRef": "SCP2.BUTTON.CFG_BEEP.SHORTNAME",
        "infoRef": "SCP2.BUTTON.CFG_BEEP.INFO",
        "dataNotAvailable": 65535
      }
    ],
    "TIME": [
      {
        "name": "/SCP2/TIME/CFG_FORMAT",
        "regtype": "uint16",
        "access": "rw",
        "type": "Config",
        "shortname": "Time Format",
        "inputType": "switch",
        "scale": 1.0,
        "offset": 0.0,
        "read": [
          "user01",
          "user02",
          "user03"
        ],
        "write": [
          "user01"
        ],
        "enumRef": "SCP2.TIME.CFG_FORMAT.ENUM",
        "nameRef": "SCP2.TIME.CFG_FORMAT.SHORTNAME",
        "infoRef": "SCP2.TIME.CFG_FORMAT.INFO",
        "dataNotAvailable": 65535
      }
    ],
    "FLT": [
      {
        "name": "/SCP2/FLT/CFG_ALARM",
        "regtype": "uint16",
        "access": "rw",
        "type": "Config",
        "shortname": "Fault Alarm",
        "inputType": "switch",
        "scale": 1.0,
        "offset": 0.0,
        "critical": true,
        "read": [
          "user01",
          "user02",
          "user03"
        ],
        "write": [
          "user01"
        ],
        "basic": true,
        "enumRef": "SCP2.FLT.CFG_ALARM.ENUM",
        "nameRef": "SCP2.FLT.CFG_ALARM.SHORTNAME",
        "infoRef": "SCP2.FLT.CFG_ALARM.INFO",
        "dataNotAvailable": 65535
      }
    ],
    "DEV": [
      {
        "name": "/SCP2/DEV/CFG_PERIODIC_TRANSMIT_ENABLE",
        "regtype": "uint16",
        "access": "rw",
        "type": "Config",
        "shortname": "Periodic Transmit Enable",
        "inputType": "switch",
        "scale": 1.0,
        "offset": 0.0,
        "critical": true,
        "read": [
          "user01",
          "user02",
          "user03"
        ],
        "write": [
          "user01"
        ],
        "enumRef": "SCP2.DEV.CFG_PERIODIC_TRANSMIT_ENABLE.ENUM",
        "nameRef": "SCP2.DEV.CFG_PERIODIC_TRANSMIT_ENABLE.SHORTNAME",
        "infoRef": "SCP2.DEV.CFG_PERIODIC_TRANSMIT_ENABLE.INFO",
        "dataNotAvailable": 65535
      },
      {
        "name": "/SCP2/DEV/CFG_IDENTIFY_ENABLE",
        "regtype": "uint16",
        "access": "rw",
        "type": "Config",
        "shortname": "Identify Enable",
        "inputType": "switch",
        "scale": 1.0,
        "offset": 0.0,
        "read": [
          "user01",
          "user02",
          "user03"
        ],
        "write": [
          "user01"
        ],
        "enumRef": "SCP2.DEV.CFG_IDENTIFY_ENABLE.ENUM",
        "nameRef": "SCP2.DEV.CFG_IDENTIFY_ENABLE.SHORTNAME",
        "infoRef": "SCP2.DEV.CFG_IDENTIFY_ENABLE.INFO",
        "dataNotAvailable": 65535
      }
    ],
    "MEASUREMENT": [
      {
        "name": "/SCP2/MEASUREMENT/CFG_UNIT",
        "regtype": "uint16",
        "access": "rw",
        "type": "Config",
        "shortname": "Set Degrees",
        "inputType": "switch",
        "scale": 1.0,
        "offset": 0.0,
        "read": [
          "user01",
          "user02",
          "user03"
        ],
        "write": [
          "user01"
        ],
        "enumRef": "SCP2.MEASUREMENT.CFG_UNIT.ENUM",
        "nameRef": "SCP2.MEASUREMENT.CFG_UNIT.SHORTNAME",
        "infoRef": "SCP2.MEASUREMENT.CFG_UNIT.INFO",
        "dataNotAvailable": 65535
      }
    ],
    "LPHD": [
      {
        "name": "/SCP2/LPHD/CFG_DEVICE_NAME",
        "regtype": "str16",
        "access": "rw",
        "type": "Config",
        "shortname": "Device Name",
        "inputType": "textbox",
        "read": [
          "user01",
          "user02",
          "user03"
        ],
        "write": [
          "user01"
        ],
        "nameRef": "SCP2.LPHD.CFG_DEVICE_NAME.SHORTNAME",
        "infoRef": "SCP2.LPHD.CFG_DEVICE_NAME.INFO"
      },
      {
        "name": "/SCP2/LPHD/CFG_DEVICE_INSTANCE",
        "regtype": "uint16",
        "access": "rw",
        "type": "Config",
        "shortname": "Device Number",
        "inputType": "textbox",
        "scale": 1.0,
        "offset": 0.0,
        "read": [
          "user01",
          "user02",
          "user03"
        ],
        "write": [
          "user01"
        ],
        "nameRef": "SCP2.LPHD.CFG_DEVICE_INSTANCE.SHORTNAME",
        "infoRef": "SCP2.LPHD.CFG_DEVICE_INSTANCE.INFO",
        "dataNotAvailable": 65535
      },
      {
        "name": "/SCP2/LPHD/CFG_SYSTEM_INSTANCE",
        "regtype": "uint16",
        "access": "rw",
        "type": "Config",
        "shortname": "System Instance",
        "inputType": "textbox",
        "scale": 1.0,
        "offset": 0.0,
        "read": [
          "user01",
          "user02",
          "user03"
        ],
        "write": [
          "user01"
        ],
        "nameRef": "SCP2.LPHD.CFG_SYSTEM_INSTANCE.SHORTNAME",
        "infoRef": "SCP2.LPHD.CFG_SYSTEM_INSTANCE.INFO",
        "dataNotAvailable": 65535
      }
    ],
    "DISPLAY": [
      {
        "name": "/SCP2/DISPLAY/CFG_BRIGHTNESS",
        "regtype": "uint16",
        "access": "rw",
        "type": "Config",
        "shortname": "Display Brightness",
        "inputType": "textbox",
        "scale": 1.0,
        "offset": 0.0,
        "read": [
          "user01",
          "user02",
          "user03"
        ],
        "write": [
          "user01"
        ],
        "nameRef": "SCP2.DISPLAY.CFG_BRIGHTNESS.SHORTNAME",
        "infoRef": "SCP2.DISPLAY.CFG_BRIGHTNESS.INFO",
        "dataNotAvailable": 65535
      },
      {
        "name": "/SCP2/DISPLAY/CFG_CONTRAST",
        "regtype": "uint16",
        "access": "rw",
        "type": "Config",
        "shortname": "Display Contrast",
        "inputType": "textbox",
        "scale": 1.0,
        "offset": 0.0,
        "read": [
          "user01",
          "user02",
          "user03"
        ],
        "write": [
          "user01"
        ],
        "nameRef": "SCP2.DISPLAY.CFG_CONTRAST.SHORTNAME",
        "infoRef": "SCP2.DISPLAY.CFG_CONTRAST.INFO",
        "dataNotAvailable": 65535
      }
    ],
    "BACKLIGHT": [
      {
        "name": "/SCP2/BACKLIGHT/CFG_TIMEOUT",
        "regtype": "uint16",
        "access": "rw",
        "type": "Config",
        "shortname": "Backlight Timeout",
        "inputType": "textbox",
        "scale": 1.0,
        "offset": 0.0,
        "critical": true,
        "read": [
          "user01",
          "user02",
          "user03"
        ],
        "write": [
          "user01"
        ],
        "nameRef": "SCP2.BACKLIGHT.CFG_TIMEOUT.SHORTNAME",
        "infoRef": "SCP2.BACKLIGHT.CFG_TIMEOUT.INFO",
        "dataNotAvailable": 65535
      }
    ]
  }
}