{
  "SMP3": {
    "DEV": [
      {
        "name": "/SMP3/DEV/CFG_ASSOCIATION",
        "regtype": "uint16",
        "access": "rw",
        "type": "Config",
        "shortname": "Device Association",
        "inputType": "textbox",
        "scale": 1.0,
        "offset": 0.0,
        "read": [
          "user01",
          "user02",
          "user03"
        ],
        "write": [
          "user01"
        ],
        "nameRef": "SMP3.DEV.CFG_ASSOCIATION.SHORTNAME",
        "infoRef": "SMP3.DEV.CFG_ASSOCIATION.INFO",
        "dataNotAvailable": 65535
      },
      {
        "name": "/SMP3/LPHD/CFG_DEVICE_NAME",
        "regtype": "str16",
        "access": "rw",
        "type": "Config",
        "shortname": "Device Name",
        "inputType": "textbox",
        "read": [
          "user01",
          "user02",
          "user03"
        ],
        "write": [
          "user01"
        ],
        "nameRef": "SMP3.LPHD.CFG_DEVICE_NAME.SHORTNAME",
        "infoRef": "SMP3.LPHD.CFG_DEVICE_NAME.INFO"
      },
      {
        "name": "/SMP3/LPHD/CFG_DEVICE_INSTANCE",
        "regtype": "uint16",
        "access": "rw",
        "type": "Config",
        "shortname": "Device Number",
        "inputType": "textbox",
        "scale": 1.0,
        "offset": 0.0,
        "read": [
          "user01",
          "user02",
          "user03"
        ],
        "write": [
          "user01"
        ],
        "nameRef": "SMP3.LPHD.CFG_DEVICE_INSTANCE.SHORTNAME",
        "infoRef": "SMP3.LPHD.CFG_DEVICE_INSTANCE.INFO",
        "dataNotAvailable": 65535
      }
    ]
  }
}